0 info it worked if it ends with ok
1 verbose cli [
1 verbose cli   '/Users/hanna/.nvm/versions/node/v24.15.0/bin/node',
1 verbose cli   '/Users/hanna/node_modules/.bin/npm',
1 verbose cli   'install'
1 verbose cli ]
2 info using npm@2.15.12
3 info using node@v24.15.0
4 verbose readDependencies loading dependencies from /Users/hanna/Documents/PUMA/puma/package.json
5 verbose install where, deps [
5 verbose install   '/Users/hanna/Documents/PUMA/puma',
5 verbose install   [
5 verbose install     '@expo/ui',
5 verbose install     '@react-navigation/native',
5 verbose install     '@types/react-native',
5 verbose install     'expo',
5 verbose install     'expo-constants',
5 verbose install     'expo-device',
5 verbose install     'expo-font',
5 verbose install     'expo-glass-effect',
5 verbose install     'expo-image',
5 verbose install     'expo-linking',
5 verbose install     'expo-router',
5 verbose install     'expo-splash-screen',
5 verbose install     'expo-status-bar',
5 verbose install     'expo-symbols',
5 verbose install     'expo-system-ui',
5 verbose install     'expo-web-browser',
5 verbose install     'react',
5 verbose install     'react-dom',
5 verbose install     'react-native',
5 verbose install     'react-native-gesture-handler',
5 verbose install     'react-native-reanimated',
5 verbose install     'react-native-safe-area-context',
5 verbose install     'react-native-screens',
5 verbose install     'react-native-web',
5 verbose install     'react-native-worklets',
5 verbose install     '@types/react',
5 verbose install     'cross-env',
5 verbose install     'rimraf',
5 verbose install     'typescript'
5 verbose install   ]
5 verbose install ]
6 verbose install where, peers [ '/Users/hanna/Documents/PUMA/puma', [] ]
7 verbose installManyTop reading for lifecycle /Users/hanna/Documents/PUMA/puma/package.json
8 info preinstall puma@1.0.0
9 verbose installManyTop reading scoped package data from /Users/hanna/Documents/PUMA/puma/node_modules/abort-controller/package.json
10 verbose installManyTop reading scoped package data from /Users/hanna/Documents/PUMA/puma/node_modules/accepts/package.json
11 verbose installManyTop reading scoped package data from /Users/hanna/Documents/PUMA/puma/node_modules/acorn/package.json
12 verbose installManyTop reading scoped package data from /Users/hanna/Documents/PUMA/puma/node_modules/agent-base/package.json
13 verbose installManyTop reading scoped package data from /Users/hanna/Documents/PUMA/puma/node_modules/agent-cli-detector/package.json
14 verbose installManyTop reading scoped package data from /Users/hanna/Documents/PUMA/puma/node_modules/anser/package.json
15 verbose installManyTop reading scoped package data from /Users/hanna/Documents/PUMA/puma/node_modules/ansi-escapes/package.json
16 verbose installManyTop reading scoped package data from /Users/hanna/Documents/PUMA/puma/node_modules/ansi-regex/package.json
17 verbose installManyTop reading scoped package data from /Users/hanna/Documents/PUMA/puma/node_modules/ansi-styles/package.json
18 verbose installManyTop reading scoped package data from /Users/hanna/Documents/PUMA/puma/node_modules/arg/package.json
19 verbose installManyTop reading scoped package data from /Users/hanna/Documents/PUMA/puma/node_modules/argparse/package.json
20 verbose installManyTop reading scoped package data from /Users/hanna/Documents/PUMA/puma/node_modules/aria-hidden/package.json
21 verbose installManyTop reading scoped package data from /Users/hanna/Documents/PUMA/puma/node_modules/asap/package.json
22 verbose installManyTop reading scoped package data from /Users/hanna/Documents/PUMA/puma/node_modules/babel-plugin-polyfill-corejs2/package.json
23 verbose installManyTop reading scoped package data from /Users/hanna/Documents/PUMA/puma/node_modules/babel-plugin-polyfill-corejs3/package.json
24 verbose installManyTop reading scoped package data from /Users/hanna/Documents/PUMA/puma/node_modules/babel-plugin-polyfill-regenerator/package.json
25 verbose installManyTop reading scoped package data from /Users/hanna/Documents/PUMA/puma/node_modules/babel-plugin-react-compiler/package.json
26 verbose installManyTop reading scoped package data from /Users/hanna/Documents/PUMA/puma/node_modules/babel-plugin-react-native-web/package.json
27 verbose installManyTop reading scoped package data from /Users/hanna/Documents/PUMA/puma/node_modules/babel-plugin-syntax-hermes-parser/package.json
28 verbose installManyTop reading scoped package data from /Users/hanna/Documents/PUMA/puma/node_modules/babel-plugin-transform-flow-enums/package.json
29 verbose installManyTop reading scoped package data from /Users/hanna/Documents/PUMA/puma/node_modules/babel-preset-expo/package.json
30 verbose installManyTop reading scoped package data from /Users/hanna/Documents/PUMA/puma/node_modules/balanced-match/package.json
31 verbose installManyTop reading scoped package data from /Users/hanna/Documents/PUMA/puma/node_modules/base64-js/package.json
32 verbose installManyTop reading scoped package data from /Users/hanna/Documents/PUMA/puma/node_modules/baseline-browser-mapping/package.json
33 verbose installManyTop reading scoped package data from /Users/hanna/Documents/PUMA/puma/node_modules/big-integer/package.json
34 verbose installManyTop reading scoped package data from /Users/hanna/Documents/PUMA/puma/node_modules/bplist-creator/package.json
35 verbose installManyTop reading scoped package data from /Users/hanna/Documents/PUMA/puma/node_modules/bplist-parser/package.json
36 verbose installManyTop reading scoped package data from /Users/hanna/Documents/PUMA/puma/node_modules/brace-expansion/package.json
37 verbose installManyTop reading scoped package data from /Users/hanna/Documents/PUMA/puma/node_modules/braces/package.json
38 verbose installManyTop reading scoped package data from /Users/hanna/Documents/PUMA/puma/node_modules/browserslist/package.json
39 verbose installManyTop reading scoped package data from /Users/hanna/Documents/PUMA/puma/node_modules/bser/package.json
40 verbose installManyTop reading scoped package data from /Users/hanna/Documents/PUMA/puma/node_modules/buffer-from/package.json
41 verbose installManyTop reading scoped package data from /Users/hanna/Documents/PUMA/puma/node_modules/bytes/package.json
42 verbose installManyTop reading scoped package data from /Users/hanna/Documents/PUMA/puma/node_modules/camelcase/package.json
43 verbose installManyTop reading scoped package data from /Users/hanna/Documents/PUMA/puma/node_modules/caniuse-lite/package.json
44 verbose installManyTop reading scoped package data from /Users/hanna/Documents/PUMA/puma/node_modules/chalk/package.json
45 verbose installManyTop reading scoped package data from /Users/hanna/Documents/PUMA/puma/node_modules/chrome-launcher/package.json
46 verbose installManyTop reading scoped package data from /Users/hanna/Documents/PUMA/puma/node_modules/chromium-edge-launcher/package.json
47 verbose installManyTop reading scoped package data from /Users/hanna/Documents/PUMA/puma/node_modules/ci-info/package.json
48 verbose installManyTop reading scoped package data from /Users/hanna/Documents/PUMA/puma/node_modules/cli-cursor/package.json
49 verbose installManyTop reading scoped package data from /Users/hanna/Documents/PUMA/puma/node_modules/cli-spinners/package.json
50 verbose installManyTop reading scoped package data from /Users/hanna/Documents/PUMA/puma/node_modules/client-only/package.json
51 verbose installManyTop reading scoped package data from /Users/hanna/Documents/PUMA/puma/node_modules/cliui/package.json
52 verbose installManyTop reading scoped package data from /Users/hanna/Documents/PUMA/puma/node_modules/clone/package.json
53 verbose installManyTop reading scoped package data from /Users/hanna/Documents/PUMA/puma/node_modules/color/package.json
54 verbose installManyTop reading scoped package data from /Users/hanna/Documents/PUMA/puma/node_modules/color-convert/package.json
55 verbose installManyTop reading scoped package data from /Users/hanna/Documents/PUMA/puma/node_modules/color-name/package.json
56 verbose installManyTop reading scoped package data from /Users/hanna/Documents/PUMA/puma/node_modules/color-string/package.json
57 verbose installManyTop reading scoped package data from /Users/hanna/Documents/PUMA/puma/node_modules/commander/package.json
58 verbose installManyTop reading scoped package data from /Users/hanna/Documents/PUMA/puma/node_modules/compressible/package.json
59 verbose installManyTop reading scoped package data from /Users/hanna/Documents/PUMA/puma/node_modules/compression/package.json
60 verbose installManyTop reading scoped package data from /Users/hanna/Documents/PUMA/puma/node_modules/connect/package.json
61 verbose installManyTop reading scoped package data from /Users/hanna/Documents/PUMA/puma/node_modules/content-type/package.json
62 verbose installManyTop reading scoped package data from /Users/hanna/Documents/PUMA/puma/node_modules/convert-source-map/package.json
63 verbose installManyTop reading scoped package data from /Users/hanna/Documents/PUMA/puma/node_modules/core-js-compat/package.json
64 verbose installManyTop reading scoped package data from /Users/hanna/Documents/PUMA/puma/node_modules/cross-env/package.json
65 verbose installManyTop reading scoped package data from /Users/hanna/Documents/PUMA/puma/node_modules/cross-fetch/package.json
66 verbose installManyTop reading scoped package data from /Users/hanna/Documents/PUMA/puma/node_modules/cross-spawn/package.json
67 verbose installManyTop reading scoped package data from /Users/hanna/Documents/PUMA/puma/node_modules/css-in-js-utils/package.json
68 verbose installManyTop reading scoped package data from /Users/hanna/Documents/PUMA/puma/node_modules/csstype/package.json
69 verbose installManyTop reading scoped package data from /Users/hanna/Documents/PUMA/puma/node_modules/debug/package.json
70 verbose installManyTop reading scoped package data from /Users/hanna/Documents/PUMA/puma/node_modules/deepmerge/package.json
71 verbose installManyTop reading scoped package data from /Users/hanna/Documents/PUMA/puma/node_modules/defaults/package.json
72 verbose installManyTop reading scoped package data from /Users/hanna/Documents/PUMA/puma/node_modules/depd/package.json
73 verbose installManyTop reading scoped package data from /Users/hanna/Documents/PUMA/puma/node_modules/destroy/package.json
74 verbose installManyTop reading scoped package data from /Users/hanna/Documents/PUMA/puma/node_modules/detect-libc/package.json
75 verbose installManyTop reading scoped package data from /Users/hanna/Documents/PUMA/puma/node_modules/detect-node-es/package.json
76 verbose installManyTop reading scoped package data from /Users/hanna/Documents/PUMA/puma/node_modules/dnssd-advertise/package.json
77 verbose installManyTop reading scoped package data from /Users/hanna/Documents/PUMA/puma/node_modules/ee-first/package.json
78 verbose installManyTop reading scoped package data from /Users/hanna/Documents/PUMA/puma/node_modules/electron-to-chromium/package.json
79 verbose installManyTop reading scoped package data from /Users/hanna/Documents/PUMA/puma/node_modules/emoji-regex/package.json
80 verbose installManyTop reading scoped package data from /Users/hanna/Documents/PUMA/puma/node_modules/encodeurl/package.json
81 verbose installManyTop reading scoped package data from /Users/hanna/Documents/PUMA/puma/node_modules/error-stack-parser/package.json
82 verbose installManyTop reading scoped package data from /Users/hanna/Documents/PUMA/puma/node_modules/es-errors/package.json
83 verbose installManyTop reading scoped package data from /Users/hanna/Documents/PUMA/puma/node_modules/escalade/package.json
84 verbose installManyTop reading scoped package data from /Users/hanna/Documents/PUMA/puma/node_modules/escape-html/package.json
85 verbose installManyTop reading scoped package data from /Users/hanna/Documents/PUMA/puma/node_modules/escape-string-regexp/package.json
86 verbose installManyTop reading scoped package data from /Users/hanna/Documents/PUMA/puma/node_modules/etag/package.json
87 verbose installManyTop reading scoped package data from /Users/hanna/Documents/PUMA/puma/node_modules/event-target-shim/package.json
88 verbose installManyTop reading scoped package data from /Users/hanna/Documents/PUMA/puma/node_modules/expo/package.json
89 verbose installManyTop reading scoped package data from /Users/hanna/Documents/PUMA/puma/node_modules/expo-asset/package.json
90 verbose installManyTop reading scoped package data from /Users/hanna/Documents/PUMA/puma/node_modules/expo-constants/package.json
91 verbose installManyTop reading scoped package data from /Users/hanna/Documents/PUMA/puma/node_modules/expo-device/package.json
92 verbose installManyTop reading scoped package data from /Users/hanna/Documents/PUMA/puma/node_modules/expo-file-system/package.json
93 verbose installManyTop reading scoped package data from /Users/hanna/Documents/PUMA/puma/node_modules/expo-font/package.json
94 verbose installManyTop reading scoped package data from /Users/hanna/Documents/PUMA/puma/node_modules/expo-glass-effect/package.json
95 verbose installManyTop reading scoped package data from /Users/hanna/Documents/PUMA/puma/node_modules/expo-image/package.json
96 verbose installManyTop reading scoped package data from /Users/hanna/Documents/PUMA/puma/node_modules/expo-keep-awake/package.json
97 verbose installManyTop reading scoped package data from /Users/hanna/Documents/PUMA/puma/node_modules/expo-linking/package.json
98 verbose installManyTop reading scoped package data from /Users/hanna/Documents/PUMA/puma/node_modules/expo-modules-autolinking/package.json
99 verbose installManyTop reading scoped package data from /Users/hanna/Documents/PUMA/puma/node_modules/expo-modules-core/package.json
100 verbose installManyTop reading scoped package data from /Users/hanna/Documents/PUMA/puma/node_modules/expo-modules-jsi/package.json
101 verbose installManyTop reading scoped package data from /Users/hanna/Documents/PUMA/puma/node_modules/expo-router/package.json
102 verbose installManyTop reading scoped package data from /Users/hanna/Documents/PUMA/puma/node_modules/expo-server/package.json
103 verbose installManyTop reading scoped package data from /Users/hanna/Documents/PUMA/puma/node_modules/expo-splash-screen/package.json
104 verbose installManyTop reading scoped package data from /Users/hanna/Documents/PUMA/puma/node_modules/expo-status-bar/package.json
105 verbose installManyTop reading scoped package data from /Users/hanna/Documents/PUMA/puma/node_modules/expo-symbols/package.json
106 verbose installManyTop reading scoped package data from /Users/hanna/Documents/PUMA/puma/node_modules/expo-system-ui/package.json
107 verbose installManyTop reading scoped package data from /Users/hanna/Documents/PUMA/puma/node_modules/expo-web-browser/package.json
108 verbose installManyTop reading scoped package data from /Users/hanna/Documents/PUMA/puma/node_modules/exponential-backoff/package.json
109 verbose installManyTop reading scoped package data from /Users/hanna/Documents/PUMA/puma/node_modules/fast-deep-equal/package.json
110 verbose installManyTop reading scoped package data from /Users/hanna/Documents/PUMA/puma/node_modules/fb-dotslash/package.json
111 verbose installManyTop reading scoped package data from /Users/hanna/Documents/PUMA/puma/node_modules/fb-watchman/package.json
112 verbose installManyTop reading scoped package data from /Users/hanna/Documents/PUMA/puma/node_modules/fbjs/package.json
113 verbose installManyTop reading scoped package data from /Users/hanna/Documents/PUMA/puma/node_modules/fbjs-css-vars/package.json
114 verbose installManyTop reading scoped package data from /Users/hanna/Documents/PUMA/puma/node_modules/fdir/package.json
115 verbose installManyTop reading scoped package data from /Users/hanna/Documents/PUMA/puma/node_modules/fetch-nodeshim/package.json
116 verbose installManyTop reading scoped package data from /Users/hanna/Documents/PUMA/puma/node_modules/fill-range/package.json
117 verbose installManyTop reading scoped package data from /Users/hanna/Documents/PUMA/puma/node_modules/finalhandler/package.json
118 verbose installManyTop reading scoped package data from /Users/hanna/Documents/PUMA/puma/node_modules/flow-enums-runtime/package.json
119 verbose installManyTop reading scoped package data from /Users/hanna/Documents/PUMA/puma/node_modules/fontfaceobserver/package.json
120 verbose installManyTop reading scoped package data from /Users/hanna/Documents/PUMA/puma/node_modules/fresh/package.json
121 verbose installManyTop reading scoped package data from /Users/hanna/Documents/PUMA/puma/node_modules/function-bind/package.json
122 verbose installManyTop reading scoped package data from /Users/hanna/Documents/PUMA/puma/node_modules/gensync/package.json
123 verbose installManyTop reading scoped package data from /Users/hanna/Documents/PUMA/puma/node_modules/get-caller-file/package.json
124 verbose installManyTop reading scoped package data from /Users/hanna/Documents/PUMA/puma/node_modules/get-nonce/package.json
125 verbose installManyTop reading scoped package data from /Users/hanna/Documents/PUMA/puma/node_modules/getenv/package.json
126 verbose installManyTop reading scoped package data from /Users/hanna/Documents/PUMA/puma/node_modules/glob/package.json
127 verbose installManyTop reading scoped package data from /Users/hanna/Documents/PUMA/puma/node_modules/graceful-fs/package.json
128 verbose installManyTop reading scoped package data from /Users/hanna/Documents/PUMA/puma/node_modules/has-flag/package.json
129 verbose installManyTop reading scoped package data from /Users/hanna/Documents/PUMA/puma/node_modules/hasown/package.json
130 verbose installManyTop reading scoped package data from /Users/hanna/Documents/PUMA/puma/node_modules/hermes-compiler/package.json
131 verbose installManyTop reading scoped package data from /Users/hanna/Documents/PUMA/puma/node_modules/hermes-estree/package.json
132 verbose installManyTop reading scoped package data from /Users/hanna/Documents/PUMA/puma/node_modules/hermes-parser/package.json
133 verbose installManyTop reading scoped package data from /Users/hanna/Documents/PUMA/puma/node_modules/hoist-non-react-statics/package.json
134 verbose installManyTop reading scoped package data from /Users/hanna/Documents/PUMA/puma/node_modules/hosted-git-info/package.json
135 verbose installManyTop reading scoped package data from /Users/hanna/Documents/PUMA/puma/node_modules/http-errors/package.json
136 verbose installManyTop reading scoped package data from /Users/hanna/Documents/PUMA/puma/node_modules/https-proxy-agent/package.json
137 verbose installManyTop reading scoped package data from /Users/hanna/Documents/PUMA/puma/node_modules/hyphenate-style-name/package.json
138 verbose installManyTop reading scoped package data from /Users/hanna/Documents/PUMA/puma/node_modules/ignore/package.json
139 verbose installManyTop reading scoped package data from /Users/hanna/Documents/PUMA/puma/node_modules/inherits/package.json
140 verbose installManyTop reading scoped package data from /Users/hanna/Documents/PUMA/puma/node_modules/inline-style-prefixer/package.json
141 verbose installManyTop reading scoped package data from /Users/hanna/Documents/PUMA/puma/node_modules/invariant/package.json
142 verbose installManyTop reading scoped package data from /Users/hanna/Documents/PUMA/puma/node_modules/is-arrayish/package.json
143 verbose installManyTop reading scoped package data from /Users/hanna/Documents/PUMA/puma/node_modules/is-core-module/package.json
144 verbose installManyTop reading scoped package data from /Users/hanna/Documents/PUMA/puma/node_modules/is-docker/package.json
145 verbose installManyTop reading scoped package data from /Users/hanna/Documents/PUMA/puma/node_modules/is-fullwidth-code-point/package.json
146 verbose installManyTop reading scoped package data from /Users/hanna/Documents/PUMA/puma/node_modules/is-number/package.json
147 verbose installManyTop reading scoped package data from /Users/hanna/Documents/PUMA/puma/node_modules/is-wsl/package.json
148 verbose installManyTop reading scoped package data from /Users/hanna/Documents/PUMA/puma/node_modules/isexe/package.json
149 verbose installManyTop reading scoped package data from /Users/hanna/Documents/PUMA/puma/node_modules/jest-get-type/package.json
150 verbose installManyTop reading scoped package data from /Users/hanna/Documents/PUMA/puma/node_modules/jest-util/package.json
151 verbose installManyTop reading scoped package data from /Users/hanna/Documents/PUMA/puma/node_modules/jest-validate/package.json
152 verbose installManyTop reading scoped package data from /Users/hanna/Documents/PUMA/puma/node_modules/jest-worker/package.json
153 verbose installManyTop reading scoped package data from /Users/hanna/Documents/PUMA/puma/node_modules/jimp-compact/package.json
154 verbose installManyTop reading scoped package data from /Users/hanna/Documents/PUMA/puma/node_modules/js-tokens/package.json
155 verbose installManyTop reading scoped package data from /Users/hanna/Documents/PUMA/puma/node_modules/js-yaml/package.json
156 verbose installManyTop reading scoped package data from /Users/hanna/Documents/PUMA/puma/node_modules/jsc-safe-url/package.json
157 verbose installManyTop reading scoped package data from /Users/hanna/Documents/PUMA/puma/node_modules/jsesc/package.json
158 verbose installManyTop reading scoped package data from /Users/hanna/Documents/PUMA/puma/node_modules/json5/package.json
159 verbose installManyTop reading scoped package data from /Users/hanna/Documents/PUMA/puma/node_modules/kleur/package.json
160 verbose installManyTop reading scoped package data from /Users/hanna/Documents/PUMA/puma/node_modules/lan-network/package.json
161 verbose installManyTop reading scoped package data from /Users/hanna/Documents/PUMA/puma/node_modules/leven/package.json
162 verbose installManyTop reading scoped package data from /Users/hanna/Documents/PUMA/puma/node_modules/lighthouse-logger/package.json
163 verbose installManyTop reading scoped package data from /Users/hanna/Documents/PUMA/puma/node_modules/lightningcss/package.json
164 verbose installManyTop reading scoped package data from /Users/hanna/Documents/PUMA/puma/node_modules/lightningcss-darwin-arm64/package.json
165 verbose installManyTop reading scoped package data from /Users/hanna/Documents/PUMA/puma/node_modules/lodash.debounce/package.json
166 verbose installManyTop reading scoped package data from /Users/hanna/Documents/PUMA/puma/node_modules/lodash.throttle/package.json
167 verbose installManyTop reading scoped package data from /Users/hanna/Documents/PUMA/puma/node_modules/log-symbols/package.json
168 verbose installManyTop reading scoped package data from /Users/hanna/Documents/PUMA/puma/node_modules/loose-envify/package.json
169 verbose installManyTop reading scoped package data from /Users/hanna/Documents/PUMA/puma/node_modules/lru-cache/package.json
170 verbose installManyTop reading scoped package data from /Users/hanna/Documents/PUMA/puma/node_modules/makeerror/package.json
171 verbose installManyTop reading scoped package data from /Users/hanna/Documents/PUMA/puma/node_modules/marky/package.json
172 verbose installManyTop reading scoped package data from /Users/hanna/Documents/PUMA/puma/node_modules/memoize-one/package.json
173 verbose installManyTop reading scoped package data from /Users/hanna/Documents/PUMA/puma/node_modules/merge-stream/package.json
174 verbose installManyTop reading scoped package data from /Users/hanna/Documents/PUMA/puma/node_modules/metro/package.json
175 verbose installManyTop reading scoped package data from /Users/hanna/Documents/PUMA/puma/node_modules/metro-babel-transformer/package.json
176 verbose installManyTop reading scoped package data from /Users/hanna/Documents/PUMA/puma/node_modules/metro-cache/package.json
177 verbose installManyTop reading scoped package data from /Users/hanna/Documents/PUMA/puma/node_modules/metro-cache-key/package.json
178 verbose installManyTop reading scoped package data from /Users/hanna/Documents/PUMA/puma/node_modules/metro-config/package.json
179 verbose installManyTop reading scoped package data from /Users/hanna/Documents/PUMA/puma/node_modules/metro-core/package.json
180 verbose installManyTop reading scoped package data from /Users/hanna/Documents/PUMA/puma/node_modules/metro-file-map/package.json
181 verbose installManyTop reading scoped package data from /Users/hanna/Documents/PUMA/puma/node_modules/metro-minify-terser/package.json
182 verbose installManyTop reading scoped package data from /Users/hanna/Documents/PUMA/puma/node_modules/metro-resolver/package.json
183 verbose installManyTop reading scoped package data from /Users/hanna/Documents/PUMA/puma/node_modules/metro-runtime/package.json
184 verbose installManyTop reading scoped package data from /Users/hanna/Documents/PUMA/puma/node_modules/metro-source-map/package.json
185 verbose installManyTop reading scoped package data from /Users/hanna/Documents/PUMA/puma/node_modules/metro-symbolicate/package.json
186 verbose installManyTop reading scoped package data from /Users/hanna/Documents/PUMA/puma/node_modules/metro-transform-plugins/package.json
187 verbose installManyTop reading scoped package data from /Users/hanna/Documents/PUMA/puma/node_modules/metro-transform-worker/package.json
188 verbose installManyTop reading scoped package data from /Users/hanna/Documents/PUMA/puma/node_modules/micromatch/package.json
189 verbose installManyTop reading scoped package data from /Users/hanna/Documents/PUMA/puma/node_modules/mime/package.json
190 verbose installManyTop reading scoped package data from /Users/hanna/Documents/PUMA/puma/node_modules/mime-db/package.json
191 verbose installManyTop reading scoped package data from /Users/hanna/Documents/PUMA/puma/node_modules/mime-types/package.json
192 verbose installManyTop reading scoped package data from /Users/hanna/Documents/PUMA/puma/node_modules/mimic-fn/package.json
193 verbose installManyTop reading scoped package data from /Users/hanna/Documents/PUMA/puma/node_modules/minimatch/package.json
194 verbose installManyTop reading scoped package data from /Users/hanna/Documents/PUMA/puma/node_modules/minipass/package.json
195 verbose installManyTop reading scoped package data from /Users/hanna/Documents/PUMA/puma/node_modules/mkdirp/package.json
196 verbose installManyTop reading scoped package data from /Users/hanna/Documents/PUMA/puma/node_modules/ms/package.json
197 verbose installManyTop reading scoped package data from /Users/hanna/Documents/PUMA/puma/node_modules/multitars/package.json
198 verbose installManyTop reading scoped package data from /Users/hanna/Documents/PUMA/puma/node_modules/nanoid/package.json
199 verbose installManyTop reading scoped package data from /Users/hanna/Documents/PUMA/puma/node_modules/negotiator/package.json
200 verbose installManyTop reading scoped package data from /Users/hanna/Documents/PUMA/puma/node_modules/node-fetch/package.json
201 verbose installManyTop reading scoped package data from /Users/hanna/Documents/PUMA/puma/node_modules/node-forge/package.json
202 verbose installManyTop reading scoped package data from /Users/hanna/Documents/PUMA/puma/node_modules/node-int64/package.json
203 verbose installManyTop reading scoped package data from /Users/hanna/Documents/PUMA/puma/node_modules/node-releases/package.json
204 verbose installManyTop reading scoped package data from /Users/hanna/Documents/PUMA/puma/node_modules/npm-package-arg/package.json
205 verbose installManyTop reading scoped package data from /Users/hanna/Documents/PUMA/puma/node_modules/nullthrows/package.json
206 verbose installManyTop reading scoped package data from /Users/hanna/Documents/PUMA/puma/node_modules/ob1/package.json
207 verbose installManyTop reading scoped package data from /Users/hanna/Documents/PUMA/puma/node_modules/object-assign/package.json
208 verbose installManyTop reading scoped package data from /Users/hanna/Documents/PUMA/puma/node_modules/on-finished/package.json
209 verbose installManyTop reading scoped package data from /Users/hanna/Documents/PUMA/puma/node_modules/on-headers/package.json
210 verbose installManyTop reading scoped package data from /Users/hanna/Documents/PUMA/puma/node_modules/onetime/package.json
211 verbose installManyTop reading scoped package data from /Users/hanna/Documents/PUMA/puma/node_modules/open/package.json
212 verbose installManyTop reading scoped package data from /Users/hanna/Documents/PUMA/puma/node_modules/ora/package.json
213 verbose installManyTop reading scoped package data from /Users/hanna/Documents/PUMA/puma/node_modules/package-json-from-dist/package.json
214 verbose installManyTop reading scoped package data from /Users/hanna/Documents/PUMA/puma/node_modules/parse-png/package.json
215 verbose installManyTop reading scoped package data from /Users/hanna/Documents/PUMA/puma/node_modules/parseurl/package.json
216 verbose installManyTop reading scoped package data from /Users/hanna/Documents/PUMA/puma/node_modules/path-key/package.json
217 verbose installManyTop reading scoped package data from /Users/hanna/Documents/PUMA/puma/node_modules/path-parse/package.json
218 verbose installManyTop reading scoped package data from /Users/hanna/Documents/PUMA/puma/node_modules/path-scurry/package.json
219 verbose installManyTop reading scoped package data from /Users/hanna/Documents/PUMA/puma/node_modules/picocolors/package.json
220 verbose installManyTop reading scoped package data from /Users/hanna/Documents/PUMA/puma/node_modules/picomatch/package.json
221 verbose installManyTop reading scoped package data from /Users/hanna/Documents/PUMA/puma/node_modules/plist/package.json
222 verbose installManyTop reading scoped package data from /Users/hanna/Documents/PUMA/puma/node_modules/pngjs/package.json
223 verbose installManyTop reading scoped package data from /Users/hanna/Documents/PUMA/puma/node_modules/postcss/package.json
224 verbose installManyTop reading scoped package data from /Users/hanna/Documents/PUMA/puma/node_modules/postcss-value-parser/package.json
225 verbose installManyTop reading scoped package data from /Users/hanna/Documents/PUMA/puma/node_modules/pretty-format/package.json
226 verbose installManyTop reading scoped package data from /Users/hanna/Documents/PUMA/puma/node_modules/proc-log/package.json
227 verbose installManyTop reading scoped package data from /Users/hanna/Documents/PUMA/puma/node_modules/progress/package.json
228 verbose installManyTop reading scoped package data from /Users/hanna/Documents/PUMA/puma/node_modules/promise/package.json
229 verbose installManyTop reading scoped package data from /Users/hanna/Documents/PUMA/puma/node_modules/prompts/package.json
230 verbose installManyTop reading scoped package data from /Users/hanna/Documents/PUMA/puma/node_modules/range-parser/package.json
231 verbose installManyTop reading scoped package data from /Users/hanna/Documents/PUMA/puma/node_modules/react/package.json
232 verbose installManyTop reading scoped package data from /Users/hanna/Documents/PUMA/puma/node_modules/react-devtools-core/package.json
233 verbose installManyTop reading scoped package data from /Users/hanna/Documents/PUMA/puma/node_modules/react-dom/package.json
234 verbose installManyTop reading scoped package data from /Users/hanna/Documents/PUMA/puma/node_modules/react-fast-compare/package.json
235 verbose installManyTop reading scoped package data from /Users/hanna/Documents/PUMA/puma/node_modules/react-freeze/package.json
236 verbose installManyTop reading scoped package data from /Users/hanna/Documents/PUMA/puma/node_modules/react-is/package.json
237 verbose installManyTop reading scoped package data from /Users/hanna/Documents/PUMA/puma/node_modules/react-native/package.json
238 verbose installManyTop reading scoped package data from /Users/hanna/Documents/PUMA/puma/node_modules/react-native-gesture-handler/package.json
239 verbose installManyTop reading scoped package data from /Users/hanna/Documents/PUMA/puma/node_modules/react-native-is-edge-to-edge/package.json
240 verbose installManyTop reading scoped package data from /Users/hanna/Documents/PUMA/puma/node_modules/react-native-reanimated/package.json
241 verbose installManyTop reading scoped package data from /Users/hanna/Documents/PUMA/puma/node_modules/react-native-safe-area-context/package.json
242 verbose installManyTop reading scoped package data from /Users/hanna/Documents/PUMA/puma/node_modules/react-native-screens/package.json
243 verbose installManyTop reading scoped package data from /Users/hanna/Documents/PUMA/puma/node_modules/react-native-web/package.json
244 verbose installManyTop reading scoped package data from /Users/hanna/Documents/PUMA/puma/node_modules/react-native-worklets/package.json
245 verbose installManyTop reading scoped package data from /Users/hanna/Documents/PUMA/puma/node_modules/react-refresh/package.json
246 verbose installManyTop reading scoped package data from /Users/hanna/Documents/PUMA/puma/node_modules/react-remove-scroll/package.json
247 verbose installManyTop reading scoped package data from /Users/hanna/Documents/PUMA/puma/node_modules/react-remove-scroll-bar/package.json
248 verbose installManyTop reading scoped package data from /Users/hanna/Documents/PUMA/puma/node_modules/react-style-singleton/package.json
249 verbose installManyTop reading scoped package data from /Users/hanna/Documents/PUMA/puma/node_modules/regenerate/package.json
250 verbose installManyTop reading scoped package data from /Users/hanna/Documents/PUMA/puma/node_modules/regenerate-unicode-properties/package.json
251 verbose installManyTop reading scoped package data from /Users/hanna/Documents/PUMA/puma/node_modules/regenerator-runtime/package.json
252 verbose installManyTop reading scoped package data from /Users/hanna/Documents/PUMA/puma/node_modules/regexpu-core/package.json
253 verbose installManyTop reading scoped package data from /Users/hanna/Documents/PUMA/puma/node_modules/regjsgen/package.json
254 verbose installManyTop reading scoped package data from /Users/hanna/Documents/PUMA/puma/node_modules/regjsparser/package.json
255 verbose installManyTop reading scoped package data from /Users/hanna/Documents/PUMA/puma/node_modules/require-directory/package.json
256 verbose installManyTop reading scoped package data from /Users/hanna/Documents/PUMA/puma/node_modules/resolve/package.json
257 verbose installManyTop reading scoped package data from /Users/hanna/Documents/PUMA/puma/node_modules/resolve-from/package.json
258 verbose installManyTop reading scoped package data from /Users/hanna/Documents/PUMA/puma/node_modules/resolve-workspace-root/package.json
259 verbose installManyTop reading scoped package data from /Users/hanna/Documents/PUMA/puma/node_modules/restore-cursor/package.json
260 verbose installManyTop reading scoped package data from /Users/hanna/Documents/PUMA/puma/node_modules/rimraf/package.json
261 verbose installManyTop reading scoped package data from /Users/hanna/Documents/PUMA/puma/node_modules/safe-buffer/package.json
262 verbose installManyTop reading scoped package data from /Users/hanna/Documents/PUMA/puma/node_modules/sandbox-cli-detector/package.json
263 verbose installManyTop reading scoped package data from /Users/hanna/Documents/PUMA/puma/node_modules/sax/package.json
264 verbose installManyTop reading scoped package data from /Users/hanna/Documents/PUMA/puma/node_modules/scheduler/package.json
265 verbose installManyTop reading scoped package data from /Users/hanna/Documents/PUMA/puma/node_modules/semver/package.json
266 verbose installManyTop reading scoped package data from /Users/hanna/Documents/PUMA/puma/node_modules/send/package.json
267 verbose installManyTop reading scoped package data from /Users/hanna/Documents/PUMA/puma/node_modules/serialize-error/package.json
268 verbose installManyTop reading scoped package data from /Users/hanna/Documents/PUMA/puma/node_modules/serve-static/package.json
269 verbose installManyTop reading scoped package data from /Users/hanna/Documents/PUMA/puma/node_modules/server-only/package.json
270 verbose installManyTop reading scoped package data from /Users/hanna/Documents/PUMA/puma/node_modules/setimmediate/package.json
271 verbose installManyTop reading scoped package data from /Users/hanna/Documents/PUMA/puma/node_modules/setprototypeof/package.json
272 verbose installManyTop reading scoped package data from /Users/hanna/Documents/PUMA/puma/node_modules/sf-symbols-typescript/package.json
273 verbose installManyTop reading scoped package data from /Users/hanna/Documents/PUMA/puma/node_modules/shallowequal/package.json
274 verbose installManyTop reading scoped package data from /Users/hanna/Documents/PUMA/puma/node_modules/shebang-command/package.json
275 verbose installManyTop reading scoped package data from /Users/hanna/Documents/PUMA/puma/node_modules/shebang-regex/package.json
276 verbose installManyTop reading scoped package data from /Users/hanna/Documents/PUMA/puma/node_modules/shell-quote/package.json
277 verbose installManyTop reading scoped package data from /Users/hanna/Documents/PUMA/puma/node_modules/signal-exit/package.json
278 verbose installManyTop reading scoped package data from /Users/hanna/Documents/PUMA/puma/node_modules/simple-plist/package.json
279 verbose installManyTop reading scoped package data from /Users/hanna/Documents/PUMA/puma/node_modules/simple-swizzle/package.json
280 verbose installManyTop reading scoped package data from /Users/hanna/Documents/PUMA/puma/node_modules/sisteransi/package.json
281 verbose installManyTop reading scoped package data from /Users/hanna/Documents/PUMA/puma/node_modules/slugify/package.json
282 verbose installManyTop reading scoped package data from /Users/hanna/Documents/PUMA/puma/node_modules/source-map/package.json
283 verbose installManyTop reading scoped package data from /Users/hanna/Documents/PUMA/puma/node_modules/source-map-js/package.json
284 verbose installManyTop reading scoped package data from /Users/hanna/Documents/PUMA/puma/node_modules/source-map-support/package.json
285 verbose installManyTop reading scoped package data from /Users/hanna/Documents/PUMA/puma/node_modules/stackframe/package.json
286 verbose installManyTop reading scoped package data from /Users/hanna/Documents/PUMA/puma/node_modules/stacktrace-parser/package.json
287 verbose installManyTop reading scoped package data from /Users/hanna/Documents/PUMA/puma/node_modules/standard-navigation/package.json
288 verbose installManyTop reading scoped package data from /Users/hanna/Documents/PUMA/puma/node_modules/statuses/package.json
289 verbose installManyTop reading scoped package data from /Users/hanna/Documents/PUMA/puma/node_modules/stream-buffers/package.json
290 verbose installManyTop reading scoped package data from /Users/hanna/Documents/PUMA/puma/node_modules/string-width/package.json
291 verbose installManyTop reading scoped package data from /Users/hanna/Documents/PUMA/puma/node_modules/strip-ansi/package.json
292 verbose installManyTop reading scoped package data from /Users/hanna/Documents/PUMA/puma/node_modules/structured-headers/package.json
293 verbose installManyTop reading scoped package data from /Users/hanna/Documents/PUMA/puma/node_modules/styleq/package.json
294 verbose installManyTop reading scoped package data from /Users/hanna/Documents/PUMA/puma/node_modules/supports-color/package.json
295 verbose installManyTop reading scoped package data from /Users/hanna/Documents/PUMA/puma/node_modules/supports-hyperlinks/package.json
296 verbose installManyTop reading scoped package data from /Users/hanna/Documents/PUMA/puma/node_modules/supports-preserve-symlinks-flag/package.json
297 verbose installManyTop reading scoped package data from /Users/hanna/Documents/PUMA/puma/node_modules/terminal-link/package.json
298 verbose installManyTop reading scoped package data from /Users/hanna/Documents/PUMA/puma/node_modules/terser/package.json
299 verbose installManyTop reading scoped package data from /Users/hanna/Documents/PUMA/puma/node_modules/throat/package.json
300 verbose installManyTop reading scoped package data from /Users/hanna/Documents/PUMA/puma/node_modules/tinyglobby/package.json
301 verbose installManyTop reading scoped package data from /Users/hanna/Documents/PUMA/puma/node_modules/tmpl/package.json
302 verbose installManyTop reading scoped package data from /Users/hanna/Documents/PUMA/puma/node_modules/to-regex-range/package.json
303 verbose installManyTop reading scoped package data from /Users/hanna/Documents/PUMA/puma/node_modules/toidentifier/package.json
304 verbose installManyTop reading scoped package data from /Users/hanna/Documents/PUMA/puma/node_modules/toqr/package.json
305 verbose installManyTop reading scoped package data from /Users/hanna/Documents/PUMA/puma/node_modules/tr46/package.json
306 verbose installManyTop reading scoped package data from /Users/hanna/Documents/PUMA/puma/node_modules/tslib/package.json
307 verbose installManyTop reading scoped package data from /Users/hanna/Documents/PUMA/puma/node_modules/type-fest/package.json
308 verbose installManyTop reading scoped package data from /Users/hanna/Documents/PUMA/puma/node_modules/typescript/package.json
309 verbose installManyTop reading scoped package data from /Users/hanna/Documents/PUMA/puma/node_modules/ua-parser-js/package.json
310 verbose installManyTop reading scoped package data from /Users/hanna/Documents/PUMA/puma/node_modules/undici/package.json
311 verbose installManyTop reading scoped package data from /Users/hanna/Documents/PUMA/puma/node_modules/undici-types/package.json
312 verbose installManyTop reading scoped package data from /Users/hanna/Documents/PUMA/puma/node_modules/unicode-canonical-property-names-ecmascript/package.json
313 verbose installManyTop reading scoped package data from /Users/hanna/Documents/PUMA/puma/node_modules/unicode-match-property-ecmascript/package.json
314 verbose installManyTop reading scoped package data from /Users/hanna/Documents/PUMA/puma/node_modules/unicode-match-property-value-ecmascript/package.json
315 verbose installManyTop reading scoped package data from /Users/hanna/Documents/PUMA/puma/node_modules/unicode-property-aliases-ecmascript/package.json
316 verbose installManyTop reading scoped package data from /Users/hanna/Documents/PUMA/puma/node_modules/unpipe/package.json
317 verbose installManyTop reading scoped package data from /Users/hanna/Documents/PUMA/puma/node_modules/update-browserslist-db/package.json
318 verbose installManyTop reading scoped package data from /Users/hanna/Documents/PUMA/puma/node_modules/use-callback-ref/package.json
319 verbose installManyTop reading scoped package data from /Users/hanna/Documents/PUMA/puma/node_modules/use-latest-callback/package.json
320 verbose installManyTop reading scoped package data from /Users/hanna/Documents/PUMA/puma/node_modules/use-sidecar/package.json
321 verbose installManyTop reading scoped package data from /Users/hanna/Documents/PUMA/puma/node_modules/use-sync-external-store/package.json
322 verbose installManyTop reading scoped package data from /Users/hanna/Documents/PUMA/puma/node_modules/utils-merge/package.json
323 verbose installManyTop reading scoped package data from /Users/hanna/Documents/PUMA/puma/node_modules/uuid/package.json
324 verbose installManyTop reading scoped package data from /Users/hanna/Documents/PUMA/puma/node_modules/validate-npm-package-name/package.json
325 verbose installManyTop reading scoped package data from /Users/hanna/Documents/PUMA/puma/node_modules/vary/package.json
326 verbose installManyTop reading scoped package data from /Users/hanna/Documents/PUMA/puma/node_modules/vaul/package.json
327 verbose installManyTop reading scoped package data from /Users/hanna/Documents/PUMA/puma/node_modules/vlq/package.json
328 verbose installManyTop reading scoped package data from /Users/hanna/Documents/PUMA/puma/node_modules/walker/package.json
329 verbose installManyTop reading scoped package data from /Users/hanna/Documents/PUMA/puma/node_modules/warn-once/package.json
330 verbose installManyTop reading scoped package data from /Users/hanna/Documents/PUMA/puma/node_modules/wcwidth/package.json
331 verbose installManyTop reading scoped package data from /Users/hanna/Documents/PUMA/puma/node_modules/webidl-conversions/package.json
332 verbose installManyTop reading scoped package data from /Users/hanna/Documents/PUMA/puma/node_modules/whatwg-fetch/package.json
333 verbose installManyTop reading scoped package data from /Users/hanna/Documents/PUMA/puma/node_modules/whatwg-url/package.json
334 verbose installManyTop reading scoped package data from /Users/hanna/Documents/PUMA/puma/node_modules/whatwg-url-minimum/package.json
335 verbose installManyTop reading scoped package data from /Users/hanna/Documents/PUMA/puma/node_modules/which/package.json
336 verbose installManyTop reading scoped package data from /Users/hanna/Documents/PUMA/puma/node_modules/wrap-ansi/package.json
337 verbose installManyTop reading scoped package data from /Users/hanna/Documents/PUMA/puma/node_modules/ws/package.json
338 verbose installManyTop reading scoped package data from /Users/hanna/Documents/PUMA/puma/node_modules/xcode/package.json
339 verbose installManyTop reading scoped package data from /Users/hanna/Documents/PUMA/puma/node_modules/xml2js/package.json
340 verbose installManyTop reading scoped package data from /Users/hanna/Documents/PUMA/puma/node_modules/xmlbuilder/package.json
341 verbose installManyTop reading scoped package data from /Users/hanna/Documents/PUMA/puma/node_modules/y18n/package.json
342 verbose installManyTop reading scoped package data from /Users/hanna/Documents/PUMA/puma/node_modules/yallist/package.json
343 verbose installManyTop reading scoped package data from /Users/hanna/Documents/PUMA/puma/node_modules/yaml/package.json
344 verbose installManyTop reading scoped package data from /Users/hanna/Documents/PUMA/puma/node_modules/yargs/package.json
345 verbose installManyTop reading scoped package data from /Users/hanna/Documents/PUMA/puma/node_modules/yargs-parser/package.json
346 verbose installManyTop reading scoped package data from /Users/hanna/Documents/PUMA/puma/node_modules/zod/package.json
347 verbose installManyTop reading scoped package data from /Users/hanna/Documents/PUMA/puma/node_modules/@egjs/hammerjs/package.json
348 verbose installManyTop reading scoped package data from /Users/hanna/Documents/PUMA/puma/node_modules/@babel/code-frame/package.json
349 verbose installManyTop reading scoped package data from /Users/hanna/Documents/PUMA/puma/node_modules/@babel/compat-data/package.json
350 verbose installManyTop reading scoped package data from /Users/hanna/Documents/PUMA/puma/node_modules/@babel/core/package.json
351 verbose installManyTop reading scoped package data from /Users/hanna/Documents/PUMA/puma/node_modules/@babel/generator/package.json
352 verbose installManyTop reading scoped package data from /Users/hanna/Documents/PUMA/puma/node_modules/@babel/helper-annotate-as-pure/package.json
353 verbose installManyTop reading scoped package data from /Users/hanna/Documents/PUMA/puma/node_modules/@babel/helper-compilation-targets/package.json
354 verbose installManyTop reading scoped package data from /Users/hanna/Documents/PUMA/puma/node_modules/@babel/helper-create-class-features-plugin/package.json
355 verbose installManyTop reading scoped package data from /Users/hanna/Documents/PUMA/puma/node_modules/@babel/helper-create-regexp-features-plugin/package.json
356 verbose installManyTop reading scoped package data from /Users/hanna/Documents/PUMA/puma/node_modules/@babel/helper-define-polyfill-provider/package.json
357 verbose installManyTop reading scoped package data from /Users/hanna/Documents/PUMA/puma/node_modules/@babel/helper-globals/package.json
358 verbose installManyTop reading scoped package data from /Users/hanna/Documents/PUMA/puma/node_modules/@babel/helper-member-expression-to-functions/package.json
359 verbose installManyTop reading scoped package data from /Users/hanna/Documents/PUMA/puma/node_modules/@babel/helper-module-imports/package.json
360 verbose installManyTop reading scoped package data from /Users/hanna/Documents/PUMA/puma/node_modules/@babel/helper-module-transforms/package.json
361 verbose installManyTop reading scoped package data from /Users/hanna/Documents/PUMA/puma/node_modules/@babel/helper-optimise-call-expression/package.json
362 verbose installManyTop reading scoped package data from /Users/hanna/Documents/PUMA/puma/node_modules/@babel/helper-plugin-utils/package.json
363 verbose installManyTop reading scoped package data from /Users/hanna/Documents/PUMA/puma/node_modules/@babel/helper-remap-async-to-generator/package.json
364 verbose installManyTop reading scoped package data from /Users/hanna/Documents/PUMA/puma/node_modules/@babel/helper-replace-supers/package.json
365 verbose installManyTop reading scoped package data from /Users/hanna/Documents/PUMA/puma/node_modules/@babel/helper-skip-transparent-expression-wrappers/package.json
366 verbose installManyTop reading scoped package data from /Users/hanna/Documents/PUMA/puma/node_modules/@babel/helper-string-parser/package.json
367 verbose installManyTop reading scoped package data from /Users/hanna/Documents/PUMA/puma/node_modules/@babel/helper-validator-identifier/package.json
368 verbose installManyTop reading scoped package data from /Users/hanna/Documents/PUMA/puma/node_modules/@babel/helper-validator-option/package.json
369 verbose installManyTop reading scoped package data from /Users/hanna/Documents/PUMA/puma/node_modules/@babel/helper-wrap-function/package.json
370 verbose installManyTop reading scoped package data from /Users/hanna/Documents/PUMA/puma/node_modules/@babel/helpers/package.json
371 verbose installManyTop reading scoped package data from /Users/hanna/Documents/PUMA/puma/node_modules/@babel/parser/package.json
372 verbose installManyTop reading scoped package data from /Users/hanna/Documents/PUMA/puma/node_modules/@babel/plugin-proposal-decorators/package.json
373 verbose installManyTop reading scoped package data from /Users/hanna/Documents/PUMA/puma/node_modules/@babel/plugin-proposal-export-default-from/package.json
374 verbose installManyTop reading scoped package data from /Users/hanna/Documents/PUMA/puma/node_modules/@babel/plugin-syntax-decorators/package.json
375 verbose installManyTop reading scoped package data from /Users/hanna/Documents/PUMA/puma/node_modules/@babel/plugin-syntax-dynamic-import/package.json
376 verbose installManyTop reading scoped package data from /Users/hanna/Documents/PUMA/puma/node_modules/@babel/plugin-syntax-export-default-from/package.json
377 verbose installManyTop reading scoped package data from /Users/hanna/Documents/PUMA/puma/node_modules/@babel/plugin-syntax-flow/package.json
378 verbose installManyTop reading scoped package data from /Users/hanna/Documents/PUMA/puma/node_modules/@babel/plugin-syntax-jsx/package.json
379 verbose installManyTop reading scoped package data from /Users/hanna/Documents/PUMA/puma/node_modules/@babel/plugin-syntax-nullish-coalescing-operator/package.json
380 verbose installManyTop reading scoped package data from /Users/hanna/Documents/PUMA/puma/node_modules/@babel/plugin-syntax-optional-chaining/package.json
381 verbose installManyTop reading scoped package data from /Users/hanna/Documents/PUMA/puma/node_modules/@babel/plugin-syntax-typescript/package.json
382 verbose installManyTop reading scoped package data from /Users/hanna/Documents/PUMA/puma/node_modules/@babel/plugin-transform-arrow-functions/package.json
383 verbose installManyTop reading scoped package data from /Users/hanna/Documents/PUMA/puma/node_modules/@babel/plugin-transform-async-generator-functions/package.json
384 verbose installManyTop reading scoped package data from /Users/hanna/Documents/PUMA/puma/node_modules/@babel/plugin-transform-async-to-generator/package.json
385 verbose installManyTop reading scoped package data from /Users/hanna/Documents/PUMA/puma/node_modules/@babel/plugin-transform-block-scoping/package.json
386 verbose installManyTop reading scoped package data from /Users/hanna/Documents/PUMA/puma/node_modules/@babel/plugin-transform-class-properties/package.json
387 verbose installManyTop reading scoped package data from /Users/hanna/Documents/PUMA/puma/node_modules/@babel/plugin-transform-class-static-block/package.json
388 verbose installManyTop reading scoped package data from /Users/hanna/Documents/PUMA/puma/node_modules/@babel/plugin-transform-classes/package.json
389 verbose installManyTop reading scoped package data from /Users/hanna/Documents/PUMA/puma/node_modules/@babel/plugin-transform-destructuring/package.json
390 verbose installManyTop reading scoped package data from /Users/hanna/Documents/PUMA/puma/node_modules/@babel/plugin-transform-export-namespace-from/package.json
391 verbose installManyTop reading scoped package data from /Users/hanna/Documents/PUMA/puma/node_modules/@babel/plugin-transform-flow-strip-types/package.json
392 verbose installManyTop reading scoped package data from /Users/hanna/Documents/PUMA/puma/node_modules/@babel/plugin-transform-for-of/package.json
393 verbose installManyTop reading scoped package data from /Users/hanna/Documents/PUMA/puma/node_modules/@babel/plugin-transform-logical-assignment-operators/package.json
394 verbose installManyTop reading scoped package data from /Users/hanna/Documents/PUMA/puma/node_modules/@babel/plugin-transform-modules-commonjs/package.json
395 verbose installManyTop reading scoped package data from /Users/hanna/Documents/PUMA/puma/node_modules/@babel/plugin-transform-named-capturing-groups-regex/package.json
396 verbose installManyTop reading scoped package data from /Users/hanna/Documents/PUMA/puma/node_modules/@babel/plugin-transform-nullish-coalescing-operator/package.json
397 verbose installManyTop reading scoped package data from /Users/hanna/Documents/PUMA/puma/node_modules/@babel/plugin-transform-object-rest-spread/package.json
398 verbose installManyTop reading scoped package data from /Users/hanna/Documents/PUMA/puma/node_modules/@babel/plugin-transform-optional-catch-binding/package.json
399 verbose installManyTop reading scoped package data from /Users/hanna/Documents/PUMA/puma/node_modules/@babel/plugin-transform-optional-chaining/package.json
400 verbose installManyTop reading scoped package data from /Users/hanna/Documents/PUMA/puma/node_modules/@babel/plugin-transform-parameters/package.json
401 verbose installManyTop reading scoped package data from /Users/hanna/Documents/PUMA/puma/node_modules/@babel/plugin-transform-private-methods/package.json
402 verbose installManyTop reading scoped package data from /Users/hanna/Documents/PUMA/puma/node_modules/@babel/plugin-transform-private-property-in-object/package.json
403 verbose installManyTop reading scoped package data from /Users/hanna/Documents/PUMA/puma/node_modules/@babel/plugin-transform-react-display-name/package.json
404 verbose installManyTop reading scoped package data from /Users/hanna/Documents/PUMA/puma/node_modules/@babel/plugin-transform-react-jsx/package.json
405 verbose installManyTop reading scoped package data from /Users/hanna/Documents/PUMA/puma/node_modules/@babel/plugin-transform-react-jsx-development/package.json
406 verbose installManyTop reading scoped package data from /Users/hanna/Documents/PUMA/puma/node_modules/@babel/plugin-transform-react-jsx-self/package.json
407 verbose installManyTop reading scoped package data from /Users/hanna/Documents/PUMA/puma/node_modules/@babel/plugin-transform-react-jsx-source/package.json
408 verbose installManyTop reading scoped package data from /Users/hanna/Documents/PUMA/puma/node_modules/@babel/plugin-transform-react-pure-annotations/package.json
409 verbose installManyTop reading scoped package data from /Users/hanna/Documents/PUMA/puma/node_modules/@babel/plugin-transform-regenerator/package.json
410 verbose installManyTop reading scoped package data from /Users/hanna/Documents/PUMA/puma/node_modules/@babel/plugin-transform-runtime/package.json
411 verbose installManyTop reading scoped package data from /Users/hanna/Documents/PUMA/puma/node_modules/@babel/plugin-transform-shorthand-properties/package.json
412 verbose installManyTop reading scoped package data from /Users/hanna/Documents/PUMA/puma/node_modules/@babel/plugin-transform-template-literals/package.json
413 verbose installManyTop reading scoped package data from /Users/hanna/Documents/PUMA/puma/node_modules/@babel/plugin-transform-typescript/package.json
414 verbose installManyTop reading scoped package data from /Users/hanna/Documents/PUMA/puma/node_modules/@babel/plugin-transform-unicode-regex/package.json
415 verbose installManyTop reading scoped package data from /Users/hanna/Documents/PUMA/puma/node_modules/@babel/preset-typescript/package.json
416 verbose installManyTop reading scoped package data from /Users/hanna/Documents/PUMA/puma/node_modules/@babel/runtime/package.json
417 verbose installManyTop reading scoped package data from /Users/hanna/Documents/PUMA/puma/node_modules/@babel/template/package.json
418 verbose installManyTop reading scoped package data from /Users/hanna/Documents/PUMA/puma/node_modules/@babel/traverse/package.json
419 verbose installManyTop reading scoped package data from /Users/hanna/Documents/PUMA/puma/node_modules/@babel/types/package.json
420 verbose installManyTop reading scoped package data from /Users/hanna/Documents/PUMA/puma/node_modules/@expo-google-fonts/material-symbols/package.json
421 verbose installManyTop reading scoped package data from /Users/hanna/Documents/PUMA/puma/node_modules/@expo/.DS_Store/package.json
422 verbose installManyTop reading scoped package data from /Users/hanna/Documents/PUMA/puma/node_modules/@expo/cli/package.json
423 verbose installManyTop reading scoped package data from /Users/hanna/Documents/PUMA/puma/node_modules/@expo/code-signing-certificates/package.json
424 verbose installManyTop reading scoped package data from /Users/hanna/Documents/PUMA/puma/node_modules/@expo/config/package.json
425 verbose installManyTop reading scoped package data from /Users/hanna/Documents/PUMA/puma/node_modules/@expo/config-plugins/package.json
426 verbose installManyTop reading scoped package data from /Users/hanna/Documents/PUMA/puma/node_modules/@expo/config-types/package.json
427 verbose installManyTop reading scoped package data from /Users/hanna/Documents/PUMA/puma/node_modules/@expo/devcert/package.json
428 verbose installManyTop reading scoped package data from /Users/hanna/Documents/PUMA/puma/node_modules/@expo/devtools/package.json
429 verbose installManyTop reading scoped package data from /Users/hanna/Documents/PUMA/puma/node_modules/@expo/dom-webview/package.json
430 verbose installManyTop reading scoped package data from /Users/hanna/Documents/PUMA/puma/node_modules/@expo/env/package.json
431 verbose installManyTop reading scoped package data from /Users/hanna/Documents/PUMA/puma/node_modules/@expo/expo-modules-macros-plugin/package.json
432 verbose installManyTop reading scoped package data from /Users/hanna/Documents/PUMA/puma/node_modules/@expo/fingerprint/package.json
433 verbose installManyTop reading scoped package data from /Users/hanna/Documents/PUMA/puma/node_modules/@expo/image-utils/package.json
434 verbose installManyTop reading scoped package data from /Users/hanna/Documents/PUMA/puma/node_modules/@expo/inline-modules/package.json
435 verbose installManyTop reading scoped package data from /Users/hanna/Documents/PUMA/puma/node_modules/@expo/json-file/package.json
436 verbose installManyTop reading scoped package data from /Users/hanna/Documents/PUMA/puma/node_modules/@expo/local-build-cache-provider/package.json
437 verbose installManyTop reading scoped package data from /Users/hanna/Documents/PUMA/puma/node_modules/@expo/log-box/package.json
438 verbose installManyTop reading scoped package data from /Users/hanna/Documents/PUMA/puma/node_modules/@expo/metro/package.json
439 verbose installManyTop reading scoped package data from /Users/hanna/Documents/PUMA/puma/node_modules/@expo/metro-config/package.json
440 verbose installManyTop reading scoped package data from /Users/hanna/Documents/PUMA/puma/node_modules/@expo/metro-file-map/package.json
441 verbose installManyTop reading scoped package data from /Users/hanna/Documents/PUMA/puma/node_modules/@expo/metro-runtime/package.json
442 verbose installManyTop reading scoped package data from /Users/hanna/Documents/PUMA/puma/node_modules/@expo/osascript/package.json
443 verbose installManyTop reading scoped package data from /Users/hanna/Documents/PUMA/puma/node_modules/@expo/package-manager/package.json
444 verbose installManyTop reading scoped package data from /Users/hanna/Documents/PUMA/puma/node_modules/@expo/plist/package.json
445 verbose installManyTop reading scoped package data from /Users/hanna/Documents/PUMA/puma/node_modules/@expo/prebuild-config/package.json
446 verbose installManyTop reading scoped package data from /Users/hanna/Documents/PUMA/puma/node_modules/@expo/require-utils/package.json
447 verbose installManyTop reading scoped package data from /Users/hanna/Documents/PUMA/puma/node_modules/@expo/schema-utils/package.json
448 verbose installManyTop reading scoped package data from /Users/hanna/Documents/PUMA/puma/node_modules/@expo/sdk-runtime-versions/package.json
449 verbose installManyTop reading scoped package data from /Users/hanna/Documents/PUMA/puma/node_modules/@expo/server/package.json
450 verbose installManyTop reading scoped package data from /Users/hanna/Documents/PUMA/puma/node_modules/@expo/spawn-async/package.json
451 verbose installManyTop reading scoped package data from /Users/hanna/Documents/PUMA/puma/node_modules/@expo/sudo-prompt/package.json
452 verbose installManyTop reading scoped package data from /Users/hanna/Documents/PUMA/puma/node_modules/@expo/ui/package.json
453 verbose installManyTop reading scoped package data from /Users/hanna/Documents/PUMA/puma/node_modules/@expo/xcpretty/package.json
454 verbose installManyTop reading scoped package data from /Users/hanna/Documents/PUMA/puma/node_modules/@isaacs/ttlcache/package.json
455 verbose installManyTop reading scoped package data from /Users/hanna/Documents/PUMA/puma/node_modules/@jest/schemas/package.json
456 verbose installManyTop reading scoped package data from /Users/hanna/Documents/PUMA/puma/node_modules/@jest/types/package.json
457 verbose installManyTop reading scoped package data from /Users/hanna/Documents/PUMA/puma/node_modules/@jridgewell/gen-mapping/package.json
458 verbose installManyTop reading scoped package data from /Users/hanna/Documents/PUMA/puma/node_modules/@jridgewell/remapping/package.json
459 verbose installManyTop reading scoped package data from /Users/hanna/Documents/PUMA/puma/node_modules/@jridgewell/resolve-uri/package.json
460 verbose installManyTop reading scoped package data from /Users/hanna/Documents/PUMA/puma/node_modules/@jridgewell/source-map/package.json
461 verbose installManyTop reading scoped package data from /Users/hanna/Documents/PUMA/puma/node_modules/@jridgewell/sourcemap-codec/package.json
462 verbose installManyTop reading scoped package data from /Users/hanna/Documents/PUMA/puma/node_modules/@jridgewell/trace-mapping/package.json
463 verbose installManyTop reading scoped package data from /Users/hanna/Documents/PUMA/puma/node_modules/@radix-ui/primitive/package.json
464 verbose installManyTop reading scoped package data from /Users/hanna/Documents/PUMA/puma/node_modules/@radix-ui/react-compose-refs/package.json
465 verbose installManyTop reading scoped package data from /Users/hanna/Documents/PUMA/puma/node_modules/@radix-ui/react-context/package.json
466 verbose installManyTop reading scoped package data from /Users/hanna/Documents/PUMA/puma/node_modules/@radix-ui/react-focus-guards/package.json
467 verbose installManyTop reading scoped package data from /Users/hanna/Documents/PUMA/puma/node_modules/@radix-ui/react-id/package.json
468 verbose installManyTop reading scoped package data from /Users/hanna/Documents/PUMA/puma/node_modules/@radix-ui/react-slot/package.json
469 verbose installManyTop reading scoped package data from /Users/hanna/Documents/PUMA/puma/node_modules/@radix-ui/react-use-callback-ref/package.json
470 verbose installManyTop reading scoped package data from /Users/hanna/Documents/PUMA/puma/node_modules/@radix-ui/react-use-controllable-state/package.json
471 verbose installManyTop reading scoped package data from /Users/hanna/Documents/PUMA/puma/node_modules/@radix-ui/react-use-effect-event/package.json
472 verbose installManyTop reading scoped package data from /Users/hanna/Documents/PUMA/puma/node_modules/@radix-ui/react-use-layout-effect/package.json
473 verbose installManyTop reading scoped package data from /Users/hanna/Documents/PUMA/puma/node_modules/@react-native/assets-registry/package.json
474 verbose installManyTop reading scoped package data from /Users/hanna/Documents/PUMA/puma/node_modules/@react-native/babel-plugin-codegen/package.json
475 verbose installManyTop reading scoped package data from /Users/hanna/Documents/PUMA/puma/node_modules/@react-native/babel-preset/package.json
476 verbose installManyTop reading scoped package data from /Users/hanna/Documents/PUMA/puma/node_modules/@react-native/codegen/package.json
477 verbose installManyTop reading scoped package data from /Users/hanna/Documents/PUMA/puma/node_modules/@react-native/community-cli-plugin/package.json
478 verbose installManyTop reading scoped package data from /Users/hanna/Documents/PUMA/puma/node_modules/@react-native/debugger-frontend/package.json
479 verbose installManyTop reading scoped package data from /Users/hanna/Documents/PUMA/puma/node_modules/@react-native/debugger-shell/package.json
480 verbose installManyTop reading scoped package data from /Users/hanna/Documents/PUMA/puma/node_modules/@react-native/dev-middleware/package.json
481 verbose installManyTop reading scoped package data from /Users/hanna/Documents/PUMA/puma/node_modules/@react-native/gradle-plugin/package.json
482 verbose installManyTop reading scoped package data from /Users/hanna/Documents/PUMA/puma/node_modules/@react-native/js-polyfills/package.json
483 verbose installManyTop reading scoped package data from /Users/hanna/Documents/PUMA/puma/node_modules/@react-native/metro-babel-transformer/package.json
484 verbose installManyTop reading scoped package data from /Users/hanna/Documents/PUMA/puma/node_modules/@react-native/metro-config/package.json
485 verbose installManyTop reading scoped package data from /Users/hanna/Documents/PUMA/puma/node_modules/@react-native/normalize-colors/package.json
486 verbose installManyTop reading scoped package data from /Users/hanna/Documents/PUMA/puma/node_modules/@react-native/virtualized-lists/package.json
487 verbose installManyTop reading scoped package data from /Users/hanna/Documents/PUMA/puma/node_modules/@react-navigation/bottom-tabs/package.json
488 verbose installManyTop reading scoped package data from /Users/hanna/Documents/PUMA/puma/node_modules/@react-navigation/core/package.json
489 verbose installManyTop reading scoped package data from /Users/hanna/Documents/PUMA/puma/node_modules/@react-navigation/elements/package.json
490 verbose installManyTop reading scoped package data from /Users/hanna/Documents/PUMA/puma/node_modules/@react-navigation/native/package.json
491 verbose installManyTop reading scoped package data from /Users/hanna/Documents/PUMA/puma/node_modules/@react-navigation/native-stack/package.json
492 verbose installManyTop reading scoped package data from /Users/hanna/Documents/PUMA/puma/node_modules/@react-navigation/routers/package.json
493 verbose installManyTop reading scoped package data from /Users/hanna/Documents/PUMA/puma/node_modules/@ungap/structured-clone/package.json
494 verbose installManyTop reading scoped package data from /Users/hanna/Documents/PUMA/puma/node_modules/@sinclair/typebox/package.json
495 verbose installManyTop reading scoped package data from /Users/hanna/Documents/PUMA/puma/node_modules/@types/hammerjs/package.json
496 verbose installManyTop reading scoped package data from /Users/hanna/Documents/PUMA/puma/node_modules/@types/istanbul-lib-coverage/package.json
497 verbose installManyTop reading scoped package data from /Users/hanna/Documents/PUMA/puma/node_modules/@types/istanbul-lib-report/package.json
498 verbose installManyTop reading scoped package data from /Users/hanna/Documents/PUMA/puma/node_modules/@types/istanbul-reports/package.json
499 verbose installManyTop reading scoped package data from /Users/hanna/Documents/PUMA/puma/node_modules/@types/node/package.json
500 verbose installManyTop reading scoped package data from /Users/hanna/Documents/PUMA/puma/node_modules/@types/react/package.json
501 verbose installManyTop reading scoped package data from /Users/hanna/Documents/PUMA/puma/node_modules/@types/react-native/package.json
502 verbose installManyTop reading scoped package data from /Users/hanna/Documents/PUMA/puma/node_modules/@types/react-test-renderer/package.json
503 verbose installManyTop reading scoped package data from /Users/hanna/Documents/PUMA/puma/node_modules/@types/yargs/package.json
504 verbose installManyTop reading scoped package data from /Users/hanna/Documents/PUMA/puma/node_modules/@types/yargs-parser/package.json
505 verbose installManyTop reading scoped package data from /Users/hanna/Documents/PUMA/puma/node_modules/@xmldom/xmldom/package.json
506 verbose installManyTop reading scoped package data from /Users/hanna/Documents/PUMA/puma/node_modules/@epic-web/invariant/package.json
507 info package.json client-only@0.0.1 No repository field.
508 info package.json client-only@0.0.1 No README data
509 info package.json hermes-compiler@250829098.0.17 No README data
510 info package.json jest-get-type@29.6.3 No README data
511 info package.json metro-babel-transformer@0.84.5 No README data
512 info package.json metro-cache@0.84.5 No README data
513 info package.json metro-minify-terser@0.84.5 No README data
514 info package.json metro-cache-key@0.84.5 No README data
515 info package.json metro-symbolicate@0.84.5 No README data
516 info package.json metro-runtime@0.84.6 No README data
517 info package.json metro-transform-plugins@0.84.5 No README data
518 info package.json metro-transform-worker@0.84.5 No README data
519 info package.json setimmediate@1.0.5 No README data
520 info package.json server-only@0.0.1 No repository field.
521 info package.json server-only@0.0.1 No README data
522 info package.json tr46@0.0.3 No README data
523 info package.json @expo/expo-modules-macros-plugin@0.6.1 No README data
524 info package.json @expo/inline-modules@0.1.7 No README data
525 info package.json @expo/metro@56.0.2 No README data
526 info package.json @react-native/metro-babel-transformer@0.86.3 No README data
527 info package.json glob@13.0.6 license should be a valid SPDX license expression
528 info package.json lighthouse-logger@1.4.2 No repository field.
529 info package.json minipass@7.1.3 license should be a valid SPDX license expression
530 info package.json minimatch@10.2.6 license should be a valid SPDX license expression
531 info package.json package-json-from-dist@1.0.1 license should be a valid SPDX license expression
532 info package.json path-scurry@2.0.2 license should be a valid SPDX license expression
533 info package.json sax@1.6.1 license should be a valid SPDX license expression
534 info package.json rimraf@6.1.3 license should be a valid SPDX license expression
535 info package.json @expo/log-box@57.0.4 No repository field.
536 info package.json @expo/sdk-runtime-versions@1.0.0 No repository field.
537 verbose readDependencies loading dependencies from /Users/hanna/Documents/PUMA/puma/package.json
538 verbose targetResolver reading package data from /Users/hanna/Documents/PUMA/puma/node_modules/abort-controller/package.json
539 verbose targetResolver reading package data from /Users/hanna/Documents/PUMA/puma/node_modules/accepts/package.json
540 verbose targetResolver reading package data from /Users/hanna/Documents/PUMA/puma/node_modules/acorn/package.json
541 verbose targetResolver reading package data from /Users/hanna/Documents/PUMA/puma/node_modules/agent-base/package.json
542 verbose targetResolver reading package data from /Users/hanna/Documents/PUMA/puma/node_modules/agent-cli-detector/package.json
543 verbose targetResolver reading package data from /Users/hanna/Documents/PUMA/puma/node_modules/anser/package.json
544 verbose targetResolver reading package data from /Users/hanna/Documents/PUMA/puma/node_modules/ansi-escapes/package.json
545 verbose targetResolver reading package data from /Users/hanna/Documents/PUMA/puma/node_modules/ansi-regex/package.json
546 verbose targetResolver reading package data from /Users/hanna/Documents/PUMA/puma/node_modules/ansi-styles/package.json
547 verbose targetResolver reading package data from /Users/hanna/Documents/PUMA/puma/node_modules/arg/package.json
548 verbose targetResolver reading package data from /Users/hanna/Documents/PUMA/puma/node_modules/argparse/package.json
549 verbose targetResolver reading package data from /Users/hanna/Documents/PUMA/puma/node_modules/aria-hidden/package.json
550 verbose targetResolver reading package data from /Users/hanna/Documents/PUMA/puma/node_modules/asap/package.json
551 verbose targetResolver reading package data from /Users/hanna/Documents/PUMA/puma/node_modules/babel-plugin-polyfill-corejs2/package.json
552 verbose targetResolver reading package data from /Users/hanna/Documents/PUMA/puma/node_modules/babel-plugin-polyfill-corejs3/package.json
553 verbose targetResolver reading package data from /Users/hanna/Documents/PUMA/puma/node_modules/babel-plugin-polyfill-regenerator/package.json
554 verbose targetResolver reading package data from /Users/hanna/Documents/PUMA/puma/node_modules/babel-plugin-react-compiler/package.json
555 verbose targetResolver reading package data from /Users/hanna/Documents/PUMA/puma/node_modules/babel-plugin-react-native-web/package.json
556 verbose targetResolver reading package data from /Users/hanna/Documents/PUMA/puma/node_modules/babel-plugin-syntax-hermes-parser/package.json
557 verbose targetResolver reading package data from /Users/hanna/Documents/PUMA/puma/node_modules/babel-plugin-transform-flow-enums/package.json
558 verbose targetResolver reading package data from /Users/hanna/Documents/PUMA/puma/node_modules/babel-preset-expo/package.json
559 verbose targetResolver reading package data from /Users/hanna/Documents/PUMA/puma/node_modules/balanced-match/package.json
560 verbose targetResolver reading package data from /Users/hanna/Documents/PUMA/puma/node_modules/base64-js/package.json
561 verbose targetResolver reading package data from /Users/hanna/Documents/PUMA/puma/node_modules/baseline-browser-mapping/package.json
562 verbose targetResolver reading package data from /Users/hanna/Documents/PUMA/puma/node_modules/big-integer/package.json
563 verbose targetResolver reading package data from /Users/hanna/Documents/PUMA/puma/node_modules/bplist-creator/package.json
564 verbose targetResolver reading package data from /Users/hanna/Documents/PUMA/puma/node_modules/bplist-parser/package.json
565 verbose targetResolver reading package data from /Users/hanna/Documents/PUMA/puma/node_modules/brace-expansion/package.json
566 verbose targetResolver reading package data from /Users/hanna/Documents/PUMA/puma/node_modules/braces/package.json
567 verbose targetResolver reading package data from /Users/hanna/Documents/PUMA/puma/node_modules/browserslist/package.json
568 verbose targetResolver reading package data from /Users/hanna/Documents/PUMA/puma/node_modules/bser/package.json
569 verbose targetResolver reading package data from /Users/hanna/Documents/PUMA/puma/node_modules/buffer-from/package.json
570 verbose targetResolver reading package data from /Users/hanna/Documents/PUMA/puma/node_modules/bytes/package.json
571 verbose targetResolver reading package data from /Users/hanna/Documents/PUMA/puma/node_modules/camelcase/package.json
572 verbose targetResolver reading package data from /Users/hanna/Documents/PUMA/puma/node_modules/caniuse-lite/package.json
573 verbose targetResolver reading package data from /Users/hanna/Documents/PUMA/puma/node_modules/chalk/package.json
574 verbose targetResolver reading package data from /Users/hanna/Documents/PUMA/puma/node_modules/chrome-launcher/package.json
575 verbose targetResolver reading package data from /Users/hanna/Documents/PUMA/puma/node_modules/chromium-edge-launcher/package.json
576 verbose targetResolver reading package data from /Users/hanna/Documents/PUMA/puma/node_modules/ci-info/package.json
577 verbose targetResolver reading package data from /Users/hanna/Documents/PUMA/puma/node_modules/cli-cursor/package.json
578 verbose targetResolver reading package data from /Users/hanna/Documents/PUMA/puma/node_modules/cli-spinners/package.json
579 verbose targetResolver reading package data from /Users/hanna/Documents/PUMA/puma/node_modules/client-only/package.json
580 verbose targetResolver reading package data from /Users/hanna/Documents/PUMA/puma/node_modules/cliui/package.json
581 verbose targetResolver reading package data from /Users/hanna/Documents/PUMA/puma/node_modules/clone/package.json
582 verbose targetResolver reading package data from /Users/hanna/Documents/PUMA/puma/node_modules/color/package.json
583 verbose targetResolver reading package data from /Users/hanna/Documents/PUMA/puma/node_modules/color-convert/package.json
584 verbose targetResolver reading package data from /Users/hanna/Documents/PUMA/puma/node_modules/color-name/package.json
585 verbose targetResolver reading package data from /Users/hanna/Documents/PUMA/puma/node_modules/color-string/package.json
586 verbose targetResolver reading package data from /Users/hanna/Documents/PUMA/puma/node_modules/commander/package.json
587 verbose targetResolver reading package data from /Users/hanna/Documents/PUMA/puma/node_modules/compressible/package.json
588 verbose targetResolver reading package data from /Users/hanna/Documents/PUMA/puma/node_modules/compression/package.json
589 verbose targetResolver reading package data from /Users/hanna/Documents/PUMA/puma/node_modules/connect/package.json
590 verbose targetResolver reading package data from /Users/hanna/Documents/PUMA/puma/node_modules/content-type/package.json
591 verbose targetResolver reading package data from /Users/hanna/Documents/PUMA/puma/node_modules/convert-source-map/package.json
592 verbose targetResolver reading package data from /Users/hanna/Documents/PUMA/puma/node_modules/core-js-compat/package.json
593 verbose targetResolver reading package data from /Users/hanna/Documents/PUMA/puma/node_modules/cross-env/package.json
594 verbose targetResolver reading package data from /Users/hanna/Documents/PUMA/puma/node_modules/cross-fetch/package.json
595 verbose targetResolver reading package data from /Users/hanna/Documents/PUMA/puma/node_modules/cross-spawn/package.json
596 verbose targetResolver reading package data from /Users/hanna/Documents/PUMA/puma/node_modules/css-in-js-utils/package.json
597 verbose targetResolver reading package data from /Users/hanna/Documents/PUMA/puma/node_modules/csstype/package.json
598 verbose targetResolver reading package data from /Users/hanna/Documents/PUMA/puma/node_modules/debug/package.json
599 verbose targetResolver reading package data from /Users/hanna/Documents/PUMA/puma/node_modules/deepmerge/package.json
600 verbose targetResolver reading package data from /Users/hanna/Documents/PUMA/puma/node_modules/defaults/package.json
601 verbose targetResolver reading package data from /Users/hanna/Documents/PUMA/puma/node_modules/depd/package.json
602 verbose targetResolver reading package data from /Users/hanna/Documents/PUMA/puma/node_modules/destroy/package.json
603 verbose targetResolver reading package data from /Users/hanna/Documents/PUMA/puma/node_modules/detect-libc/package.json
604 verbose targetResolver reading package data from /Users/hanna/Documents/PUMA/puma/node_modules/detect-node-es/package.json
605 verbose targetResolver reading package data from /Users/hanna/Documents/PUMA/puma/node_modules/dnssd-advertise/package.json
606 verbose targetResolver reading package data from /Users/hanna/Documents/PUMA/puma/node_modules/ee-first/package.json
607 verbose targetResolver reading package data from /Users/hanna/Documents/PUMA/puma/node_modules/electron-to-chromium/package.json
608 verbose targetResolver reading package data from /Users/hanna/Documents/PUMA/puma/node_modules/emoji-regex/package.json
609 verbose targetResolver reading package data from /Users/hanna/Documents/PUMA/puma/node_modules/encodeurl/package.json
610 verbose targetResolver reading package data from /Users/hanna/Documents/PUMA/puma/node_modules/error-stack-parser/package.json
611 verbose targetResolver reading package data from /Users/hanna/Documents/PUMA/puma/node_modules/es-errors/package.json
612 verbose targetResolver reading package data from /Users/hanna/Documents/PUMA/puma/node_modules/escalade/package.json
613 verbose targetResolver reading package data from /Users/hanna/Documents/PUMA/puma/node_modules/escape-html/package.json
614 verbose targetResolver reading package data from /Users/hanna/Documents/PUMA/puma/node_modules/escape-string-regexp/package.json
615 verbose targetResolver reading package data from /Users/hanna/Documents/PUMA/puma/node_modules/etag/package.json
616 verbose targetResolver reading package data from /Users/hanna/Documents/PUMA/puma/node_modules/event-target-shim/package.json
617 verbose targetResolver reading package data from /Users/hanna/Documents/PUMA/puma/node_modules/expo/package.json
618 verbose targetResolver reading package data from /Users/hanna/Documents/PUMA/puma/node_modules/expo-asset/package.json
619 verbose targetResolver reading package data from /Users/hanna/Documents/PUMA/puma/node_modules/expo-constants/package.json
620 verbose targetResolver reading package data from /Users/hanna/Documents/PUMA/puma/node_modules/expo-device/package.json
621 verbose targetResolver reading package data from /Users/hanna/Documents/PUMA/puma/node_modules/expo-file-system/package.json
622 verbose targetResolver reading package data from /Users/hanna/Documents/PUMA/puma/node_modules/expo-font/package.json
623 verbose targetResolver reading package data from /Users/hanna/Documents/PUMA/puma/node_modules/expo-glass-effect/package.json
624 verbose targetResolver reading package data from /Users/hanna/Documents/PUMA/puma/node_modules/expo-image/package.json
625 verbose targetResolver reading package data from /Users/hanna/Documents/PUMA/puma/node_modules/expo-keep-awake/package.json
626 verbose targetResolver reading package data from /Users/hanna/Documents/PUMA/puma/node_modules/expo-linking/package.json
627 verbose targetResolver reading package data from /Users/hanna/Documents/PUMA/puma/node_modules/expo-modules-autolinking/package.json
628 verbose targetResolver reading package data from /Users/hanna/Documents/PUMA/puma/node_modules/expo-modules-core/package.json
629 verbose targetResolver reading package data from /Users/hanna/Documents/PUMA/puma/node_modules/expo-modules-jsi/package.json
630 verbose targetResolver reading package data from /Users/hanna/Documents/PUMA/puma/node_modules/expo-router/package.json
631 verbose targetResolver reading package data from /Users/hanna/Documents/PUMA/puma/node_modules/expo-server/package.json
632 verbose targetResolver reading package data from /Users/hanna/Documents/PUMA/puma/node_modules/expo-splash-screen/package.json
633 verbose targetResolver reading package data from /Users/hanna/Documents/PUMA/puma/node_modules/expo-status-bar/package.json
634 verbose targetResolver reading package data from /Users/hanna/Documents/PUMA/puma/node_modules/expo-symbols/package.json
635 verbose targetResolver reading package data from /Users/hanna/Documents/PUMA/puma/node_modules/expo-system-ui/package.json
636 verbose targetResolver reading package data from /Users/hanna/Documents/PUMA/puma/node_modules/expo-web-browser/package.json
637 verbose targetResolver reading package data from /Users/hanna/Documents/PUMA/puma/node_modules/exponential-backoff/package.json
638 verbose targetResolver reading package data from /Users/hanna/Documents/PUMA/puma/node_modules/fast-deep-equal/package.json
639 verbose targetResolver reading package data from /Users/hanna/Documents/PUMA/puma/node_modules/fb-dotslash/package.json
640 verbose targetResolver reading package data from /Users/hanna/Documents/PUMA/puma/node_modules/fb-watchman/package.json
641 verbose targetResolver reading package data from /Users/hanna/Documents/PUMA/puma/node_modules/fbjs/package.json
642 verbose targetResolver reading package data from /Users/hanna/Documents/PUMA/puma/node_modules/fbjs-css-vars/package.json
643 verbose targetResolver reading package data from /Users/hanna/Documents/PUMA/puma/node_modules/fdir/package.json
644 verbose targetResolver reading package data from /Users/hanna/Documents/PUMA/puma/node_modules/fetch-nodeshim/package.json
645 verbose targetResolver reading package data from /Users/hanna/Documents/PUMA/puma/node_modules/fill-range/package.json
646 verbose targetResolver reading package data from /Users/hanna/Documents/PUMA/puma/node_modules/finalhandler/package.json
647 verbose targetResolver reading package data from /Users/hanna/Documents/PUMA/puma/node_modules/flow-enums-runtime/package.json
648 verbose targetResolver reading package data from /Users/hanna/Documents/PUMA/puma/node_modules/fontfaceobserver/package.json
649 verbose targetResolver reading package data from /Users/hanna/Documents/PUMA/puma/node_modules/fresh/package.json
650 verbose targetResolver reading package data from /Users/hanna/Documents/PUMA/puma/node_modules/function-bind/package.json
651 verbose targetResolver reading package data from /Users/hanna/Documents/PUMA/puma/node_modules/gensync/package.json
652 verbose targetResolver reading package data from /Users/hanna/Documents/PUMA/puma/node_modules/get-caller-file/package.json
653 verbose targetResolver reading package data from /Users/hanna/Documents/PUMA/puma/node_modules/get-nonce/package.json
654 verbose targetResolver reading package data from /Users/hanna/Documents/PUMA/puma/node_modules/getenv/package.json
655 verbose targetResolver reading package data from /Users/hanna/Documents/PUMA/puma/node_modules/glob/package.json
656 verbose targetResolver reading package data from /Users/hanna/Documents/PUMA/puma/node_modules/graceful-fs/package.json
657 verbose targetResolver reading package data from /Users/hanna/Documents/PUMA/puma/node_modules/has-flag/package.json
658 verbose targetResolver reading package data from /Users/hanna/Documents/PUMA/puma/node_modules/hasown/package.json
659 verbose targetResolver reading package data from /Users/hanna/Documents/PUMA/puma/node_modules/hermes-compiler/package.json
660 verbose targetResolver reading package data from /Users/hanna/Documents/PUMA/puma/node_modules/hermes-estree/package.json
661 verbose targetResolver reading package data from /Users/hanna/Documents/PUMA/puma/node_modules/hermes-parser/package.json
662 verbose targetResolver reading package data from /Users/hanna/Documents/PUMA/puma/node_modules/hoist-non-react-statics/package.json
663 verbose targetResolver reading package data from /Users/hanna/Documents/PUMA/puma/node_modules/hosted-git-info/package.json
664 verbose targetResolver reading package data from /Users/hanna/Documents/PUMA/puma/node_modules/http-errors/package.json
665 verbose targetResolver reading package data from /Users/hanna/Documents/PUMA/puma/node_modules/https-proxy-agent/package.json
666 verbose targetResolver reading package data from /Users/hanna/Documents/PUMA/puma/node_modules/hyphenate-style-name/package.json
667 verbose targetResolver reading package data from /Users/hanna/Documents/PUMA/puma/node_modules/ignore/package.json
668 verbose targetResolver reading package data from /Users/hanna/Documents/PUMA/puma/node_modules/inherits/package.json
669 verbose targetResolver reading package data from /Users/hanna/Documents/PUMA/puma/node_modules/inline-style-prefixer/package.json
670 verbose targetResolver reading package data from /Users/hanna/Documents/PUMA/puma/node_modules/invariant/package.json
671 verbose targetResolver reading package data from /Users/hanna/Documents/PUMA/puma/node_modules/is-arrayish/package.json
672 verbose targetResolver reading package data from /Users/hanna/Documents/PUMA/puma/node_modules/is-core-module/package.json
673 verbose targetResolver reading package data from /Users/hanna/Documents/PUMA/puma/node_modules/is-docker/package.json
674 verbose targetResolver reading package data from /Users/hanna/Documents/PUMA/puma/node_modules/is-fullwidth-code-point/package.json
675 verbose targetResolver reading package data from /Users/hanna/Documents/PUMA/puma/node_modules/is-number/package.json
676 verbose targetResolver reading package data from /Users/hanna/Documents/PUMA/puma/node_modules/is-wsl/package.json
677 verbose targetResolver reading package data from /Users/hanna/Documents/PUMA/puma/node_modules/isexe/package.json
678 verbose targetResolver reading package data from /Users/hanna/Documents/PUMA/puma/node_modules/jest-get-type/package.json
679 verbose targetResolver reading package data from /Users/hanna/Documents/PUMA/puma/node_modules/jest-util/package.json
680 verbose targetResolver reading package data from /Users/hanna/Documents/PUMA/puma/node_modules/jest-validate/package.json
681 verbose targetResolver reading package data from /Users/hanna/Documents/PUMA/puma/node_modules/jest-worker/package.json
682 verbose targetResolver reading package data from /Users/hanna/Documents/PUMA/puma/node_modules/jimp-compact/package.json
683 verbose targetResolver reading package data from /Users/hanna/Documents/PUMA/puma/node_modules/js-tokens/package.json
684 verbose targetResolver reading package data from /Users/hanna/Documents/PUMA/puma/node_modules/js-yaml/package.json
685 verbose targetResolver reading package data from /Users/hanna/Documents/PUMA/puma/node_modules/jsc-safe-url/package.json
686 verbose targetResolver reading package data from /Users/hanna/Documents/PUMA/puma/node_modules/jsesc/package.json
687 verbose targetResolver reading package data from /Users/hanna/Documents/PUMA/puma/node_modules/json5/package.json
688 verbose targetResolver reading package data from /Users/hanna/Documents/PUMA/puma/node_modules/kleur/package.json
689 verbose targetResolver reading package data from /Users/hanna/Documents/PUMA/puma/node_modules/lan-network/package.json
690 verbose targetResolver reading package data from /Users/hanna/Documents/PUMA/puma/node_modules/leven/package.json
691 verbose targetResolver reading package data from /Users/hanna/Documents/PUMA/puma/node_modules/lighthouse-logger/package.json
692 verbose targetResolver reading package data from /Users/hanna/Documents/PUMA/puma/node_modules/lightningcss/package.json
693 verbose targetResolver reading package data from /Users/hanna/Documents/PUMA/puma/node_modules/lightningcss-darwin-arm64/package.json
694 verbose targetResolver reading package data from /Users/hanna/Documents/PUMA/puma/node_modules/lodash.debounce/package.json
695 verbose targetResolver reading package data from /Users/hanna/Documents/PUMA/puma/node_modules/lodash.throttle/package.json
696 verbose targetResolver reading package data from /Users/hanna/Documents/PUMA/puma/node_modules/log-symbols/package.json
697 verbose targetResolver reading package data from /Users/hanna/Documents/PUMA/puma/node_modules/loose-envify/package.json
698 verbose targetResolver reading package data from /Users/hanna/Documents/PUMA/puma/node_modules/lru-cache/package.json
699 verbose targetResolver reading package data from /Users/hanna/Documents/PUMA/puma/node_modules/makeerror/package.json
700 verbose targetResolver reading package data from /Users/hanna/Documents/PUMA/puma/node_modules/marky/package.json
701 verbose targetResolver reading package data from /Users/hanna/Documents/PUMA/puma/node_modules/memoize-one/package.json
702 verbose targetResolver reading package data from /Users/hanna/Documents/PUMA/puma/node_modules/merge-stream/package.json
703 verbose targetResolver reading package data from /Users/hanna/Documents/PUMA/puma/node_modules/metro/package.json
704 verbose targetResolver reading package data from /Users/hanna/Documents/PUMA/puma/node_modules/metro-babel-transformer/package.json
705 verbose targetResolver reading package data from /Users/hanna/Documents/PUMA/puma/node_modules/metro-cache/package.json
706 verbose targetResolver reading package data from /Users/hanna/Documents/PUMA/puma/node_modules/metro-cache-key/package.json
707 verbose targetResolver reading package data from /Users/hanna/Documents/PUMA/puma/node_modules/metro-config/package.json
708 verbose targetResolver reading package data from /Users/hanna/Documents/PUMA/puma/node_modules/metro-core/package.json
709 verbose targetResolver reading package data from /Users/hanna/Documents/PUMA/puma/node_modules/metro-file-map/package.json
710 verbose targetResolver reading package data from /Users/hanna/Documents/PUMA/puma/node_modules/metro-minify-terser/package.json
711 verbose targetResolver reading package data from /Users/hanna/Documents/PUMA/puma/node_modules/metro-resolver/package.json
712 verbose targetResolver reading package data from /Users/hanna/Documents/PUMA/puma/node_modules/metro-runtime/package.json
713 verbose targetResolver reading package data from /Users/hanna/Documents/PUMA/puma/node_modules/metro-source-map/package.json
714 verbose targetResolver reading package data from /Users/hanna/Documents/PUMA/puma/node_modules/metro-symbolicate/package.json
715 verbose targetResolver reading package data from /Users/hanna/Documents/PUMA/puma/node_modules/metro-transform-plugins/package.json
716 verbose targetResolver reading package data from /Users/hanna/Documents/PUMA/puma/node_modules/metro-transform-worker/package.json
717 verbose targetResolver reading package data from /Users/hanna/Documents/PUMA/puma/node_modules/micromatch/package.json
718 verbose targetResolver reading package data from /Users/hanna/Documents/PUMA/puma/node_modules/mime/package.json
719 verbose targetResolver reading package data from /Users/hanna/Documents/PUMA/puma/node_modules/mime-db/package.json
720 verbose targetResolver reading package data from /Users/hanna/Documents/PUMA/puma/node_modules/mime-types/package.json
721 verbose targetResolver reading package data from /Users/hanna/Documents/PUMA/puma/node_modules/mimic-fn/package.json
722 verbose targetResolver reading package data from /Users/hanna/Documents/PUMA/puma/node_modules/minimatch/package.json
723 verbose targetResolver reading package data from /Users/hanna/Documents/PUMA/puma/node_modules/minipass/package.json
724 verbose targetResolver reading package data from /Users/hanna/Documents/PUMA/puma/node_modules/mkdirp/package.json
725 verbose targetResolver reading package data from /Users/hanna/Documents/PUMA/puma/node_modules/ms/package.json
726 verbose targetResolver reading package data from /Users/hanna/Documents/PUMA/puma/node_modules/multitars/package.json
727 verbose targetResolver reading package data from /Users/hanna/Documents/PUMA/puma/node_modules/nanoid/package.json
728 verbose targetResolver reading package data from /Users/hanna/Documents/PUMA/puma/node_modules/negotiator/package.json
729 verbose targetResolver reading package data from /Users/hanna/Documents/PUMA/puma/node_modules/node-fetch/package.json
730 verbose targetResolver reading package data from /Users/hanna/Documents/PUMA/puma/node_modules/node-forge/package.json
731 verbose targetResolver reading package data from /Users/hanna/Documents/PUMA/puma/node_modules/node-int64/package.json
732 verbose targetResolver reading package data from /Users/hanna/Documents/PUMA/puma/node_modules/node-releases/package.json
733 verbose targetResolver reading package data from /Users/hanna/Documents/PUMA/puma/node_modules/npm-package-arg/package.json
734 verbose targetResolver reading package data from /Users/hanna/Documents/PUMA/puma/node_modules/nullthrows/package.json
735 verbose targetResolver reading package data from /Users/hanna/Documents/PUMA/puma/node_modules/ob1/package.json
736 verbose targetResolver reading package data from /Users/hanna/Documents/PUMA/puma/node_modules/object-assign/package.json
737 verbose targetResolver reading package data from /Users/hanna/Documents/PUMA/puma/node_modules/on-finished/package.json
738 verbose targetResolver reading package data from /Users/hanna/Documents/PUMA/puma/node_modules/on-headers/package.json
739 verbose targetResolver reading package data from /Users/hanna/Documents/PUMA/puma/node_modules/onetime/package.json
740 verbose targetResolver reading package data from /Users/hanna/Documents/PUMA/puma/node_modules/open/package.json
741 verbose targetResolver reading package data from /Users/hanna/Documents/PUMA/puma/node_modules/ora/package.json
742 verbose targetResolver reading package data from /Users/hanna/Documents/PUMA/puma/node_modules/package-json-from-dist/package.json
743 verbose targetResolver reading package data from /Users/hanna/Documents/PUMA/puma/node_modules/parse-png/package.json
744 verbose targetResolver reading package data from /Users/hanna/Documents/PUMA/puma/node_modules/parseurl/package.json
745 verbose targetResolver reading package data from /Users/hanna/Documents/PUMA/puma/node_modules/path-key/package.json
746 verbose targetResolver reading package data from /Users/hanna/Documents/PUMA/puma/node_modules/path-parse/package.json
747 verbose targetResolver reading package data from /Users/hanna/Documents/PUMA/puma/node_modules/path-scurry/package.json
748 verbose targetResolver reading package data from /Users/hanna/Documents/PUMA/puma/node_modules/picocolors/package.json
749 verbose targetResolver reading package data from /Users/hanna/Documents/PUMA/puma/node_modules/picomatch/package.json
750 verbose targetResolver reading package data from /Users/hanna/Documents/PUMA/puma/node_modules/plist/package.json
751 verbose targetResolver reading package data from /Users/hanna/Documents/PUMA/puma/node_modules/pngjs/package.json
752 verbose targetResolver reading package data from /Users/hanna/Documents/PUMA/puma/node_modules/postcss/package.json
753 verbose targetResolver reading package data from /Users/hanna/Documents/PUMA/puma/node_modules/postcss-value-parser/package.json
754 verbose targetResolver reading package data from /Users/hanna/Documents/PUMA/puma/node_modules/pretty-format/package.json
755 verbose targetResolver reading package data from /Users/hanna/Documents/PUMA/puma/node_modules/proc-log/package.json
756 verbose targetResolver reading package data from /Users/hanna/Documents/PUMA/puma/node_modules/progress/package.json
757 verbose targetResolver reading package data from /Users/hanna/Documents/PUMA/puma/node_modules/promise/package.json
758 verbose targetResolver reading package data from /Users/hanna/Documents/PUMA/puma/node_modules/prompts/package.json
759 verbose targetResolver reading package data from /Users/hanna/Documents/PUMA/puma/node_modules/range-parser/package.json
760 verbose targetResolver reading package data from /Users/hanna/Documents/PUMA/puma/node_modules/react/package.json
761 verbose targetResolver reading package data from /Users/hanna/Documents/PUMA/puma/node_modules/react-devtools-core/package.json
762 verbose targetResolver reading package data from /Users/hanna/Documents/PUMA/puma/node_modules/react-dom/package.json
763 verbose targetResolver reading package data from /Users/hanna/Documents/PUMA/puma/node_modules/react-fast-compare/package.json
764 verbose targetResolver reading package data from /Users/hanna/Documents/PUMA/puma/node_modules/react-freeze/package.json
765 verbose targetResolver reading package data from /Users/hanna/Documents/PUMA/puma/node_modules/react-is/package.json
766 verbose targetResolver reading package data from /Users/hanna/Documents/PUMA/puma/node_modules/react-native/package.json
767 verbose targetResolver reading package data from /Users/hanna/Documents/PUMA/puma/node_modules/react-native-gesture-handler/package.json
768 verbose targetResolver reading package data from /Users/hanna/Documents/PUMA/puma/node_modules/react-native-is-edge-to-edge/package.json
769 verbose targetResolver reading package data from /Users/hanna/Documents/PUMA/puma/node_modules/react-native-reanimated/package.json
770 verbose targetResolver reading package data from /Users/hanna/Documents/PUMA/puma/node_modules/react-native-safe-area-context/package.json
771 verbose targetResolver reading package data from /Users/hanna/Documents/PUMA/puma/node_modules/react-native-screens/package.json
772 verbose targetResolver reading package data from /Users/hanna/Documents/PUMA/puma/node_modules/react-native-web/package.json
773 verbose targetResolver reading package data from /Users/hanna/Documents/PUMA/puma/node_modules/react-native-worklets/package.json
774 verbose targetResolver reading package data from /Users/hanna/Documents/PUMA/puma/node_modules/react-refresh/package.json
775 verbose targetResolver reading package data from /Users/hanna/Documents/PUMA/puma/node_modules/react-remove-scroll/package.json
776 verbose targetResolver reading package data from /Users/hanna/Documents/PUMA/puma/node_modules/react-remove-scroll-bar/package.json
777 verbose targetResolver reading package data from /Users/hanna/Documents/PUMA/puma/node_modules/react-style-singleton/package.json
778 verbose targetResolver reading package data from /Users/hanna/Documents/PUMA/puma/node_modules/regenerate/package.json
779 verbose targetResolver reading package data from /Users/hanna/Documents/PUMA/puma/node_modules/regenerate-unicode-properties/package.json
780 verbose targetResolver reading package data from /Users/hanna/Documents/PUMA/puma/node_modules/regenerator-runtime/package.json
781 verbose targetResolver reading package data from /Users/hanna/Documents/PUMA/puma/node_modules/regexpu-core/package.json
782 verbose targetResolver reading package data from /Users/hanna/Documents/PUMA/puma/node_modules/regjsgen/package.json
783 verbose targetResolver reading package data from /Users/hanna/Documents/PUMA/puma/node_modules/regjsparser/package.json
784 verbose targetResolver reading package data from /Users/hanna/Documents/PUMA/puma/node_modules/require-directory/package.json
785 verbose targetResolver reading package data from /Users/hanna/Documents/PUMA/puma/node_modules/resolve/package.json
786 verbose targetResolver reading package data from /Users/hanna/Documents/PUMA/puma/node_modules/resolve-from/package.json
787 verbose targetResolver reading package data from /Users/hanna/Documents/PUMA/puma/node_modules/resolve-workspace-root/package.json
788 verbose targetResolver reading package data from /Users/hanna/Documents/PUMA/puma/node_modules/restore-cursor/package.json
789 verbose targetResolver reading package data from /Users/hanna/Documents/PUMA/puma/node_modules/rimraf/package.json
790 verbose targetResolver reading package data from /Users/hanna/Documents/PUMA/puma/node_modules/safe-buffer/package.json
791 verbose targetResolver reading package data from /Users/hanna/Documents/PUMA/puma/node_modules/sandbox-cli-detector/package.json
792 verbose targetResolver reading package data from /Users/hanna/Documents/PUMA/puma/node_modules/sax/package.json
793 verbose targetResolver reading package data from /Users/hanna/Documents/PUMA/puma/node_modules/scheduler/package.json
794 verbose targetResolver reading package data from /Users/hanna/Documents/PUMA/puma/node_modules/semver/package.json
795 verbose targetResolver reading package data from /Users/hanna/Documents/PUMA/puma/node_modules/send/package.json
796 verbose targetResolver reading package data from /Users/hanna/Documents/PUMA/puma/node_modules/serialize-error/package.json
797 verbose targetResolver reading package data from /Users/hanna/Documents/PUMA/puma/node_modules/serve-static/package.json
798 verbose targetResolver reading package data from /Users/hanna/Documents/PUMA/puma/node_modules/server-only/package.json
799 verbose targetResolver reading package data from /Users/hanna/Documents/PUMA/puma/node_modules/setimmediate/package.json
800 verbose targetResolver reading package data from /Users/hanna/Documents/PUMA/puma/node_modules/setprototypeof/package.json
801 verbose targetResolver reading package data from /Users/hanna/Documents/PUMA/puma/node_modules/sf-symbols-typescript/package.json
802 verbose targetResolver reading package data from /Users/hanna/Documents/PUMA/puma/node_modules/shallowequal/package.json
803 verbose targetResolver reading package data from /Users/hanna/Documents/PUMA/puma/node_modules/shebang-command/package.json
804 verbose targetResolver reading package data from /Users/hanna/Documents/PUMA/puma/node_modules/shebang-regex/package.json
805 verbose targetResolver reading package data from /Users/hanna/Documents/PUMA/puma/node_modules/shell-quote/package.json
806 verbose targetResolver reading package data from /Users/hanna/Documents/PUMA/puma/node_modules/signal-exit/package.json
807 verbose targetResolver reading package data from /Users/hanna/Documents/PUMA/puma/node_modules/simple-plist/package.json
808 verbose targetResolver reading package data from /Users/hanna/Documents/PUMA/puma/node_modules/simple-swizzle/package.json
809 verbose targetResolver reading package data from /Users/hanna/Documents/PUMA/puma/node_modules/sisteransi/package.json
810 verbose targetResolver reading package data from /Users/hanna/Documents/PUMA/puma/node_modules/slugify/package.json
811 verbose targetResolver reading package data from /Users/hanna/Documents/PUMA/puma/node_modules/source-map/package.json
812 verbose targetResolver reading package data from /Users/hanna/Documents/PUMA/puma/node_modules/source-map-js/package.json
813 verbose targetResolver reading package data from /Users/hanna/Documents/PUMA/puma/node_modules/source-map-support/package.json
814 verbose targetResolver reading package data from /Users/hanna/Documents/PUMA/puma/node_modules/stackframe/package.json
815 verbose targetResolver reading package data from /Users/hanna/Documents/PUMA/puma/node_modules/stacktrace-parser/package.json
816 verbose targetResolver reading package data from /Users/hanna/Documents/PUMA/puma/node_modules/standard-navigation/package.json
817 verbose targetResolver reading package data from /Users/hanna/Documents/PUMA/puma/node_modules/statuses/package.json
818 verbose targetResolver reading package data from /Users/hanna/Documents/PUMA/puma/node_modules/stream-buffers/package.json
819 verbose targetResolver reading package data from /Users/hanna/Documents/PUMA/puma/node_modules/string-width/package.json
820 verbose targetResolver reading package data from /Users/hanna/Documents/PUMA/puma/node_modules/strip-ansi/package.json
821 verbose targetResolver reading package data from /Users/hanna/Documents/PUMA/puma/node_modules/structured-headers/package.json
822 verbose targetResolver reading package data from /Users/hanna/Documents/PUMA/puma/node_modules/styleq/package.json
823 verbose targetResolver reading package data from /Users/hanna/Documents/PUMA/puma/node_modules/supports-color/package.json
824 verbose targetResolver reading package data from /Users/hanna/Documents/PUMA/puma/node_modules/supports-hyperlinks/package.json
825 verbose targetResolver reading package data from /Users/hanna/Documents/PUMA/puma/node_modules/supports-preserve-symlinks-flag/package.json
826 verbose targetResolver reading package data from /Users/hanna/Documents/PUMA/puma/node_modules/terminal-link/package.json
827 verbose targetResolver reading package data from /Users/hanna/Documents/PUMA/puma/node_modules/terser/package.json
828 verbose targetResolver reading package data from /Users/hanna/Documents/PUMA/puma/node_modules/throat/package.json
829 verbose targetResolver reading package data from /Users/hanna/Documents/PUMA/puma/node_modules/tinyglobby/package.json
830 verbose targetResolver reading package data from /Users/hanna/Documents/PUMA/puma/node_modules/tmpl/package.json
831 verbose targetResolver reading package data from /Users/hanna/Documents/PUMA/puma/node_modules/to-regex-range/package.json
832 verbose targetResolver reading package data from /Users/hanna/Documents/PUMA/puma/node_modules/toidentifier/package.json
833 verbose targetResolver reading package data from /Users/hanna/Documents/PUMA/puma/node_modules/toqr/package.json
834 verbose targetResolver reading package data from /Users/hanna/Documents/PUMA/puma/node_modules/tr46/package.json
835 verbose targetResolver reading package data from /Users/hanna/Documents/PUMA/puma/node_modules/tslib/package.json
836 verbose targetResolver reading package data from /Users/hanna/Documents/PUMA/puma/node_modules/type-fest/package.json
837 verbose targetResolver reading package data from /Users/hanna/Documents/PUMA/puma/node_modules/typescript/package.json
838 verbose targetResolver reading package data from /Users/hanna/Documents/PUMA/puma/node_modules/ua-parser-js/package.json
839 verbose targetResolver reading package data from /Users/hanna/Documents/PUMA/puma/node_modules/undici/package.json
840 verbose targetResolver reading package data from /Users/hanna/Documents/PUMA/puma/node_modules/undici-types/package.json
841 verbose targetResolver reading package data from /Users/hanna/Documents/PUMA/puma/node_modules/unicode-canonical-property-names-ecmascript/package.json
842 verbose targetResolver reading package data from /Users/hanna/Documents/PUMA/puma/node_modules/unicode-match-property-ecmascript/package.json
843 verbose targetResolver reading package data from /Users/hanna/Documents/PUMA/puma/node_modules/unicode-match-property-value-ecmascript/package.json
844 verbose targetResolver reading package data from /Users/hanna/Documents/PUMA/puma/node_modules/unicode-property-aliases-ecmascript/package.json
845 verbose targetResolver reading package data from /Users/hanna/Documents/PUMA/puma/node_modules/unpipe/package.json
846 verbose targetResolver reading package data from /Users/hanna/Documents/PUMA/puma/node_modules/update-browserslist-db/package.json
847 verbose targetResolver reading package data from /Users/hanna/Documents/PUMA/puma/node_modules/use-callback-ref/package.json
848 verbose targetResolver reading package data from /Users/hanna/Documents/PUMA/puma/node_modules/use-latest-callback/package.json
849 verbose targetResolver reading package data from /Users/hanna/Documents/PUMA/puma/node_modules/use-sidecar/package.json
850 verbose targetResolver reading package data from /Users/hanna/Documents/PUMA/puma/node_modules/use-sync-external-store/package.json
851 verbose targetResolver reading package data from /Users/hanna/Documents/PUMA/puma/node_modules/utils-merge/package.json
852 verbose targetResolver reading package data from /Users/hanna/Documents/PUMA/puma/node_modules/uuid/package.json
853 verbose targetResolver reading package data from /Users/hanna/Documents/PUMA/puma/node_modules/validate-npm-package-name/package.json
854 verbose targetResolver reading package data from /Users/hanna/Documents/PUMA/puma/node_modules/vary/package.json
855 verbose targetResolver reading package data from /Users/hanna/Documents/PUMA/puma/node_modules/vaul/package.json
856 verbose targetResolver reading package data from /Users/hanna/Documents/PUMA/puma/node_modules/vlq/package.json
857 verbose targetResolver reading package data from /Users/hanna/Documents/PUMA/puma/node_modules/walker/package.json
858 verbose targetResolver reading package data from /Users/hanna/Documents/PUMA/puma/node_modules/warn-once/package.json
859 verbose targetResolver reading package data from /Users/hanna/Documents/PUMA/puma/node_modules/wcwidth/package.json
860 verbose targetResolver reading package data from /Users/hanna/Documents/PUMA/puma/node_modules/webidl-conversions/package.json
861 verbose targetResolver reading package data from /Users/hanna/Documents/PUMA/puma/node_modules/whatwg-fetch/package.json
862 verbose targetResolver reading package data from /Users/hanna/Documents/PUMA/puma/node_modules/whatwg-url/package.json
863 verbose targetResolver reading package data from /Users/hanna/Documents/PUMA/puma/node_modules/whatwg-url-minimum/package.json
864 verbose targetResolver reading package data from /Users/hanna/Documents/PUMA/puma/node_modules/which/package.json
865 verbose targetResolver reading package data from /Users/hanna/Documents/PUMA/puma/node_modules/wrap-ansi/package.json
866 verbose targetResolver reading package data from /Users/hanna/Documents/PUMA/puma/node_modules/ws/package.json
867 verbose targetResolver reading package data from /Users/hanna/Documents/PUMA/puma/node_modules/xcode/package.json
868 verbose targetResolver reading package data from /Users/hanna/Documents/PUMA/puma/node_modules/xml2js/package.json
869 verbose targetResolver reading package data from /Users/hanna/Documents/PUMA/puma/node_modules/xmlbuilder/package.json
870 verbose targetResolver reading package data from /Users/hanna/Documents/PUMA/puma/node_modules/y18n/package.json
871 verbose targetResolver reading package data from /Users/hanna/Documents/PUMA/puma/node_modules/yallist/package.json
872 verbose targetResolver reading package data from /Users/hanna/Documents/PUMA/puma/node_modules/yaml/package.json
873 verbose targetResolver reading package data from /Users/hanna/Documents/PUMA/puma/node_modules/yargs/package.json
874 verbose targetResolver reading package data from /Users/hanna/Documents/PUMA/puma/node_modules/yargs-parser/package.json
875 verbose targetResolver reading package data from /Users/hanna/Documents/PUMA/puma/node_modules/zod/package.json
876 verbose targetResolver reading package data from /Users/hanna/Documents/PUMA/puma/node_modules/.bin/acorn/package.json
877 verbose targetResolver reading package data from /Users/hanna/Documents/PUMA/puma/node_modules/.bin/agent-cli-detector/package.json
878 verbose targetResolver reading package data from /Users/hanna/Documents/PUMA/puma/node_modules/.bin/baseline-browser-mapping/package.json
879 verbose targetResolver reading package data from /Users/hanna/Documents/PUMA/puma/node_modules/.bin/browserslist/package.json
880 verbose targetResolver reading package data from /Users/hanna/Documents/PUMA/puma/node_modules/.bin/cross-env/package.json
881 verbose targetResolver reading package data from /Users/hanna/Documents/PUMA/puma/node_modules/.bin/cross-env-shell/package.json
882 verbose targetResolver reading package data from /Users/hanna/Documents/PUMA/puma/node_modules/.bin/dotslash/package.json
883 verbose targetResolver reading package data from /Users/hanna/Documents/PUMA/puma/node_modules/.bin/excpretty/package.json
884 verbose targetResolver reading package data from /Users/hanna/Documents/PUMA/puma/node_modules/.bin/expo/package.json
885 verbose targetResolver reading package data from /Users/hanna/Documents/PUMA/puma/node_modules/.bin/expo-internal/package.json
886 verbose targetResolver reading package data from /Users/hanna/Documents/PUMA/puma/node_modules/.bin/expo-modules-autolinking/package.json
887 verbose targetResolver reading package data from /Users/hanna/Documents/PUMA/puma/node_modules/.bin/fingerprint/package.json
888 verbose targetResolver reading package data from /Users/hanna/Documents/PUMA/puma/node_modules/.bin/is-docker/package.json
889 verbose targetResolver reading package data from /Users/hanna/Documents/PUMA/puma/node_modules/.bin/js-yaml/package.json
890 verbose targetResolver reading package data from /Users/hanna/Documents/PUMA/puma/node_modules/.bin/jsesc/package.json
891 verbose targetResolver reading package data from /Users/hanna/Documents/PUMA/puma/node_modules/.bin/json5/package.json
892 verbose targetResolver reading package data from /Users/hanna/Documents/PUMA/puma/node_modules/.bin/lan-network/package.json
893 verbose targetResolver reading package data from /Users/hanna/Documents/PUMA/puma/node_modules/.bin/loose-envify/package.json
894 verbose targetResolver reading package data from /Users/hanna/Documents/PUMA/puma/node_modules/.bin/metro/package.json
895 verbose targetResolver reading package data from /Users/hanna/Documents/PUMA/puma/node_modules/.bin/metro-symbolicate/package.json
896 verbose targetResolver reading package data from /Users/hanna/Documents/PUMA/puma/node_modules/.bin/mime/package.json
897 verbose targetResolver reading package data from /Users/hanna/Documents/PUMA/puma/node_modules/.bin/mkdirp/package.json
898 verbose targetResolver reading package data from /Users/hanna/Documents/PUMA/puma/node_modules/.bin/nanoid/package.json
899 verbose targetResolver reading package data from /Users/hanna/Documents/PUMA/puma/node_modules/.bin/node-which/package.json
900 verbose targetResolver reading package data from /Users/hanna/Documents/PUMA/puma/node_modules/.bin/parser/package.json
901 verbose targetResolver reading package data from /Users/hanna/Documents/PUMA/puma/node_modules/.bin/print-chrome-path/package.json
902 verbose targetResolver reading package data from /Users/hanna/Documents/PUMA/puma/node_modules/.bin/react-native/package.json
903 verbose targetResolver reading package data from /Users/hanna/Documents/PUMA/puma/node_modules/.bin/regjsparser/package.json
904 verbose targetResolver reading package data from /Users/hanna/Documents/PUMA/puma/node_modules/.bin/resolve/package.json
905 verbose targetResolver reading package data from /Users/hanna/Documents/PUMA/puma/node_modules/.bin/rimraf/package.json
906 verbose targetResolver reading package data from /Users/hanna/Documents/PUMA/puma/node_modules/.bin/sandbox-cli-detector/package.json
907 verbose targetResolver reading package data from /Users/hanna/Documents/PUMA/puma/node_modules/.bin/semver/package.json
908 verbose targetResolver reading package data from /Users/hanna/Documents/PUMA/puma/node_modules/.bin/terser/package.json
909 verbose targetResolver reading package data from /Users/hanna/Documents/PUMA/puma/node_modules/.bin/tsc/package.json
910 verbose targetResolver reading package data from /Users/hanna/Documents/PUMA/puma/node_modules/.bin/tsserver/package.json
911 verbose targetResolver reading package data from /Users/hanna/Documents/PUMA/puma/node_modules/.bin/ua-parser-js/package.json
912 verbose targetResolver reading package data from /Users/hanna/Documents/PUMA/puma/node_modules/.bin/update-browserslist-db/package.json
913 verbose targetResolver reading package data from /Users/hanna/Documents/PUMA/puma/node_modules/.bin/uuid/package.json
914 verbose targetResolver reading package data from /Users/hanna/Documents/PUMA/puma/node_modules/.bin/yaml/package.json
915 verbose targetResolver reading package data from /Users/hanna/Documents/PUMA/puma/node_modules/@egjs/hammerjs/package.json
916 verbose targetResolver reading package data from /Users/hanna/Documents/PUMA/puma/node_modules/@expo-google-fonts/material-symbols/package.json
917 verbose targetResolver reading package data from /Users/hanna/Documents/PUMA/puma/node_modules/@expo/cli/package.json
918 verbose targetResolver reading package data from /Users/hanna/Documents/PUMA/puma/node_modules/@expo/code-signing-certificates/package.json
919 verbose targetResolver reading package data from /Users/hanna/Documents/PUMA/puma/node_modules/@expo/config/package.json
920 verbose targetResolver reading package data from /Users/hanna/Documents/PUMA/puma/node_modules/@expo/config-plugins/package.json
921 verbose targetResolver reading package data from /Users/hanna/Documents/PUMA/puma/node_modules/@expo/config-types/package.json
922 verbose targetResolver reading package data from /Users/hanna/Documents/PUMA/puma/node_modules/@expo/devcert/package.json
923 verbose targetResolver reading package data from /Users/hanna/Documents/PUMA/puma/node_modules/@expo/devtools/package.json
924 verbose targetResolver reading package data from /Users/hanna/Documents/PUMA/puma/node_modules/@expo/dom-webview/package.json
925 verbose targetResolver reading package data from /Users/hanna/Documents/PUMA/puma/node_modules/@expo/env/package.json
926 verbose targetResolver reading package data from /Users/hanna/Documents/PUMA/puma/node_modules/@expo/expo-modules-macros-plugin/package.json
927 verbose targetResolver reading package data from /Users/hanna/Documents/PUMA/puma/node_modules/@expo/fingerprint/package.json
928 verbose targetResolver reading package data from /Users/hanna/Documents/PUMA/puma/node_modules/@expo/image-utils/package.json
929 verbose targetResolver reading package data from /Users/hanna/Documents/PUMA/puma/node_modules/@expo/inline-modules/package.json
930 verbose targetResolver reading package data from /Users/hanna/Documents/PUMA/puma/node_modules/@expo/json-file/package.json
931 verbose targetResolver reading package data from /Users/hanna/Documents/PUMA/puma/node_modules/@expo/local-build-cache-provider/package.json
932 verbose targetResolver reading package data from /Users/hanna/Documents/PUMA/puma/node_modules/@expo/log-box/package.json
933 verbose targetResolver reading package data from /Users/hanna/Documents/PUMA/puma/node_modules/@expo/metro/package.json
934 verbose targetResolver reading package data from /Users/hanna/Documents/PUMA/puma/node_modules/@expo/metro-config/package.json
935 verbose targetResolver reading package data from /Users/hanna/Documents/PUMA/puma/node_modules/@expo/metro-file-map/package.json
936 verbose targetResolver reading package data from /Users/hanna/Documents/PUMA/puma/node_modules/@expo/metro-runtime/package.json
937 verbose targetResolver reading package data from /Users/hanna/Documents/PUMA/puma/node_modules/@expo/osascript/package.json
938 verbose targetResolver reading package data from /Users/hanna/Documents/PUMA/puma/node_modules/@expo/package-manager/package.json
939 verbose targetResolver reading package data from /Users/hanna/Documents/PUMA/puma/node_modules/@expo/plist/package.json
940 verbose targetResolver reading package data from /Users/hanna/Documents/PUMA/puma/node_modules/@expo/prebuild-config/package.json
941 verbose targetResolver reading package data from /Users/hanna/Documents/PUMA/puma/node_modules/@expo/require-utils/package.json
942 verbose targetResolver reading package data from /Users/hanna/Documents/PUMA/puma/node_modules/@expo/schema-utils/package.json
943 verbose targetResolver reading package data from /Users/hanna/Documents/PUMA/puma/node_modules/@expo/sdk-runtime-versions/package.json
944 verbose targetResolver reading package data from /Users/hanna/Documents/PUMA/puma/node_modules/@expo/server/package.json
945 verbose targetResolver reading package data from /Users/hanna/Documents/PUMA/puma/node_modules/@expo/spawn-async/package.json
946 verbose targetResolver reading package data from /Users/hanna/Documents/PUMA/puma/node_modules/@expo/sudo-prompt/package.json
947 verbose targetResolver reading package data from /Users/hanna/Documents/PUMA/puma/node_modules/@expo/ui/package.json
948 verbose targetResolver reading package data from /Users/hanna/Documents/PUMA/puma/node_modules/@expo/xcpretty/package.json
949 verbose targetResolver reading package data from /Users/hanna/Documents/PUMA/puma/node_modules/@babel/code-frame/package.json
950 verbose targetResolver reading package data from /Users/hanna/Documents/PUMA/puma/node_modules/@babel/compat-data/package.json
951 verbose targetResolver reading package data from /Users/hanna/Documents/PUMA/puma/node_modules/@babel/core/package.json
952 verbose targetResolver reading package data from /Users/hanna/Documents/PUMA/puma/node_modules/@babel/generator/package.json
953 verbose targetResolver reading package data from /Users/hanna/Documents/PUMA/puma/node_modules/@babel/helper-annotate-as-pure/package.json
954 verbose targetResolver reading package data from /Users/hanna/Documents/PUMA/puma/node_modules/@babel/helper-compilation-targets/package.json
955 verbose targetResolver reading package data from /Users/hanna/Documents/PUMA/puma/node_modules/@babel/helper-create-class-features-plugin/package.json
956 verbose targetResolver reading package data from /Users/hanna/Documents/PUMA/puma/node_modules/@babel/helper-create-regexp-features-plugin/package.json
957 verbose targetResolver reading package data from /Users/hanna/Documents/PUMA/puma/node_modules/@babel/helper-define-polyfill-provider/package.json
958 verbose targetResolver reading package data from /Users/hanna/Documents/PUMA/puma/node_modules/@babel/helper-globals/package.json
959 verbose targetResolver reading package data from /Users/hanna/Documents/PUMA/puma/node_modules/@babel/helper-member-expression-to-functions/package.json
960 verbose targetResolver reading package data from /Users/hanna/Documents/PUMA/puma/node_modules/@babel/helper-module-imports/package.json
961 verbose targetResolver reading package data from /Users/hanna/Documents/PUMA/puma/node_modules/@babel/helper-module-transforms/package.json
962 verbose targetResolver reading package data from /Users/hanna/Documents/PUMA/puma/node_modules/@babel/helper-optimise-call-expression/package.json
963 verbose targetResolver reading package data from /Users/hanna/Documents/PUMA/puma/node_modules/@babel/helper-plugin-utils/package.json
964 verbose targetResolver reading package data from /Users/hanna/Documents/PUMA/puma/node_modules/@babel/helper-remap-async-to-generator/package.json
965 verbose targetResolver reading package data from /Users/hanna/Documents/PUMA/puma/node_modules/@babel/helper-replace-supers/package.json
966 verbose targetResolver reading package data from /Users/hanna/Documents/PUMA/puma/node_modules/@babel/helper-skip-transparent-expression-wrappers/package.json
967 verbose targetResolver reading package data from /Users/hanna/Documents/PUMA/puma/node_modules/@babel/helper-string-parser/package.json
968 verbose targetResolver reading package data from /Users/hanna/Documents/PUMA/puma/node_modules/@babel/helper-validator-identifier/package.json
969 verbose targetResolver reading package data from /Users/hanna/Documents/PUMA/puma/node_modules/@babel/helper-validator-option/package.json
970 verbose targetResolver reading package data from /Users/hanna/Documents/PUMA/puma/node_modules/@babel/helper-wrap-function/package.json
971 verbose targetResolver reading package data from /Users/hanna/Documents/PUMA/puma/node_modules/@babel/helpers/package.json
972 verbose targetResolver reading package data from /Users/hanna/Documents/PUMA/puma/node_modules/@babel/parser/package.json
973 verbose targetResolver reading package data from /Users/hanna/Documents/PUMA/puma/node_modules/@babel/plugin-proposal-decorators/package.json
974 verbose targetResolver reading package data from /Users/hanna/Documents/PUMA/puma/node_modules/@babel/plugin-proposal-export-default-from/package.json
975 verbose targetResolver reading package data from /Users/hanna/Documents/PUMA/puma/node_modules/@babel/plugin-syntax-decorators/package.json
976 verbose targetResolver reading package data from /Users/hanna/Documents/PUMA/puma/node_modules/@babel/plugin-syntax-dynamic-import/package.json
977 verbose targetResolver reading package data from /Users/hanna/Documents/PUMA/puma/node_modules/@babel/plugin-syntax-export-default-from/package.json
978 verbose targetResolver reading package data from /Users/hanna/Documents/PUMA/puma/node_modules/@babel/plugin-syntax-flow/package.json
979 verbose targetResolver reading package data from /Users/hanna/Documents/PUMA/puma/node_modules/@babel/plugin-syntax-jsx/package.json
980 verbose targetResolver reading package data from /Users/hanna/Documents/PUMA/puma/node_modules/@babel/plugin-syntax-nullish-coalescing-operator/package.json
981 verbose targetResolver reading package data from /Users/hanna/Documents/PUMA/puma/node_modules/@babel/plugin-syntax-optional-chaining/package.json
982 verbose targetResolver reading package data from /Users/hanna/Documents/PUMA/puma/node_modules/@babel/plugin-syntax-typescript/package.json
983 verbose targetResolver reading package data from /Users/hanna/Documents/PUMA/puma/node_modules/@babel/plugin-transform-arrow-functions/package.json
984 verbose targetResolver reading package data from /Users/hanna/Documents/PUMA/puma/node_modules/@babel/plugin-transform-async-generator-functions/package.json
985 verbose targetResolver reading package data from /Users/hanna/Documents/PUMA/puma/node_modules/@babel/plugin-transform-async-to-generator/package.json
986 verbose targetResolver reading package data from /Users/hanna/Documents/PUMA/puma/node_modules/@babel/plugin-transform-block-scoping/package.json
987 verbose targetResolver reading package data from /Users/hanna/Documents/PUMA/puma/node_modules/@babel/plugin-transform-class-properties/package.json
988 verbose targetResolver reading package data from /Users/hanna/Documents/PUMA/puma/node_modules/@babel/plugin-transform-class-static-block/package.json
989 verbose targetResolver reading package data from /Users/hanna/Documents/PUMA/puma/node_modules/@babel/plugin-transform-classes/package.json
990 verbose targetResolver reading package data from /Users/hanna/Documents/PUMA/puma/node_modules/@babel/plugin-transform-destructuring/package.json
991 verbose targetResolver reading package data from /Users/hanna/Documents/PUMA/puma/node_modules/@babel/plugin-transform-export-namespace-from/package.json
992 verbose targetResolver reading package data from /Users/hanna/Documents/PUMA/puma/node_modules/@babel/plugin-transform-flow-strip-types/package.json
993 verbose targetResolver reading package data from /Users/hanna/Documents/PUMA/puma/node_modules/@babel/plugin-transform-for-of/package.json
994 verbose targetResolver reading package data from /Users/hanna/Documents/PUMA/puma/node_modules/@babel/plugin-transform-logical-assignment-operators/package.json
995 verbose targetResolver reading package data from /Users/hanna/Documents/PUMA/puma/node_modules/@babel/plugin-transform-modules-commonjs/package.json
996 verbose targetResolver reading package data from /Users/hanna/Documents/PUMA/puma/node_modules/@babel/plugin-transform-named-capturing-groups-regex/package.json
997 verbose targetResolver reading package data from /Users/hanna/Documents/PUMA/puma/node_modules/@babel/plugin-transform-nullish-coalescing-operator/package.json
998 verbose targetResolver reading package data from /Users/hanna/Documents/PUMA/puma/node_modules/@babel/plugin-transform-object-rest-spread/package.json
999 verbose targetResolver reading package data from /Users/hanna/Documents/PUMA/puma/node_modules/@babel/plugin-transform-optional-catch-binding/package.json
1000 verbose targetResolver reading package data from /Users/hanna/Documents/PUMA/puma/node_modules/@babel/plugin-transform-optional-chaining/package.json
1001 verbose targetResolver reading package data from /Users/hanna/Documents/PUMA/puma/node_modules/@babel/plugin-transform-parameters/package.json
1002 verbose targetResolver reading package data from /Users/hanna/Documents/PUMA/puma/node_modules/@babel/plugin-transform-private-methods/package.json
1003 verbose targetResolver reading package data from /Users/hanna/Documents/PUMA/puma/node_modules/@babel/plugin-transform-private-property-in-object/package.json
1004 verbose targetResolver reading package data from /Users/hanna/Documents/PUMA/puma/node_modules/@babel/plugin-transform-react-display-name/package.json
1005 verbose targetResolver reading package data from /Users/hanna/Documents/PUMA/puma/node_modules/@babel/plugin-transform-react-jsx/package.json
1006 verbose targetResolver reading package data from /Users/hanna/Documents/PUMA/puma/node_modules/@babel/plugin-transform-react-jsx-development/package.json
1007 verbose targetResolver reading package data from /Users/hanna/Documents/PUMA/puma/node_modules/@babel/plugin-transform-react-jsx-self/package.json
1008 verbose targetResolver reading package data from /Users/hanna/Documents/PUMA/puma/node_modules/@babel/plugin-transform-react-jsx-source/package.json
1009 verbose targetResolver reading package data from /Users/hanna/Documents/PUMA/puma/node_modules/@babel/plugin-transform-react-pure-annotations/package.json
1010 verbose targetResolver reading package data from /Users/hanna/Documents/PUMA/puma/node_modules/@babel/plugin-transform-regenerator/package.json
1011 verbose targetResolver reading package data from /Users/hanna/Documents/PUMA/puma/node_modules/@babel/plugin-transform-runtime/package.json
1012 verbose targetResolver reading package data from /Users/hanna/Documents/PUMA/puma/node_modules/@babel/plugin-transform-shorthand-properties/package.json
1013 verbose targetResolver reading package data from /Users/hanna/Documents/PUMA/puma/node_modules/@babel/plugin-transform-template-literals/package.json
1014 verbose targetResolver reading package data from /Users/hanna/Documents/PUMA/puma/node_modules/@babel/plugin-transform-typescript/package.json
1015 verbose targetResolver reading package data from /Users/hanna/Documents/PUMA/puma/node_modules/@babel/plugin-transform-unicode-regex/package.json
1016 verbose targetResolver reading package data from /Users/hanna/Documents/PUMA/puma/node_modules/@babel/preset-typescript/package.json
1017 verbose targetResolver reading package data from /Users/hanna/Documents/PUMA/puma/node_modules/@babel/runtime/package.json
1018 verbose targetResolver reading package data from /Users/hanna/Documents/PUMA/puma/node_modules/@babel/template/package.json
1019 verbose targetResolver reading package data from /Users/hanna/Documents/PUMA/puma/node_modules/@babel/traverse/package.json
1020 verbose targetResolver reading package data from /Users/hanna/Documents/PUMA/puma/node_modules/@babel/types/package.json
1021 verbose targetResolver reading package data from /Users/hanna/Documents/PUMA/puma/node_modules/@isaacs/ttlcache/package.json
1022 verbose targetResolver reading package data from /Users/hanna/Documents/PUMA/puma/node_modules/@epic-web/invariant/package.json
1023 verbose targetResolver reading package data from /Users/hanna/Documents/PUMA/puma/node_modules/@jest/schemas/package.json
1024 verbose targetResolver reading package data from /Users/hanna/Documents/PUMA/puma/node_modules/@jest/types/package.json
1025 verbose targetResolver reading package data from /Users/hanna/Documents/PUMA/puma/node_modules/@jridgewell/gen-mapping/package.json
1026 verbose targetResolver reading package data from /Users/hanna/Documents/PUMA/puma/node_modules/@jridgewell/remapping/package.json
1027 verbose targetResolver reading package data from /Users/hanna/Documents/PUMA/puma/node_modules/@jridgewell/resolve-uri/package.json
1028 verbose targetResolver reading package data from /Users/hanna/Documents/PUMA/puma/node_modules/@jridgewell/source-map/package.json
1029 verbose targetResolver reading package data from /Users/hanna/Documents/PUMA/puma/node_modules/@jridgewell/sourcemap-codec/package.json
1030 verbose targetResolver reading package data from /Users/hanna/Documents/PUMA/puma/node_modules/@jridgewell/trace-mapping/package.json
1031 verbose targetResolver reading package data from /Users/hanna/Documents/PUMA/puma/node_modules/@radix-ui/primitive/package.json
1032 verbose targetResolver reading package data from /Users/hanna/Documents/PUMA/puma/node_modules/@radix-ui/react-compose-refs/package.json
1033 verbose targetResolver reading package data from /Users/hanna/Documents/PUMA/puma/node_modules/@radix-ui/react-context/package.json
1034 verbose targetResolver reading package data from /Users/hanna/Documents/PUMA/puma/node_modules/@radix-ui/react-focus-guards/package.json
1035 verbose targetResolver reading package data from /Users/hanna/Documents/PUMA/puma/node_modules/@radix-ui/react-id/package.json
1036 verbose targetResolver reading package data from /Users/hanna/Documents/PUMA/puma/node_modules/@radix-ui/react-slot/package.json
1037 verbose targetResolver reading package data from /Users/hanna/Documents/PUMA/puma/node_modules/@radix-ui/react-use-callback-ref/package.json
1038 verbose targetResolver reading package data from /Users/hanna/Documents/PUMA/puma/node_modules/@radix-ui/react-use-controllable-state/package.json
1039 verbose targetResolver reading package data from /Users/hanna/Documents/PUMA/puma/node_modules/@radix-ui/react-use-effect-event/package.json
1040 verbose targetResolver reading package data from /Users/hanna/Documents/PUMA/puma/node_modules/@radix-ui/react-use-layout-effect/package.json
1041 verbose targetResolver reading package data from /Users/hanna/Documents/PUMA/puma/node_modules/@react-navigation/bottom-tabs/package.json
1042 verbose targetResolver reading package data from /Users/hanna/Documents/PUMA/puma/node_modules/@react-navigation/core/package.json
1043 verbose targetResolver reading package data from /Users/hanna/Documents/PUMA/puma/node_modules/@react-navigation/elements/package.json
1044 verbose targetResolver reading package data from /Users/hanna/Documents/PUMA/puma/node_modules/@react-navigation/native/package.json
1045 verbose targetResolver reading package data from /Users/hanna/Documents/PUMA/puma/node_modules/@react-navigation/native-stack/package.json
1046 verbose targetResolver reading package data from /Users/hanna/Documents/PUMA/puma/node_modules/@react-navigation/routers/package.json
1047 verbose targetResolver reading package data from /Users/hanna/Documents/PUMA/puma/node_modules/@sinclair/typebox/package.json
1048 verbose targetResolver reading package data from /Users/hanna/Documents/PUMA/puma/node_modules/@types/hammerjs/package.json
1049 verbose targetResolver reading package data from /Users/hanna/Documents/PUMA/puma/node_modules/@types/istanbul-lib-coverage/package.json
1050 verbose targetResolver reading package data from /Users/hanna/Documents/PUMA/puma/node_modules/@types/istanbul-lib-report/package.json
1051 verbose targetResolver reading package data from /Users/hanna/Documents/PUMA/puma/node_modules/@types/istanbul-reports/package.json
1052 verbose targetResolver reading package data from /Users/hanna/Documents/PUMA/puma/node_modules/@types/node/package.json
1053 verbose targetResolver reading package data from /Users/hanna/Documents/PUMA/puma/node_modules/@types/react/package.json
1054 verbose targetResolver reading package data from /Users/hanna/Documents/PUMA/puma/node_modules/@types/react-native/package.json
1055 verbose targetResolver reading package data from /Users/hanna/Documents/PUMA/puma/node_modules/@types/react-test-renderer/package.json
1056 verbose targetResolver reading package data from /Users/hanna/Documents/PUMA/puma/node_modules/@types/yargs/package.json
1057 verbose targetResolver reading package data from /Users/hanna/Documents/PUMA/puma/node_modules/@types/yargs-parser/package.json
1058 verbose targetResolver reading package data from /Users/hanna/Documents/PUMA/puma/node_modules/@ungap/structured-clone/package.json
1059 verbose targetResolver reading package data from /Users/hanna/Documents/PUMA/puma/node_modules/@xmldom/xmldom/package.json
1060 verbose targetResolver reading package data from /Users/hanna/Documents/PUMA/puma/node_modules/@react-native/assets-registry/package.json
1061 verbose targetResolver reading package data from /Users/hanna/Documents/PUMA/puma/node_modules/@react-native/babel-plugin-codegen/package.json
1062 verbose targetResolver reading package data from /Users/hanna/Documents/PUMA/puma/node_modules/@react-native/babel-preset/package.json
1063 verbose targetResolver reading package data from /Users/hanna/Documents/PUMA/puma/node_modules/@react-native/codegen/package.json
1064 verbose targetResolver reading package data from /Users/hanna/Documents/PUMA/puma/node_modules/@react-native/community-cli-plugin/package.json
1065 verbose targetResolver reading package data from /Users/hanna/Documents/PUMA/puma/node_modules/@react-native/debugger-frontend/package.json
1066 verbose targetResolver reading package data from /Users/hanna/Documents/PUMA/puma/node_modules/@react-native/debugger-shell/package.json
1067 verbose targetResolver reading package data from /Users/hanna/Documents/PUMA/puma/node_modules/@react-native/dev-middleware/package.json
1068 verbose targetResolver reading package data from /Users/hanna/Documents/PUMA/puma/node_modules/@react-native/gradle-plugin/package.json
1069 verbose targetResolver reading package data from /Users/hanna/Documents/PUMA/puma/node_modules/@react-native/js-polyfills/package.json
1070 verbose targetResolver reading package data from /Users/hanna/Documents/PUMA/puma/node_modules/@react-native/metro-babel-transformer/package.json
1071 verbose targetResolver reading package data from /Users/hanna/Documents/PUMA/puma/node_modules/@react-native/metro-config/package.json
1072 verbose targetResolver reading package data from /Users/hanna/Documents/PUMA/puma/node_modules/@react-native/normalize-colors/package.json
1073 verbose targetResolver reading package data from /Users/hanna/Documents/PUMA/puma/node_modules/@react-native/virtualized-lists/package.json
1074 verbose already installed skipping expo-status-bar@~57.0.1 /Users/hanna/Documents/PUMA/puma
1075 verbose already installed skipping expo-symbols@~57.0.3 /Users/hanna/Documents/PUMA/puma
1076 verbose already installed skipping expo-system-ui@~57.0.4 /Users/hanna/Documents/PUMA/puma
1077 verbose already installed skipping expo-web-browser@~57.0.3 /Users/hanna/Documents/PUMA/puma
1078 verbose already installed skipping react@19.2.3 /Users/hanna/Documents/PUMA/puma
1079 verbose already installed skipping react-dom@19.2.3 /Users/hanna/Documents/PUMA/puma
1080 verbose already installed skipping react-native@0.86.3 /Users/hanna/Documents/PUMA/puma
1081 verbose already installed skipping react-native-gesture-handler@~2.32.0 /Users/hanna/Documents/PUMA/puma
1082 verbose already installed skipping react-native-reanimated@4.5.1 /Users/hanna/Documents/PUMA/puma
1083 verbose already installed skipping react-native-safe-area-context@~5.7.0 /Users/hanna/Documents/PUMA/puma
1084 verbose already installed skipping react-native-screens@~4.26.0 /Users/hanna/Documents/PUMA/puma
1085 verbose already installed skipping react-native-web@~0.21.0 /Users/hanna/Documents/PUMA/puma
1086 verbose already installed skipping react-native-worklets@0.10.1 /Users/hanna/Documents/PUMA/puma
1087 verbose already installed skipping @types/react@~19.2.2 /Users/hanna/Documents/PUMA/puma
1088 verbose already installed skipping cross-env@^10.1.0 /Users/hanna/Documents/PUMA/puma
1089 verbose already installed skipping rimraf@^6.1.3 /Users/hanna/Documents/PUMA/puma
1090 verbose already installed skipping typescript@~6.0.3 /Users/hanna/Documents/PUMA/puma
1091 verbose already installed skipping @expo/ui@~57.0.20 /Users/hanna/Documents/PUMA/puma
1092 verbose already installed skipping @react-navigation/native@^7.4.1 /Users/hanna/Documents/PUMA/puma
1093 verbose already installed skipping @types/react-native@~0.69.1 /Users/hanna/Documents/PUMA/puma
1094 verbose already installed skipping expo@^57.0.25 /Users/hanna/Documents/PUMA/puma
1095 verbose already installed skipping expo-constants@~57.0.19 /Users/hanna/Documents/PUMA/puma
1096 verbose already installed skipping expo-device@~57.0.2 /Users/hanna/Documents/PUMA/puma
1097 verbose already installed skipping expo-font@~57.0.4 /Users/hanna/Documents/PUMA/puma
1098 verbose already installed skipping expo-glass-effect@~57.0.4 /Users/hanna/Documents/PUMA/puma
1099 verbose already installed skipping expo-image@~57.0.5 /Users/hanna/Documents/PUMA/puma
1100 verbose already installed skipping expo-linking@~57.0.11 /Users/hanna/Documents/PUMA/puma
1101 silly cache add args [ 'expo-router@~57.0.23', null ]
1102 verbose cache add spec expo-router@~57.0.23
1103 silly cache add parsed spec Result {
1103 silly cache add   raw: 'expo-router@~57.0.23',
1103 silly cache add   scope: null,
1103 silly cache add   name: 'expo-router',
1103 silly cache add   rawSpec: '~57.0.23',
1103 silly cache add   spec: '>=57.0.23 <57.1.0',
1103 silly cache add   type: 'range'
1103 silly cache add }
1104 silly addNamed expo-router@>=57.0.23 <57.1.0
1105 verbose addNamed ">=57.0.23 <57.1.0" is a valid semver range for expo-router
1106 silly addNameRange { name: 'expo-router', range: '>=57.0.23 <57.1.0', hasData: false }
1107 silly mapToRegistry name expo-router
1108 silly mapToRegistry using default registry
1109 silly mapToRegistry registry https://registry.npmjs.org/
1110 silly mapToRegistry data Result {
1110 silly mapToRegistry   raw: 'expo-router',
1110 silly mapToRegistry   scope: null,
1110 silly mapToRegistry   name: 'expo-router',
1110 silly mapToRegistry   rawSpec: '',
1110 silly mapToRegistry   spec: 'latest',
1110 silly mapToRegistry   type: 'tag'
1110 silly mapToRegistry }
1111 silly mapToRegistry uri https://registry.npmjs.org/expo-router
1112 verbose addNameRange registry:https://registry.npmjs.org/expo-router not in flight; fetching
1113 verbose already installed skipping expo-splash-screen@^57.0.9 /Users/hanna/Documents/PUMA/puma
1114 verbose request uri https://registry.npmjs.org/expo-router
1115 verbose request no auth needed
1116 info attempt registry request try #1 at 12:33:40 PM
1117 verbose request id 17fe3a54255d0a31
1118 verbose etag W/"76ca1769a9a3f362d765e97573551c14"
1119 verbose lastModified Tue, 14 Apr 2026 11:46:54 GMT
1120 http request GET https://registry.npmjs.org/expo-router
1121 http 200 https://registry.npmjs.org/expo-router
1122 verbose headers {
1122 verbose headers   date: 'Tue, 29 Sep 2026 10:33:40 GMT',
1122 verbose headers   'content-type': 'application/json',
1122 verbose headers   'transfer-encoding': 'chunked',
1122 verbose headers   connection: 'keep-alive',
1122 verbose headers   'set-cookie': [
1122 verbose headers     '__cf_bm=P.kaLcA9KendeFPQwKxzd2z5FAT5zu4r7lTi7VrCz4Q-1790678020.5417898-1.0.1.1-fhWfHsFqVdXzpeRGsJd86QzpIR1EugPaQDYhOExbFm5oVQbrXnSsGqig4SvLOTHaXzrIbH4K8N8mXG5PDUWl591tHHr9OR2hM7xMuBG8d6y5fKNxBL6mRPjkrJ81op6R; HttpOnly; SameSite=None; Secure; Path=/; Domain=npmjs.org; Expires=Tue, 29 Sep 2026 11:03:40 GMT',
1122 verbose headers     '_cfuvid=seREenXozbt6qzjWM9gNeHrJLB3cLha7k4HZHIjZacw-1790678020.5417898-1.0.1.1-QOoba1gt1PaetpY.HcxVIFaQOINdriMxTVja4INQmHI; HttpOnly; SameSite=None; Secure; Path=/; Domain=npmjs.org'
1122 verbose headers   ],
1122 verbose headers   'cf-ray': 'a42a54bc6f94b000-ARN',
1122 verbose headers   'cf-cache-status': 'HIT',
1122 verbose headers   etag: 'W/"fe8bb50b81db313717074fe4431beef1"',
1122 verbose headers   'access-control-allow-origin': '*',
1122 verbose headers   age: '292',
1122 verbose headers   'cache-control': 'public, max-age=300',
1122 verbose headers   'last-modified': 'Mon, 28 Sep 2026 12:22:46 GMT',
1122 verbose headers   server: 'cloudflare',
1122 verbose headers   vary: 'accept-encoding, accept',
1122 verbose headers   'content-encoding': 'gzip'
1122 verbose headers }
1123 silly get cb [
1123 silly get   200,
1123 silly get   {
1123 silly get     date: 'Tue, 29 Sep 2026 10:33:40 GMT',
1123 silly get     'content-type': 'application/json',
1123 silly get     'transfer-encoding': 'chunked',
1123 silly get     connection: 'keep-alive',
1123 silly get     'set-cookie': [
1123 silly get       '__cf_bm=P.kaLcA9KendeFPQwKxzd2z5FAT5zu4r7lTi7VrCz4Q-1790678020.5417898-1.0.1.1-fhWfHsFqVdXzpeRGsJd86QzpIR1EugPaQDYhOExbFm5oVQbrXnSsGqig4SvLOTHaXzrIbH4K8N8mXG5PDUWl591tHHr9OR2hM7xMuBG8d6y5fKNxBL6mRPjkrJ81op6R; HttpOnly; SameSite=None; Secure; Path=/; Domain=npmjs.org; Expires=Tue, 29 Sep 2026 11:03:40 GMT',
1123 silly get       '_cfuvid=seREenXozbt6qzjWM9gNeHrJLB3cLha7k4HZHIjZacw-1790678020.5417898-1.0.1.1-QOoba1gt1PaetpY.HcxVIFaQOINdriMxTVja4INQmHI; HttpOnly; SameSite=None; Secure; Path=/; Domain=npmjs.org'
1123 silly get     ],
1123 silly get     'cf-ray': 'a42a54bc6f94b000-ARN',
1123 silly get     'cf-cache-status': 'HIT',
1123 silly get     etag: 'W/"fe8bb50b81db313717074fe4431beef1"',
1123 silly get     'access-control-allow-origin': '*',
1123 silly get     age: '292',
1123 silly get     'cache-control': 'public, max-age=300',
1123 silly get     'last-modified': 'Mon, 28 Sep 2026 12:22:46 GMT',
1123 silly get     server: 'cloudflare',
1123 silly get     vary: 'accept-encoding, accept',
1123 silly get     'content-encoding': 'gzip'
1123 silly get   }
1123 silly get ]
1124 verbose get saving expo-router to /Users/hanna/.npm/registry.npmjs.org/expo-router/.cache.json
1125 verbose correctMkdir /Users/hanna/.npm correctMkdir not in flight; initializing
1126 silly addNameRange number 2 { name: 'expo-router', range: '>=57.0.23 <57.1.0', hasData: true }
1127 silly addNameRange versions [
1127 silly addNameRange   'expo-router',
1127 silly addNameRange   [
1127 silly addNameRange     '0.0.1',      '0.0.2',      '0.0.3',       '0.0.4',       '0.0.5',
1127 silly addNameRange     '0.0.6',      '0.0.7',      '0.0.8',       '0.0.9',       '0.0.10',
1127 silly addNameRange     '0.0.13',     '0.0.14',     '0.0.15',      '0.0.16',      '0.0.17',
1127 silly addNameRange     '0.0.18',     '0.0.19',     '0.0.20',      '0.0.21',      '0.0.22',
1127 silly addNameRange     '0.0.23',     '0.0.24',     '0.0.25',      '0.0.26',      '0.0.27',
1127 silly addNameRange     '0.0.28',     '0.0.29',     '0.0.30',      '0.0.31',      '0.0.32',
1127 silly addNameRange     '0.0.33',     '0.0.34',     '0.0.35',      '0.0.36',      '0.0.37',
1127 silly addNameRange     '0.0.38',     '0.0.39',     '0.0.40',      '0.0.41',      '0.0.42',
1127 silly addNameRange     '0.0.43',     '0.0.44',     '0.0.45',      '1.0.0-rc1',   '1.0.0-rc2',
1127 silly addNameRange     '1.0.0-rc3',  '1.0.0-rc4',  '1.0.0-rc5',   '1.0.0-rc6',   '1.0.0-rc7',
1127 silly addNameRange     '1.0.0-rc8',  '1.0.1',      '1.2.0',       '1.2.1',       '1.2.2',
1127 silly addNameRange     '1.3.0',      '1.4.0',      '1.4.1',       '1.4.2',       '1.4.3',
1127 silly addNameRange     '1.5.0',      '1.5.1',      '1.5.2',       '1.5.3',       '1.6.0',
1127 silly addNameRange     '1.7.0',      '1.7.1',      '1.7.2',       '1.7.3',       '1.7.4',
1127 silly addNameRange     '1.7.5',      '1.7.6',      '1.7.7',       '2.0.0-rc.1',  '2.0.0-rc.2',
1127 silly addNameRange     '2.0.0-rc.3', '2.0.0-rc.4', '2.0.0-rc.5',  '2.0.0-rc.6',  '2.0.0-rc.7',
1127 silly addNameRange     '2.0.0-rc.8', '2.0.0-rc.9', '2.0.0-rc.10', '2.0.0-rc.11', '2.0.0',
1127 silly addNameRange     '2.0.1',      '3.0.0',      '2.0.2',       '2.0.3',       '2.0.4',
1127 silly addNameRange     '2.0.5',      '3.1.0',      '2.0.6',       '3.1.1',       '3.1.2',
1127 silly addNameRange     '2.0.7',      '2.0.8',      '2.0.9',       '2.0.10',      '2.0.11',
1127 silly addNameRange     ... 408 more items
1127 silly addNameRange   ]
1127 silly addNameRange ]
1128 silly addNamed expo-router@57.0.23
1129 verbose addNamed "57.0.23" is a plain semver version for expo-router
1130 silly mapToRegistry name expo-router
1131 silly mapToRegistry using default registry
1132 silly mapToRegistry registry https://registry.npmjs.org/
1133 silly mapToRegistry data Result {
1133 silly mapToRegistry   raw: 'expo-router',
1133 silly mapToRegistry   scope: null,
1133 silly mapToRegistry   name: 'expo-router',
1133 silly mapToRegistry   rawSpec: '',
1133 silly mapToRegistry   spec: 'latest',
1133 silly mapToRegistry   type: 'tag'
1133 silly mapToRegistry }
1134 silly mapToRegistry uri https://registry.npmjs.org/expo-router
1135 verbose addRemoteTarball https://registry.npmjs.org/expo-router/-/expo-router-57.0.23.tgz not in flight; adding
1136 verbose addRemoteTarball [
1136 verbose addRemoteTarball   'https://registry.npmjs.org/expo-router/-/expo-router-57.0.23.tgz',
1136 verbose addRemoteTarball   'd15a2dd4a983028a653ed227edb237007ba1b4a6'
1136 verbose addRemoteTarball ]
1137 info retry fetch attempt 1 at 12:33:40 PM
1138 info attempt registry request try #1 at 12:33:40 PM
1139 http fetch GET https://registry.npmjs.org/expo-router/-/expo-router-57.0.23.tgz
1140 http fetch 200 https://registry.npmjs.org/expo-router/-/expo-router-57.0.23.tgz
1141 silly fetchAndShaCheck shasum d15a2dd4a983028a653ed227edb237007ba1b4a6
1142 verbose addTmpTarball /var/folders/98/czfgjzdn52gb8g1hmddyjnh00000gn/T/npm-32998-821ad59c/registry.npmjs.org/expo-router/-/expo-router-57.0.23.tgz not in flight; adding
1143 verbose addTmpTarball already have metadata; skipping unpack for expo-router@57.0.23
1144 verbose correctMkdir /Users/hanna/.npm correctMkdir not in flight; initializing
1145 silly cache afterAdd expo-router@57.0.23
1146 verbose afterAdd /Users/hanna/.npm/expo-router/57.0.23/package/package.json not in flight; writing
1147 verbose correctMkdir /Users/hanna/.npm correctMkdir not in flight; initializing
1148 verbose afterAdd /Users/hanna/.npm/expo-router/57.0.23/package/package.json written
1149 silly install resolved [
1149 silly install resolved   {
1149 silly install resolved     name: 'expo-router',
1149 silly install resolved     version: '57.0.23',
1149 silly install resolved     keywords: [ 'react-native', 'expo' ],
1149 silly install resolved     author: { name: '650 Industries, Inc.' },
1149 silly install resolved     license: 'MIT',
1149 silly install resolved     _id: 'expo-router@57.0.23',
1149 silly install resolved     maintainers: [
1149 silly install resolved       [Object], [Object],
1149 silly install resolved       [Object], [Object],
1149 silly install resolved       [Object], [Object],
1149 silly install resolved       [Object], [Object],
1149 silly install resolved       [Object], [Object],
1149 silly install resolved       [Object], [Object],
1149 silly install resolved       [Object]
1149 silly install resolved     ],
1149 silly install resolved     homepage: 'https://docs.expo.dev/routing/introduction/',
1149 silly install resolved     bugs: { url: 'https://github.com/expo/expo/issues' },
1149 silly install resolved     dist: {
1149 silly install resolved       shasum: 'd15a2dd4a983028a653ed227edb237007ba1b4a6',
1149 silly install resolved       tarball: 'https://registry.npmjs.org/expo-router/-/expo-router-57.0.23.tgz',
1149 silly install resolved       fileCount: 2459,
1149 silly install resolved       integrity: 'sha512-u/iWSdQovEma/owymgz8etxGAif5ZrC8YdXYeGQhDRZwXpAvraordYV0SWej1QWWbYoIkgXcoqHVkgsAff8P4w==',
1149 silly install resolved       signatures: [Array],
1149 silly install resolved       unpackedSize: 6191321
1149 silly install resolved     },
1149 silly install resolved     main: 'build/index',
1149 silly install resolved     _from: 'expo-router@>=57.0.23 <57.1.0',
1149 silly install resolved     types: 'build/index.d.ts',
1149 silly install resolved     gitHead: '9349d1457178dd9cccb8bdd3aed47473c49134e1',
1149 silly install resolved     scripts: {
1149 silly install resolved       lint: 'expo-module lint',
1149 silly install resolved       test: 'expo-module test',
1149 silly install resolved       build: 'node ./scripts/build.js',
1149 silly install resolved       clean: 'expo-module clean',
1149 silly install resolved       start: 'node server.js',
1149 silly install resolved       'test:rsc': 'jest --config jest-rsc.config.js',
1149 silly install resolved       'test:types': 'expo-module build -p tsconfig.test.json',
1149 silly install resolved       'expo-module': 'expo-module'
1149 silly install resolved     },
1149 silly install resolved     _npmUser: { name: 'alanhughes', email: 'hughesno1@gmail.com' },
1149 silly install resolved     _resolved: 'https://registry.npmjs.org/expo-router/-/expo-router-57.0.23.tgz',
1149 silly install resolved     _integrity: 'sha512-u/iWSdQovEma/owymgz8etxGAif5ZrC8YdXYeGQhDRZwXpAvraordYV0SWej1QWWbYoIkgXcoqHVkgsAff8P4w==',
1149 silly install resolved     repository: {
1149 silly install resolved       url: 'git+https://github.com/expo/expo.git',
1149 silly install resolved       type: 'git',
1149 silly install resolved       directory: 'packages/expo-router'
1149 silly install resolved     },
1149 silly install resolved     _npmVersion: '10.9.8',
1149 silly install resolved     description: 'Expo Router is a file-based router for React Native and web applications.',
1149 silly install resolved     directories: {},
1149 silly install resolved     sideEffects: [ 'rsc/entry.js', 'entry-classic.js', 'entry.js' ],
1149 silly install resolved     _nodeVersion: '22.23.2',
1149 silly install resolved     dependencies: {
1149 silly install resolved       vaul: '^1.1.2',
1149 silly install resolved       color: '^4.2.3',
1149 silly install resolved       debug: '^4.3.4',
1149 silly install resolved       nanoid: '^3.3.18',
1149 silly install resolved       '@expo/ui': '^57.0.20',
1149 silly install resolved       'react-is': '^19.1.0',
1149 silly install resolved       invariant: '^2.2.4',
1149 silly install resolved       'client-only': '^0.0.1',
1149 silly install resolved       'expo-server': '^57.0.3',
1149 silly install resolved       'server-only': '^0.0.1',
1149 silly install resolved       'expo-symbols': '^57.0.3',
1149 silly install resolved       'query-string': '^7.1.3',
1149 silly install resolved       shallowequal: '^1.1.0',
1149 silly install resolved       '@expo/log-box': '^57.0.4',
1149 silly install resolved       'fast-deep-equal': '^3.1.3',
1149 silly install resolved       'expo-glass-effect': '^57.0.4',
1149 silly install resolved       '@expo/schema-utils': '^57.0.2',
1149 silly install resolved       'react-fast-compare': '^3.2.2',
1149 silly install resolved       '@expo/metro-runtime': '^57.0.16',
1149 silly install resolved       'standard-navigation': '^0.0.5',
1149 silly install resolved       '@radix-ui/react-slot': '^1.2.0',
1149 silly install resolved       '@radix-ui/react-tabs': '^1.1.12',
1149 silly install resolved       'escape-string-regexp': '^4.0.0',
1149 silly install resolved       'react-native-screens': '^4.26.0',
1149 silly install resolved       'sf-symbols-typescript': '^2.1.0',
1149 silly install resolved       'react-native-drawer-layout': '^4.2.2',
1149 silly install resolved       '@react-native-masked-view/masked-view': '^0.3.2'
1149 silly install resolved     },
1149 silly install resolved     _hasShrinkwrap: false,
1149 silly install resolved     devDependencies: {
1149 silly install resolved       tsd: '^0.33.0',
1149 silly install resolved       expo: '57.0.25',
1149 silly install resolved       immer: '^10.1.1',
1149 silly install resolved       '@types/jest': '^29.2.1',
1149 silly install resolved       '@types/node': '^22.14.0',
1149 silly install resolved       '@types/color': '^4.2.0',
1149 silly install resolved       '@types/debug': '^4.1.7',
1149 silly install resolved       '@types/react': '~19.2.0',
1149 silly install resolved       '@jest/globals': '^29.7.0',
1149 silly install resolved       '@tsd/typescript': '^5.9.3',
1149 silly install resolved       '@types/react-is': '^19.0.0',
1149 silly install resolved       '@types/react-dom': '^19.1.7',
1149 silly install resolved       'react-native-web': '~0.21.0',
1149 silly install resolved       '@testing-library/dom': '^10.4.0',
1149 silly install resolved       'react-native-screens': '^4.26.0',
1149 silly install resolved       '@testing-library/react': '^16.3.0',
1149 silly install resolved       'react-native-reanimated': '4.5.1',
1149 silly install resolved       'react-server-dom-webpack': '~19.0.6',
1149 silly install resolved       '@testing-library/jest-dom': '^6.9.1',
1149 silly install resolved       '@types/react-test-renderer': '^19.1.0',
1149 silly install resolved       '@testing-library/user-event': '^14.6.1',
1149 silly install resolved       'react-native-gesture-handler': '~2.32.0',
1149 silly install resolved       '@testing-library/react-native': '^13.3.0',
1149 silly install resolved       'react-native-safe-area-context': '~5.6.2'
1149 silly install resolved     },
1149 silly install resolved     peerDependencies: {
1149 silly install resolved       expo: '*',
1149 silly install resolved       react: '*',
1149 silly install resolved       'react-dom': '*',
1149 silly install resolved       'expo-linking': '^57.0.11',
1149 silly install resolved       'react-native': '*',
1149 silly install resolved       '@expo/log-box': '^57.0.4',
1149 silly install resolved       'expo-constants': '^57.0.19',
1149 silly install resolved       'react-native-web': '*',
1149 silly install resolved       '@expo/metro-runtime': '^57.0.16',
1149 silly install resolved       'react-native-screens': '^4.26.0',
1149 silly install resolved       'react-native-reanimated': '*',
1149 silly install resolved       'react-server-dom-webpack': '~19.0.4 || ~19.1.5 || ~19.2.4',
1149 silly install resolved       'react-native-gesture-handler': '*',
1149 silly install resolved       '@testing-library/react-native': '>= 13.2.0',
1149 silly install resolved       'react-native-safe-area-context': '>= 5.4.0'
1149 silly install resolved     },
1149 silly install resolved     peerDependenciesMeta: {
1149 silly install resolved       'react-dom': [Object],
1149 silly install resolved       'react-native-web': [Object],
1149 silly install resolved       'react-native-reanimated': [Object],
1149 silly install resolved       'react-server-dom-webpack': [Object],
1149 silly install resolved       'react-native-gesture-handler': [Object],
1149 silly install resolved       '@testing-library/react-native': [Object]
1149 silly install resolved     },
1149 silly install resolved     _npmOperationalInternal: {
1149 silly install resolved       tmp: 'tmp/expo-router_57.0.23_1790245168209_0.22503979467111357',
1149 silly install resolved       host: 's3://npm-registry-packages-npm-production'
1149 silly install resolved     },
1149 silly install resolved     _shasum: 'd15a2dd4a983028a653ed227edb237007ba1b4a6'
1149 silly install resolved   }
1149 silly install resolved ]
1150 info install expo-router@57.0.23 into /Users/hanna/Documents/PUMA/puma
1151 info installOne expo-router@57.0.23
1152 verbose installOne of expo-router to /Users/hanna/Documents/PUMA/puma not in flight; installing
1153 verbose correctMkdir /Users/hanna/.npm/_locks correctMkdir not in flight; initializing
1154 verbose lock using /Users/hanna/.npm/_locks/expo-router-cad9640acf74c5b9.lock for /Users/hanna/Documents/PUMA/puma/node_modules/expo-router
1155 silly install write writing expo-router 57.0.23 to /Users/hanna/Documents/PUMA/puma/node_modules/expo-router
1156 verbose unbuild node_modules/expo-router
1157 info preuninstall expo-router@5.1.11
1158 info uninstall expo-router@5.1.11
1159 verbose unbuild rmStuff expo-router@5.1.11 from /Users/hanna/Documents/PUMA/puma/node_modules
1160 info postuninstall expo-router@5.1.11
1161 silly gentlyRm /Users/hanna/Documents/PUMA/puma/node_modules/expo-router is being purged from base /Users/hanna/Documents/PUMA/puma
1162 verbose gentlyRm don't care about contents; nuking /Users/hanna/Documents/PUMA/puma/node_modules/expo-router
1163 silly vacuum-fs purging /Users/hanna/Documents/PUMA/puma/node_modules/expo-router
1164 silly vacuum-fs quitting because other entries in /Users/hanna/Documents/PUMA/puma/node_modules
1165 verbose tar unpack /Users/hanna/.npm/expo-router/57.0.23/package.tgz
1166 verbose tar unpacking to /Users/hanna/Documents/PUMA/puma/node_modules/expo-router
1167 silly gentlyRm /Users/hanna/Documents/PUMA/puma/node_modules/expo-router is being purged
1168 verbose gentlyRm don't care about contents; nuking /Users/hanna/Documents/PUMA/puma/node_modules/expo-router
1169 silly gunzTarPerm modes [ '755', '644' ]
1170 silly gunzTarPerm extractEntry vendor/react-helmet-async/LICENSE
1171 silly gunzTarPerm extractEntry local-maven-repo/expo/modules/router/expo.modules.router/57.0.23/expo.modules.router-57.0.23.aar
1172 silly gunzTarPerm extractEntry assets/modal.module.css
1173 silly gunzTarPerm extractEntry assets/native-tabs.module.css
1174 silly gunzTarPerm extractEntry android/build.gradle
1175 silly gunzTarPerm extractEntry local-maven-repo/expo/modules/router/expo.modules.router/57.0.23/expo.modules.router-57.0.23-sources.jar
1176 silly gunzTarPerm extractEntry _ctx-html.js
1177 silly gunzTarPerm extractEntry _ctx-shared.js
1178 silly gunzTarPerm extractEntry _ctx.android.js
1179 silly gunzTarPerm extractEntry _ctx.ios.js
1180 silly gunzTarPerm extractEntry _ctx.js
1181 silly gunzTarPerm extractEntry _ctx.web.js
1182 silly gunzTarPerm extractEntry _error.js
1183 silly gunzTarPerm extractEntry build/layouts/_web-modal.js
1184 silly gunzTarPerm extractEntry build/react-navigation/drawer/utils/addCancelListener.js
1185 silly gunzTarPerm extractEntry build/react-navigation/drawer/utils/addCancelListener.native.js
1186 silly gunzTarPerm extractEntry build/color/android.attr.types.js
1187 silly gunzTarPerm extractEntry build/color/android.color.types.js
1188 silly gunzTarPerm extractEntry build/color/android.dynamic.types.js
1189 silly gunzTarPerm extractEntry build/color/android.material.types.js
1190 silly gunzTarPerm extractEntry build/toolbar/AnimatedItemContainer.android.js
1191 silly gunzTarPerm extractEntry build/toolbar/AnimatedItemContainer.js
1192 silly gunzTarPerm extractEntry app.plugin.js
1193 silly gunzTarPerm extractEntry build/native-tabs/appearance.android.js
1194 silly gunzTarPerm extractEntry build/native-tabs/appearance.ios.js
1195 silly gunzTarPerm extractEntry build/native-tabs/appearance.js
1196 silly gunzTarPerm extractEntry build/react-navigation/core/arrayStartsWith.js
1197 silly gunzTarPerm extractEntry babel.js
1198 silly gunzTarPerm extractEntry build/react-navigation/elements/Background.js
1199 silly gunzTarPerm extractEntry build/react-navigation/elements/Badge.js
1200 silly gunzTarPerm extractEntry build/link/BaseExpoRouterLink.js
1201 silly gunzTarPerm extractEntry build/react-navigation/core/BaseNavigationContainer.js
1202 silly gunzTarPerm extractEntry build/react-navigation/routers/BaseRouter.js
1203 silly gunzTarPerm extractEntry build/layouts/BaseStack.js
1204 silly gunzTarPerm extractEntry build/native-tabs/utils/bottomAccessory.js
1205 silly gunzTarPerm extractEntry build/react-navigation/bottom-tabs/views/BottomTabBar.js
1206 silly gunzTarPerm extractEntry build/react-navigation/bottom-tabs/utils/BottomTabBarHeightCallbackContext.js
1207 silly gunzTarPerm extractEntry build/react-navigation/bottom-tabs/utils/BottomTabBarHeightContext.js
1208 silly gunzTarPerm extractEntry build/react-navigation/bottom-tabs/views/BottomTabItem.js
1209 silly gunzTarPerm extractEntry build/react-navigation/bottom-tabs/views/BottomTabView.js
1210 silly gunzTarPerm extractEntry build/react-navigation/elements/Button.js
1211 silly gunzTarPerm extractEntry build/react-navigation/stack/views/Stack/Card.js
1212 silly gunzTarPerm extractEntry build/react-navigation/stack/views/Stack/CardA11yWrapper.js
1213 silly gunzTarPerm extractEntry build/react-navigation/stack/utils/CardAnimationContext.js
1214 silly gunzTarPerm extractEntry build/react-navigation/stack/views/Stack/CardContainer.js
1215 silly gunzTarPerm extractEntry build/react-navigation/stack/views/Stack/CardContent.js
1216 silly gunzTarPerm extractEntry build/react-navigation/stack/views/Stack/CardStack.js
1217 silly gunzTarPerm extractEntry build/react-navigation/stack/TransitionConfigs/CardStyleInterpolators.js
1218 silly gunzTarPerm extractEntry build/react-navigation/core/checkDuplicateRouteNames.js
1219 silly gunzTarPerm extractEntry build/react-navigation/core/checkSerializable.js
1220 silly gunzTarPerm extractEntry build/utils/children.js
1221 silly gunzTarPerm extractEntry build/rsc/router/client.js
1222 silly gunzTarPerm extractEntry build/utils/color.js
1223 silly gunzTarPerm extractEntry build/rsc/router/common.js
1224 silly gunzTarPerm extractEntry build/ui/common.js
1225 silly gunzTarPerm extractEntry build/react-navigation/routers/CommonActions.js
1226 silly gunzTarPerm extractEntry build/fork/native-stack/composition-options/CompositionOptionsContext.js
1227 silly gunzTarPerm extractEntry build/react-navigation/stack/utils/conditional.js
1228 silly gunzTarPerm extractEntry build/constants.js
1229 silly gunzTarPerm extractEntry build/testing-library/context-stubs.js
1230 silly gunzTarPerm extractEntry build/layouts/stack-utils/toolbar/context.js
1231 silly gunzTarPerm extractEntry build/react-navigation/bottom-tabs/navigators/createBottomTabNavigator.js
1232 silly gunzTarPerm extractEntry build/react-navigation/drawer/navigators/createDrawerNavigator.js
1233 silly gunzTarPerm extractEntry build/layouts/experimental-stack/createExperimentalStackNavigator.js
1234 silly gunzTarPerm extractEntry build/react-navigation/material-top-tabs/navigators/createMaterialTopTabNavigator.js
1235 silly gunzTarPerm extractEntry build/fork/createMemoryHistory.js
1236 silly gunzTarPerm extractEntry build/react-navigation/native/createMemoryHistory.js
1237 silly gunzTarPerm extractEntry build/fork/native-stack/createNativeStackNavigator.js
1238 silly gunzTarPerm extractEntry build/react-navigation/native-stack/navigators/createNativeStackNavigator.js
1239 silly gunzTarPerm extractEntry build/react-navigation/core/createNavigationContainerRef.js
1240 silly gunzTarPerm extractEntry build/react-navigation/core/createNavigatorFactory.js
1241 silly gunzTarPerm extractEntry build/react-navigation/routers/createParamsFromAction.js
1242 silly gunzTarPerm extractEntry build/react-navigation/routers/createRouteFromAction.js
1243 silly gunzTarPerm extractEntry build/react-navigation/native/__stubs__/createStackNavigator.js
1244 silly gunzTarPerm extractEntry build/react-navigation/stack/navigators/createStackNavigator.js
1245 silly gunzTarPerm extractEntry build/react-navigation/native/createStaticNavigation.js
1246 silly gunzTarPerm extractEntry build/react-navigation/core/CurrentRenderContext.js
1247 silly gunzTarPerm extractEntry build/react-navigation/native/theming/DarkTheme.js
1248 silly gunzTarPerm extractEntry build/react-navigation/native-stack/utils/debounce.js
1249 silly gunzTarPerm extractEntry build/react-navigation/core/deepFreeze.js
1250 silly gunzTarPerm extractEntry build/layouts/stack-utils/toolbar/defaults.android.js
1251 silly gunzTarPerm extractEntry build/layouts/stack-utils/toolbar/defaults.js
1252 silly gunzTarPerm extractEntry build/react-navigation/native/theming/DefaultTheme.js
1253 silly gunzTarPerm extractEntry build/react-navigation/core/DeprecatedNavigationInChildContext.js
1254 silly gunzTarPerm extractEntry build/fork/native-stack/descriptors-context.js
1255 silly gunzTarPerm extractEntry build/layouts/Drawer.js
1256 silly gunzTarPerm extractEntry drawer.js
1257 silly gunzTarPerm extractEntry build/layouts/DrawerClient.js
1258 silly gunzTarPerm extractEntry build/react-navigation/drawer/views/DrawerContent.js
1259 silly gunzTarPerm extractEntry build/react-navigation/drawer/views/DrawerContentScrollView.js
1260 silly gunzTarPerm extractEntry build/react-navigation/drawer/views/DrawerItem.js
1261 silly gunzTarPerm extractEntry build/react-navigation/drawer/views/DrawerItemList.js
1262 silly gunzTarPerm extractEntry build/react-navigation/drawer/utils/DrawerPositionContext.js
1263 silly gunzTarPerm extractEntry build/react-navigation/routers/DrawerRouter.js
1264 silly gunzTarPerm extractEntry build/react-navigation/drawer/utils/DrawerStatusContext.js
1265 silly gunzTarPerm extractEntry build/react-navigation/drawer/views/DrawerToggleButton.js
1266 silly gunzTarPerm extractEntry build/react-navigation/drawer/views/DrawerView.js
1267 silly gunzTarPerm extractEntry build/link/elements.js
1268 silly gunzTarPerm extractEntry build/native-tabs/common/elements.js
1269 silly gunzTarPerm extractEntry build/primitives/elements.js
1270 silly gunzTarPerm extractEntry build/split-view/elements.js
1271 silly gunzTarPerm extractEntry build/domComponents/emitDomEvent.js
1272 silly gunzTarPerm extractEntry build/views/EmptyRoute.js
1273 silly gunzTarPerm extractEntry build/react-navigation/core/EnsureSingleNavigator.js
1274 silly gunzTarPerm extractEntry entry-classic.js
1275 silly gunzTarPerm extractEntry build/rsc/entry.js
1276 silly gunzTarPerm extractEntry entry.js
1277 silly gunzTarPerm extractEntry rsc/entry.js
1278 silly gunzTarPerm extractEntry build/views/ErrorBoundary.js
1279 silly gunzTarPerm extractEntry build/rsc/router/errors.js
1280 silly gunzTarPerm extractEntry build/domComponents/events.js
1281 silly gunzTarPerm extractEntry build/testing-library/expect.js
1282 silly gunzTarPerm extractEntry build/layouts/ExperimentalModalStack.js
1283 silly gunzTarPerm extractEntry build/layouts/experimental-stack/ExperimentalStackView.js
1284 silly gunzTarPerm extractEntry build/ts-declarations/expo-router-internal-globals.js
1285 silly gunzTarPerm extractEntry build/head/ExpoHead.android.js
1286 silly gunzTarPerm extractEntry build/head/ExpoHead.ios.js
1287 silly gunzTarPerm extractEntry build/head/ExpoHead.js
1288 silly gunzTarPerm extractEntry build/head/ExpoHeadModule.js
1289 silly gunzTarPerm extractEntry build/link/ExpoLink.js
1290 silly gunzTarPerm extractEntry build/ExpoRoot.js
1291 silly gunzTarPerm extractEntry build/exports.js
1292 silly gunzTarPerm extractEntry build/rsc/exports.js
1293 silly gunzTarPerm extractEntry build/fork/extractPathFromURL.js
1294 silly gunzTarPerm extractEntry build/react-navigation/native/extractPathFromURL.js
1295 silly gunzTarPerm extractEntry build/fast-refresh.js
1296 silly gunzTarPerm extractEntry build/rsc/router/fetch.js
1297 silly gunzTarPerm extractEntry build/rsc/router/fetch.web.js
1298 silly gunzTarPerm extractEntry build/fork/findFocusedRoute.js
1299 silly gunzTarPerm extractEntry build/react-navigation/core/findFocusedRoute.js
1300 silly gunzTarPerm extractEntry build/react-navigation/stack/utils/findLastIndex.js
1301 silly gunzTarPerm extractEntry build/utils/font.js
1302 silly gunzTarPerm extractEntry build/react-navigation/native-stack/views/FontProcessor.js
1303 silly gunzTarPerm extractEntry build/react-navigation/native-stack/views/FontProcessor.native.js
1304 silly gunzTarPerm extractEntry build/react-navigation/native/theming/fonts.js
1305 silly gunzTarPerm extractEntry build/react-navigation/native-stack/views/FooterComponent.js
1306 silly gunzTarPerm extractEntry build/react-navigation/stack/utils/gestureActivationCriteria.js
1307 silly gunzTarPerm extractEntry build/react-navigation/stack/views/GestureHandler.android.js
1308 silly gunzTarPerm extractEntry build/react-navigation/stack/views/GestureHandler.ios.js
1309 silly gunzTarPerm extractEntry build/react-navigation/stack/views/GestureHandler.js
1310 silly gunzTarPerm extractEntry build/react-navigation/stack/views/GestureHandlerNative.js
1311 silly gunzTarPerm extractEntry build/react-navigation/stack/utils/GestureHandlerRefContext.js
1312 silly gunzTarPerm extractEntry build/react-navigation/core/getActionFromState.js
1313 silly gunzTarPerm extractEntry build/react-navigation/elements/Header/getDefaultHeaderHeight.js
1314 silly gunzTarPerm extractEntry build/react-navigation/elements/getDefaultSidebarWidth.js
1315 silly gunzTarPerm extractEntry build/react-navigation/stack/utils/getDistanceForDirection.js
1316 silly gunzTarPerm extractEntry build/react-navigation/drawer/utils/getDrawerStatusFromState.js
1317 silly gunzTarPerm extractEntry build/react-navigation/core/getFocusedRouteNameFromRoute.js
1318 silly gunzTarPerm extractEntry build/react-navigation/elements/Header/getHeaderTitle.js
1319 silly gunzTarPerm extractEntry build/react-navigation/stack/utils/getInvertedMultiplier.js
1320 silly gunzTarPerm extractEntry build/react-navigation/elements/Label/getLabel.js
1321 silly gunzTarPerm extractEntry build/getLinkingConfig.js
1322 silly gunzTarPerm extractEntry build/loaders/getLoaderData.js
1323 silly gunzTarPerm extractEntry build/react-navigation/native-stack/utils/getModalRoutesKeys.js
1324 silly gunzTarPerm extractEntry build/react-navigation/stack/utils/getModalRoutesKeys.js
1325 silly gunzTarPerm extractEntry build/react-navigation/elements/getNamedContext.js
1326 silly gunzTarPerm extractEntry build/global-state/getNavigationAction.js
1327 silly gunzTarPerm extractEntry build/fork/getPathFromState-forks.js
1328 silly gunzTarPerm extractEntry build/fork/getPathFromState.js
1329 silly gunzTarPerm extractEntry build/react-navigation/core/getPathFromState.js
1330 silly gunzTarPerm extractEntry build/react-navigation/core/getPatternParts.js
1331 silly gunzTarPerm extractEntry build/standard-navigation/getPreloadedRoutes.js
1332 silly gunzTarPerm extractEntry build/getReactNavigationConfig.js
1333 silly gunzTarPerm extractEntry build/global-state/getRouteInfoFromState.js
1334 silly gunzTarPerm extractEntry build/getRoutes.js
1335 silly gunzTarPerm extractEntry build/getRoutesCore.js
1336 silly gunzTarPerm extractEntry build/getRoutesRedirects.js
1337 silly gunzTarPerm extractEntry build/react-navigation/stack/utils/getShadowStyle.js
1338 silly gunzTarPerm extractEntry build/fork/getStateFromPath-forks.js
1339 silly gunzTarPerm extractEntry build/fork/getStateFromPath.js
1340 silly gunzTarPerm extractEntry build/react-navigation/core/getStateFromPath.js
1341 silly gunzTarPerm extractEntry build/global.js
1342 silly gunzTarPerm extractEntry build/react-navigation/core/Group.js
1343 silly gunzTarPerm extractEntry head.js
1344 silly gunzTarPerm extractEntry build/react-navigation/elements/Header/Header.js
1345 silly gunzTarPerm extractEntry build/react-navigation/stack/views/Header/Header.js
1346 silly gunzTarPerm extractEntry build/react-navigation/elements/Header/HeaderBackButton.js
1347 silly gunzTarPerm extractEntry build/react-navigation/elements/Header/HeaderBackContext.js
1348 silly gunzTarPerm extractEntry build/react-navigation/elements/Header/HeaderBackground.js
1349 silly gunzTarPerm extractEntry build/react-navigation/elements/Header/HeaderButton.js
1350 silly gunzTarPerm extractEntry build/react-navigation/stack/views/Header/HeaderContainer.js
1351 silly gunzTarPerm extractEntry build/react-navigation/elements/Header/HeaderHeightContext.js
1352 silly gunzTarPerm extractEntry build/react-navigation/elements/Header/HeaderIcon.js
1353 silly gunzTarPerm extractEntry rsc/headers.js
1354 silly gunzTarPerm extractEntry build/react-navigation/elements/Header/HeaderSearchBar.js
1355 silly gunzTarPerm extractEntry build/react-navigation/stack/views/Header/HeaderSegment.js
1356 silly gunzTarPerm extractEntry build/react-navigation/elements/Header/HeaderShownContext.js
1357 silly gunzTarPerm extractEntry build/react-navigation/stack/TransitionConfigs/HeaderStyleInterpolators.js
1358 silly gunzTarPerm extractEntry build/react-navigation/elements/Header/HeaderTitle.js
1359 silly gunzTarPerm extractEntry build/native-tabs/hooks.js
1360 silly gunzTarPerm extractEntry build/rsc/router/host.js
1361 silly gunzTarPerm extractEntry build/link/href.js
1362 silly gunzTarPerm extractEntry build/link/preview/HrefPreview.js
1363 silly gunzTarPerm extractEntry build/html.js
1364 silly gunzTarPerm extractEntry build/static/html.js
1365 silly gunzTarPerm extractEntry html.js
1366 silly gunzTarPerm extractEntry build/native-tabs/utils/icon.js
1367 silly gunzTarPerm extractEntry build/rsc/router/idMinting.js
1368 silly gunzTarPerm extractEntry build/imperative-api.js
1369 silly gunzTarPerm extractEntry vendor/react-helmet-async/lib/index.esm.js
1370 silly gunzTarPerm extractEntry build/color/index.js
1371 silly gunzTarPerm extractEntry build/fork/native-stack/composition-options/index.js
1372 silly gunzTarPerm extractEntry build/getDevServer/index.js
1373 silly gunzTarPerm extractEntry build/head/index.js
1374 silly gunzTarPerm extractEntry build/hooks/index.js
1375 silly gunzTarPerm extractEntry build/import-mode/index.js
1376 silly gunzTarPerm extractEntry build/index.js
1377 silly gunzTarPerm extractEntry build/layouts/experimental-stack/index.js
1378 silly gunzTarPerm extractEntry build/layouts/stack-utils/index.js
1379 silly gunzTarPerm extractEntry build/layouts/stack-utils/screen/index.js
1380 silly gunzTarPerm extractEntry build/layouts/stack-utils/toolbar/index.js
1381 silly gunzTarPerm extractEntry build/layouts/stack-utils/toolbar/StackToolbarButton/index.js
1382 silly gunzTarPerm extractEntry build/layouts/stack-utils/toolbar/StackToolbarMenu/index.js
1383 silly gunzTarPerm extractEntry build/layouts/stack-utils/toolbar/StackToolbarSearchBarSlot/index.js
1384 silly gunzTarPerm extractEntry build/layouts/stack-utils/toolbar/StackToolbarSpacer/index.js
1385 silly gunzTarPerm extractEntry build/layouts/stack-utils/toolbar/StackToolbarView/index.js
1386 silly gunzTarPerm extractEntry build/link/index.js
1387 silly gunzTarPerm extractEntry build/native-tabs/index.js
1388 silly gunzTarPerm extractEntry build/native-tabs/utils/index.js
1389 silly gunzTarPerm extractEntry build/navigationEvents/index.js
1390 silly gunzTarPerm extractEntry build/primitives/index.js
1391 silly gunzTarPerm extractEntry build/react-navigation/bottom-tabs/index.js
1392 silly gunzTarPerm extractEntry build/react-navigation/core/index.js
1393 silly gunzTarPerm extractEntry build/react-navigation/drawer/index.js
1394 silly gunzTarPerm extractEntry build/react-navigation/elements/index.js
1395 silly gunzTarPerm extractEntry build/react-navigation/index.js
1396 silly gunzTarPerm extractEntry build/react-navigation/material-top-tabs/index.js
1397 silly gunzTarPerm extractEntry build/react-navigation/native-stack/index.js
1398 silly gunzTarPerm extractEntry build/react-navigation/native/index.js
1399 silly gunzTarPerm extractEntry build/react-navigation/routers/index.js
1400 silly gunzTarPerm extractEntry build/react-navigation/stack/index.js
1401 silly gunzTarPerm extractEntry build/split-view/index.js
1402 silly gunzTarPerm extractEntry build/stack/index.js
1403 silly gunzTarPerm extractEntry build/standard-navigation/index.js
1404 silly gunzTarPerm extractEntry build/testing-library/index.js
1405 silly gunzTarPerm extractEntry build/ui/index.js
1406 silly gunzTarPerm extractEntry link/index.js
1407 silly gunzTarPerm extractEntry plugin/build/index.js
1408 silly gunzTarPerm extractEntry plugin/index.js
1409 silly gunzTarPerm extractEntry rsc/index.js
1410 silly gunzTarPerm extractEntry vendor/react-helmet-async/lib/index.js
1411 silly gunzTarPerm extractEntry build/getDevServer/index.native.js
1412 silly gunzTarPerm extractEntry build/layouts/experimental-stack/index.web.js
1413 silly gunzTarPerm extractEntry rsc/internal.js
1414 silly gunzTarPerm extractEntry build/link/InternalLinkPreviewContext.js
1415 silly gunzTarPerm extractEntry build/color/ios.types.js
1416 silly gunzTarPerm extractEntry build/react-navigation/core/isArrayEqual.js
1417 silly gunzTarPerm extractEntry build/react-navigation/core/isRecordEqual.js
1418 silly gunzTarPerm extractEntry build/layouts/IsWithinLayoutContext.js
1419 silly gunzTarPerm extractEntry plugin/jest.config.js
1420 silly gunzTarPerm extractEntry js-stack.js
1421 silly gunzTarPerm extractEntry js-tabs.js
1422 silly gunzTarPerm extractEntry js-top-tabs.js
1423 silly gunzTarPerm extractEntry build/layouts/JSStack.js
1424 silly gunzTarPerm extractEntry build/native-tabs/utils/label.js
1425 silly gunzTarPerm extractEntry build/react-navigation/elements/Label/Label.js
1426 silly gunzTarPerm extractEntry build/react-navigation/elements/Lazy.js
1427 silly gunzTarPerm extractEntry build/link/zoom/link-apple-zoom-target.js
1428 silly gunzTarPerm extractEntry build/link/zoom/link-apple-zoom.js
1429 silly gunzTarPerm extractEntry build/link/Link.js
1430 silly gunzTarPerm extractEntry build/react-navigation/native/Link.js
1431 silly gunzTarPerm extractEntry build/link/linking.js
1432 silly gunzTarPerm extractEntry build/react-navigation/native/LinkingContext.js
1433 silly gunzTarPerm extractEntry build/link/preview/LinkPreviewContext.js
1434 silly gunzTarPerm extractEntry build/link/LinkWithPreview.js
1435 silly gunzTarPerm extractEntry build/loaders/LoaderCache.js
1436 silly gunzTarPerm extractEntry build/react-navigation/native/LocaleDirContext.js
1437 silly gunzTarPerm extractEntry build/LocaleProvider.js
1438 silly gunzTarPerm extractEntry build/LocationProvider.js
1439 silly gunzTarPerm extractEntry build/layouts/stack-utils/mapProtectedScreen.js
1440 silly gunzTarPerm extractEntry build/react-navigation/elements/MaskedView.android.js
1441 silly gunzTarPerm extractEntry build/react-navigation/elements/MaskedView.ios.js
1442 silly gunzTarPerm extractEntry build/react-navigation/elements/MaskedView.js
1443 silly gunzTarPerm extractEntry build/react-navigation/elements/MaskedViewNative.js
1444 silly gunzTarPerm extractEntry build/matchers.js
1445 silly gunzTarPerm extractEntry build/color/materialColor.android.js
1446 silly gunzTarPerm extractEntry build/color/materialColor.js
1447 silly gunzTarPerm extractEntry build/native-tabs/utils/materialIconConverter-not-implemented.js
1448 silly gunzTarPerm extractEntry build/native-tabs/utils/materialIconConverter.android.js
1449 silly gunzTarPerm extractEntry build/native-tabs/utils/materialIconConverter.js
1450 silly gunzTarPerm extractEntry build/react-navigation/material-top-tabs/views/MaterialTopTabBar.js
1451 silly gunzTarPerm extractEntry build/react-navigation/material-top-tabs/views/MaterialTopTabView.js
1452 silly gunzTarPerm extractEntry build/primitives/menu.js
1453 silly gunzTarPerm extractEntry build/fork/native-stack/composition-options/mergeOptions.js
1454 silly gunzTarPerm extractEntry build/react-navigation/elements/MissingIcon.js
1455 silly gunzTarPerm extractEntry build/testing-library/mock-config.js
1456 silly gunzTarPerm extractEntry build/testing-library/mocks.js
1457 silly gunzTarPerm extractEntry build/react-navigation/stack/utils/ModalPresentationContext.js
1458 silly gunzTarPerm extractEntry build/modal/web/ModalStack.js
1459 silly gunzTarPerm extractEntry build/modal/web/ModalStackRouteDrawer.js
1460 silly gunzTarPerm extractEntry build/modal/web/modalStyles.js
1461 silly gunzTarPerm extractEntry native-stack.js
1462 silly gunzTarPerm extractEntry build/layouts/stack-utils/toolbar/StackToolbarButton/native.android.js
1463 silly gunzTarPerm extractEntry build/layouts/stack-utils/toolbar/StackToolbarMenu/native.android.js
1464 silly gunzTarPerm extractEntry build/layouts/stack-utils/toolbar/StackToolbarSearchBarSlot/native.android.js
1465 silly gunzTarPerm extractEntry build/layouts/stack-utils/toolbar/StackToolbarSpacer/native.android.js
1466 silly gunzTarPerm extractEntry build/layouts/stack-utils/toolbar/StackToolbarView/native.android.js
1467 silly gunzTarPerm extractEntry build/toolbar/native.android.js
1468 silly gunzTarPerm extractEntry build/layouts/stack-utils/toolbar/StackToolbarButton/native.ios.js
1469 silly gunzTarPerm extractEntry build/layouts/stack-utils/toolbar/StackToolbarMenu/native.ios.js
1470 silly gunzTarPerm extractEntry build/layouts/stack-utils/toolbar/StackToolbarSearchBarSlot/native.ios.js
1471 silly gunzTarPerm extractEntry build/layouts/stack-utils/toolbar/StackToolbarSpacer/native.ios.js
1472 silly gunzTarPerm extractEntry build/layouts/stack-utils/toolbar/StackToolbarView/native.ios.js
1473 silly gunzTarPerm extractEntry build/toolbar/native.ios.js
1474 silly gunzTarPerm extractEntry build/layouts/stack-utils/toolbar/StackToolbarButton/native.js
1475 silly gunzTarPerm extractEntry build/layouts/stack-utils/toolbar/StackToolbarMenu/native.js
1476 silly gunzTarPerm extractEntry build/layouts/stack-utils/toolbar/StackToolbarSearchBarSlot/native.js
1477 silly gunzTarPerm extractEntry build/layouts/stack-utils/toolbar/StackToolbarSpacer/native.js
1478 silly gunzTarPerm extractEntry build/layouts/stack-utils/toolbar/StackToolbarView/native.js
1479 silly gunzTarPerm extractEntry build/link/preview/native.js
1480 silly gunzTarPerm extractEntry build/toolbar/native.js
1481 silly gunzTarPerm extractEntry build/toolbar/native.types.js
1482 silly gunzTarPerm extractEntry build/native-tabs/NativeBottomTabsNavigator.js
1483 silly gunzTarPerm extractEntry build/native-tabs/NativeBottomTabsRouter.js
1484 silly gunzTarPerm extractEntry build/link/NativeMenuContext.js
1485 silly gunzTarPerm extractEntry build/fork/native-stack/NativeStackView.js
1486 silly gunzTarPerm extractEntry build/react-navigation/native-stack/views/NativeStackView.js
1487 silly gunzTarPerm extractEntry build/react-navigation/native-stack/views/NativeStackView.native.js
1488 silly gunzTarPerm extractEntry build/native-tabs/NativeTabs.js
1489 silly gunzTarPerm extractEntry build/native-tabs/NativeTabsView.android.js
1490 silly gunzTarPerm extractEntry build/native-tabs/NativeTabsView.ios.js
1491 silly gunzTarPerm extractEntry build/native-tabs/NativeTabsView.js
1492 silly gunzTarPerm extractEntry build/native-tabs/NativeTabsView.shared.js
1493 silly gunzTarPerm extractEntry build/native-tabs/NativeTabsView.web.js
1494 silly gunzTarPerm extractEntry build/native-tabs/NativeTabTrigger.js
1495 silly gunzTarPerm extractEntry build/navigationEvents/navigation.js
1496 silly gunzTarPerm extractEntry build/primitives/navigation.js
1497 silly gunzTarPerm extractEntry build/react-navigation/core/NavigationBuilderContext.js
1498 silly gunzTarPerm extractEntry build/fork/NavigationContainer.js
1499 silly gunzTarPerm extractEntry build/react-navigation/native/NavigationContainer.js
1500 silly gunzTarPerm extractEntry build/react-navigation/core/NavigationContainerRefContext.js
1501 silly gunzTarPerm extractEntry build/react-navigation/core/NavigationContext.js
1502 silly gunzTarPerm extractEntry build/react-navigation/core/NavigationFocusedRouteStateContext.js
1503 silly gunzTarPerm extractEntry build/react-navigation/core/NavigationHelpersContext.js
1504 silly gunzTarPerm extractEntry build/react-navigation/core/NavigationIndependentTree.js
1505 silly gunzTarPerm extractEntry build/react-navigation/core/NavigationIndependentTreeContext.js
1506 silly gunzTarPerm extractEntry build/react-navigation/core/NavigationMetaContext.js
1507 silly gunzTarPerm extractEntry build/navigationParams.js
1508 silly gunzTarPerm extractEntry build/react-navigation/core/NavigationProvider.js
1509 silly gunzTarPerm extractEntry build/react-navigation/core/NavigationStateContext.js
1510 silly gunzTarPerm extractEntry build/views/Navigator.js
1511 silly gunzTarPerm extractEntry build/views/NoSSR.js
1512 silly gunzTarPerm extractEntry build/native-tabs/utils/optionsIconConverter.android.js
1513 silly gunzTarPerm extractEntry build/native-tabs/utils/optionsIconConverter.ios.js
1514 silly gunzTarPerm extractEntry build/native-tabs/utils/optionsIconConverter.js
1515 silly gunzTarPerm extractEntry build/native-tabs/utils/optionsIconConverter.shared.js
1516 silly gunzTarPerm extractEntry build/react-navigation/elements/PlatformPressable.js
1517 silly gunzTarPerm extractEntry build/Prefetch.js
1518 silly gunzTarPerm extractEntry build/views/Pressable.js
1519 silly gunzTarPerm extractEntry build/react-navigation/core/PreventRemoveContext.js
1520 silly gunzTarPerm extractEntry build/react-navigation/core/PreventRemoveProvider.js
1521 silly gunzTarPerm extractEntry build/link/preview/PreviewRouteContext.js
1522 silly gunzTarPerm extractEntry build/layouts/stack-utils/toolbar/processHeaderItemsForPlatform.android.js
1523 silly gunzTarPerm extractEntry build/layouts/stack-utils/toolbar/processHeaderItemsForPlatform.ios.js
1524 silly gunzTarPerm extractEntry build/layouts/stack-utils/toolbar/processHeaderItemsForPlatform.js
1525 silly gunzTarPerm extractEntry build/views/Protected.js
1526 silly gunzTarPerm extractEntry build/qualified-entry.js
1527 silly gunzTarPerm extractEntry react-navigation.js
1528 silly gunzTarPerm extractEntry build/link/Redirect.js
1529 silly gunzTarPerm extractEntry build/static/registerRootComponent.js
1530 silly gunzTarPerm extractEntry build/renderRootComponent.js
1531 silly gunzTarPerm extractEntry build/testing-library/require-context-ponyfill.js
1532 silly gunzTarPerm extractEntry build/react-navigation/elements/ResourceSavingView.js
1533 silly gunzTarPerm extractEntry build/layouts/RootModal.js
1534 silly gunzTarPerm extractEntry build/views/RootUnmatched.js
1535 silly gunzTarPerm extractEntry build/Route.js
1536 silly gunzTarPerm extractEntry build/global-state/routeInfoCache.js
1537 silly gunzTarPerm extractEntry build/global-state/router-store.js
1538 silly gunzTarPerm extractEntry build/global-state/router.js
1539 silly gunzTarPerm extractEntry build/global-state/routing.js
1540 silly gunzTarPerm extractEntry build/internal/routing.js
1541 silly gunzTarPerm extractEntry internal/routing.js
1542 silly gunzTarPerm extractEntry build/global-state/routingQueue.js
1543 silly gunzTarPerm extractEntry build/internal/rsc.js
1544 silly gunzTarPerm extractEntry internal/rsc.js
1545 silly gunzTarPerm extractEntry build/react-navigation/elements/SafeAreaProviderCompat.js
1546 silly gunzTarPerm extractEntry build/react-navigation/bottom-tabs/TransitionConfigs/SceneStyleInterpolators.js
1547 silly gunzTarPerm extractEntry build/react-navigation/core/SceneView.js
1548 silly gunzTarPerm extractEntry build/react-navigation/core/Screen.js
1549 silly gunzTarPerm extractEntry build/react-navigation/elements/Screen.js
1550 silly gunzTarPerm extractEntry build/views/Screen.js
1551 silly gunzTarPerm extractEntry build/react-navigation/bottom-tabs/views/ScreenFallback.js
1552 silly gunzTarPerm extractEntry build/react-navigation/drawer/views/ScreenFallback.js
1553 silly gunzTarPerm extractEntry build/react-navigation/native-stack/utils/ScreenPresentationContext.js
1554 silly gunzTarPerm extractEntry build/react-navigation/stack/views/Screens.js
1555 silly gunzTarPerm extractEntry build/screensFeatureFlags.js
1556 silly gunzTarPerm extractEntry build/internal/server.js
1557 silly gunzTarPerm extractEntry internal/server.js
1558 silly gunzTarPerm extractEntry server.js
1559 silly gunzTarPerm extractEntry build/react-navigation/native/ServerContainer.js
1560 silly gunzTarPerm extractEntry build/react-navigation/native/ServerContext.js
1561 silly gunzTarPerm extractEntry build/loaders/ServerDataLoaderContext.js
1562 silly gunzTarPerm extractEntry build/server/ServerDocument.js
1563 silly gunzTarPerm extractEntry build/global-state/serverLocationContext.js
1564 silly gunzTarPerm extractEntry build/layouts/stack-utils/toolbar/shared.js
1565 silly gunzTarPerm extractEntry build/views/Sitemap.js
1566 silly gunzTarPerm extractEntry build/ui/Slot.js
1567 silly gunzTarPerm extractEntry build/global-state/sort-routes.js
1568 silly gunzTarPerm extractEntry build/sortRoutes.js
1569 silly gunzTarPerm extractEntry build/utils/splash.js
1570 silly gunzTarPerm extractEntry build/views/Splash.js
1571 silly gunzTarPerm extractEntry build/split-view/split-view.js
1572 silly gunzTarPerm extractEntry build/layouts/Stack.js
1573 silly gunzTarPerm extractEntry build/utils/stack.js
1574 silly gunzTarPerm extractEntry stack.js
1575 silly gunzTarPerm extractEntry build/layouts/Stack.web.js
1576 silly gunzTarPerm extractEntry build/layouts/StackClient.js
1577 silly gunzTarPerm extractEntry build/layouts/stack-utils/StackHeaderComponent.js
1578 silly gunzTarPerm extractEntry build/utils/stackPresentation.js
1579 silly gunzTarPerm extractEntry build/react-navigation/routers/StackRouter.js
1580 silly gunzTarPerm extractEntry build/layouts/stack-utils/StackScreen.js
1581 silly gunzTarPerm extractEntry build/layouts/stack-utils/screen/StackScreenBackButton.js
1582 silly gunzTarPerm extractEntry build/layouts/stack-utils/screen/StackScreenTitle.js
1583 silly gunzTarPerm extractEntry build/layouts/stack-utils/StackSearchBar.js
1584 silly gunzTarPerm extractEntry build/layouts/stack-utils/StackTitle.js
1585 silly gunzTarPerm extractEntry build/layouts/stack-utils/toolbar/StackToolbar.js
1586 silly gunzTarPerm extractEntry build/layouts/stack-utils/toolbar/StackToolbarClient.js
1587 silly gunzTarPerm extractEntry build/react-navigation/stack/views/Stack/StackView.js
1588 silly gunzTarPerm extractEntry build/global-state/stateUtils.js
1589 silly gunzTarPerm extractEntry build/internal/static.js
1590 silly gunzTarPerm extractEntry internal/static.js
1591 silly gunzTarPerm extractEntry build/react-navigation/core/StaticContainer.js
1592 silly gunzTarPerm extractEntry build/react-navigation/core/StaticNavigation.js
1593 silly gunzTarPerm extractEntry build/global-state/store.js
1594 silly gunzTarPerm extractEntry build/global-state/storeContext.js
1595 silly gunzTarPerm extractEntry build/utils/style.js
1596 silly gunzTarPerm extractEntry build/views/SuspenseFallback.js
1597 silly gunzTarPerm extractEntry build/react-navigation/material-top-tabs/utils/TabAnimationContext.js
1598 silly gunzTarPerm extractEntry build/react-navigation/bottom-tabs/views/TabBarIcon.js
1599 silly gunzTarPerm extractEntry build/ui/TabContext.js
1600 silly gunzTarPerm extractEntry build/ui/TabList.js
1601 silly gunzTarPerm extractEntry build/react-navigation/routers/TabRouter.js
1602 silly gunzTarPerm extractEntry build/ui/TabRouter.js
1603 silly gunzTarPerm extractEntry build/layouts/Tabs.js
1604 silly gunzTarPerm extractEntry build/ui/Tabs.js
1605 silly gunzTarPerm extractEntry tabs.js
1606 silly gunzTarPerm extractEntry build/layouts/TabsClient.js
1607 silly gunzTarPerm extractEntry build/ui/TabSlot.js
1608 silly gunzTarPerm extractEntry build/ui/TabTrigger.js
1609 silly gunzTarPerm extractEntry testing-library.js
1610 silly gunzTarPerm extractEntry build/internal/testing.js
1611 silly gunzTarPerm extractEntry internal/testing.js
1612 silly gunzTarPerm extractEntry build/react-navigation/elements/Text.js
1613 silly gunzTarPerm extractEntry build/react-navigation/core/theming/ThemeContext.js
1614 silly gunzTarPerm extractEntry build/react-navigation/core/theming/ThemeProvider.js
1615 silly gunzTarPerm extractEntry build/react-navigation/stack/utils/throttle.js
1616 silly gunzTarPerm extractEntry build/views/Toast.js
1617 silly gunzTarPerm extractEntry build/layouts/stack-utils/toolbar/toolbar-primitives.js
1618 silly gunzTarPerm extractEntry build/layouts/stack-utils/toolbar/ToolbarItemBadge.android.js
1619 silly gunzTarPerm extractEntry build/layouts/stack-utils/toolbar/ToolbarItemBadge.js
1620 silly gunzTarPerm extractEntry build/layouts/TopTabs.js
1621 silly gunzTarPerm extractEntry build/layouts/TopTabsClient.js
1622 silly gunzTarPerm extractEntry build/react-navigation/bottom-tabs/TransitionConfigs/TransitionPresets.js
1623 silly gunzTarPerm extractEntry build/react-navigation/stack/TransitionConfigs/TransitionPresets.js
1624 silly gunzTarPerm extractEntry build/react-navigation/bottom-tabs/TransitionConfigs/TransitionSpecs.js
1625 silly gunzTarPerm extractEntry build/react-navigation/stack/TransitionConfigs/TransitionSpecs.js
1626 silly gunzTarPerm extractEntry build/modal/web/TransparentModalStackRouteDrawer.js
1627 silly gunzTarPerm extractEntry build/views/Try.js
1628 silly gunzTarPerm extractEntry build/onboard/Tutorial.js
1629 silly gunzTarPerm extractEntry build/fork/native-stack/composition-options/types.js
1630 silly gunzTarPerm extractEntry build/global-state/types.js
1631 silly gunzTarPerm extractEntry build/layouts/experimental-stack/types.js
1632 silly gunzTarPerm extractEntry build/layouts/stack-utils/toolbar/StackToolbarButton/types.js
1633 silly gunzTarPerm extractEntry build/layouts/stack-utils/toolbar/StackToolbarMenu/types.js
1634 silly gunzTarPerm extractEntry build/layouts/stack-utils/toolbar/StackToolbarSearchBarSlot/types.js
1635 silly gunzTarPerm extractEntry build/layouts/stack-utils/toolbar/StackToolbarSpacer/types.js
1636 silly gunzTarPerm extractEntry build/layouts/stack-utils/toolbar/StackToolbarView/types.js
1637 silly gunzTarPerm extractEntry build/modal/web/types.js
1638 silly gunzTarPerm extractEntry build/native-tabs/types.js
1639 silly gunzTarPerm extractEntry build/navigationEvents/types.js
1640 silly gunzTarPerm extractEntry build/primitives/types.js
1641 silly gunzTarPerm extractEntry build/react-navigation/bottom-tabs/types.js
1642 silly gunzTarPerm extractEntry build/react-navigation/core/types.js
1643 silly gunzTarPerm extractEntry build/react-navigation/drawer/types.js
1644 silly gunzTarPerm extractEntry build/react-navigation/elements/types.js
1645 silly gunzTarPerm extractEntry build/react-navigation/material-top-tabs/types.js
1646 silly gunzTarPerm extractEntry build/react-navigation/native-stack/types.js
1647 silly gunzTarPerm extractEntry build/react-navigation/native/types.js
1648 silly gunzTarPerm extractEntry build/react-navigation/routers/types.js
1649 silly gunzTarPerm extractEntry build/react-navigation/stack/types.js
1650 silly gunzTarPerm extractEntry build/standard-navigation/types.js
1651 silly gunzTarPerm extractEntry build/typed-routes/types.js
1652 silly gunzTarPerm extractEntry build/types.js
1653 silly gunzTarPerm extractEntry ui.js
1654 silly gunzTarPerm extractEntry build/react-navigation/core/UnhandledActionContext.js
1655 silly gunzTarPerm extractEntry build/react-navigation/native/UnhandledLinkingContext.js
1656 silly gunzTarPerm extractEntry build/views/Unmatched.js
1657 silly gunzTarPerm extractEntry unstable-native-tabs.js
1658 silly gunzTarPerm extractEntry unstable-split-view.js
1659 silly gunzTarPerm extractEntry build/head/url.js
1660 silly gunzTarPerm extractEntry build/utils/url.js
1661 silly gunzTarPerm extractEntry build/react-navigation/bottom-tabs/utils/useAnimatedHashMap.js
1662 silly gunzTarPerm extractEntry build/react-navigation/native-stack/utils/useAnimatedHeaderHeight.js
1663 silly gunzTarPerm extractEntry build/fork/useBackButton.js
1664 silly gunzTarPerm extractEntry build/react-navigation/native/useBackButton.js
1665 silly gunzTarPerm extractEntry build/fork/useBackButton.native.js
1666 silly gunzTarPerm extractEntry build/react-navigation/native/useBackButton.native.js
1667 silly gunzTarPerm extractEntry build/react-navigation/bottom-tabs/utils/useBottomTabBarHeight.js
1668 silly gunzTarPerm extractEntry build/standard-navigation/useBuildHref.js
1669 silly gunzTarPerm extractEntry build/react-navigation/stack/utils/useCardAnimation.js
1670 silly gunzTarPerm extractEntry build/react-navigation/core/useChildListeners.js
1671 silly gunzTarPerm extractEntry build/react-navigation/core/useClientLayoutEffect.js
1672 silly gunzTarPerm extractEntry build/react-navigation/core/useComponent.js
1673 silly gunzTarPerm extractEntry build/ui/useComponent.js
1674 silly gunzTarPerm extractEntry build/react-navigation/core/useCurrentRender.js
1675 silly gunzTarPerm extractEntry build/hooks/useCurrentRouteInfo.js
1676 silly gunzTarPerm extractEntry build/useDeprecated.js
1677 silly gunzTarPerm extractEntry build/react-navigation/core/useDescriptors.js
1678 silly gunzTarPerm extractEntry build/react-navigation/native-stack/utils/useDismissedRouteError.js
1679 silly gunzTarPerm extractEntry build/fork/useDocumentTitle.js
1680 silly gunzTarPerm extractEntry build/react-navigation/native/useDocumentTitle.js
1681 silly gunzTarPerm extractEntry build/fork/useDocumentTitle.native.js
1682 silly gunzTarPerm extractEntry build/react-navigation/native/useDocumentTitle.native.js
1683 silly gunzTarPerm extractEntry build/domComponents/useDomComponentNavigation.js
1684 silly gunzTarPerm extractEntry build/react-navigation/drawer/utils/useDrawerStatus.js
1685 silly gunzTarPerm extractEntry build/react-navigation/core/useEventEmitter.js
1686 silly gunzTarPerm extractEntry build/react-navigation/core/useFocusedListenersChildrenAdapter.js
1687 silly gunzTarPerm extractEntry build/react-navigation/core/useFocusEffect.js
1688 silly gunzTarPerm extractEntry build/useFocusEffect.js
1689 silly gunzTarPerm extractEntry build/react-navigation/core/useFocusEvents.js
1690 silly gunzTarPerm extractEntry build/react-navigation/elements/useFrameSize.js
1691 silly gunzTarPerm extractEntry build/react-navigation/stack/utils/useGestureHandlerRef.js
1692 silly gunzTarPerm extractEntry build/hooks/useGlobalSearchParams.js
1693 silly gunzTarPerm extractEntry build/react-navigation/native-stack/views/useHeaderConfigProps.js
1694 silly gunzTarPerm extractEntry build/react-navigation/elements/Header/useHeaderHeight.js
1695 silly gunzTarPerm extractEntry build/react-navigation/native-stack/utils/useInvalidPreventRemoveError.js
1696 silly gunzTarPerm extractEntry build/react-navigation/core/useIsFocused.js
1697 silly gunzTarPerm extractEntry build/useIsFocused.js
1698 silly gunzTarPerm extractEntry build/react-navigation/bottom-tabs/utils/useIsKeyboardShown.js
1699 silly gunzTarPerm extractEntry build/react-navigation/stack/utils/useKeyboardManager.js
1700 silly gunzTarPerm extractEntry build/react-navigation/core/useKeyedChildListeners.js
1701 silly gunzTarPerm extractEntry build/utils/useLatestCallback.js
1702 silly gunzTarPerm extractEntry build/react-navigation/core/useLazyValue.js
1703 silly gunzTarPerm extractEntry build/react-navigation/native/useLinkBuilder.js
1704 silly gunzTarPerm extractEntry build/link/useLinkHooks.js
1705 silly gunzTarPerm extractEntry build/fork/useLinking.js
1706 silly gunzTarPerm extractEntry build/react-navigation/native/useLinking.js
1707 silly gunzTarPerm extractEntry build/fork/useLinking.native.js
1708 silly gunzTarPerm extractEntry build/react-navigation/native/useLinking.native.js
1709 silly gunzTarPerm extractEntry build/react-navigation/native/useLinkProps.js
1710 silly gunzTarPerm extractEntry build/react-navigation/native/useLinkTo.js
1711 silly gunzTarPerm extractEntry build/link/useLinkToPathProps.js
1712 silly gunzTarPerm extractEntry build/link/useLoadedNavigation.js
1713 silly gunzTarPerm extractEntry build/hooks/useLoaderData.js
1714 silly gunzTarPerm extractEntry build/react-navigation/native/useLocale.js
1715 silly gunzTarPerm extractEntry build/hooks/useLocalSearchParams.js
1716 silly gunzTarPerm extractEntry build/react-navigation/core/useNavigation.js
1717 silly gunzTarPerm extractEntry build/useNavigation.js
1718 silly gunzTarPerm extractEntry build/react-navigation/core/useNavigationBuilder.js
1719 silly gunzTarPerm extractEntry build/react-navigation/core/useNavigationCache.js
1720 silly gunzTarPerm extractEntry build/hooks/useNavigationContainerRef.js
1721 silly gunzTarPerm extractEntry build/react-navigation/core/useNavigationContainerRef.js
1722 silly gunzTarPerm extractEntry build/react-navigation/core/useNavigationHelpers.js
1723 silly gunzTarPerm extractEntry build/react-navigation/core/useNavigationIndependentTree.js
1724 silly gunzTarPerm extractEntry build/react-navigation/core/useNavigationState.js
1725 silly gunzTarPerm extractEntry build/link/preview/useNextScreenId.js
1726 silly gunzTarPerm extractEntry build/react-navigation/core/useOnAction.js
1727 silly gunzTarPerm extractEntry build/react-navigation/core/useOnGetState.js
1728 silly gunzTarPerm extractEntry build/react-navigation/core/useOnPreventRemove.js
1729 silly gunzTarPerm extractEntry build/react-navigation/core/useOnRouteFocus.js
1730 silly gunzTarPerm extractEntry build/react-navigation/core/useOptionsGetters.js
1731 silly gunzTarPerm extractEntry build/hooks/usePathname.js
1732 silly gunzTarPerm extractEntry build/react-navigation/core/usePreventRemove.js
1733 silly gunzTarPerm extractEntry build/react-navigation/core/usePreventRemoveContext.js
1734 silly gunzTarPerm extractEntry build/link/zoom/usePreventZoomTransitionDismissal.ios.js
1735 silly gunzTarPerm extractEntry build/link/zoom/usePreventZoomTransitionDismissal.js
1736 silly gunzTarPerm extractEntry build/link/zoom/usePreventZoomTransitionDismissal.types.js
1737 silly gunzTarPerm extractEntry build/fork/native-stack/usePreviewTransition.js
1738 silly gunzTarPerm extractEntry build/standard-navigation/useProjectedDescriptors.js
1739 silly gunzTarPerm extractEntry build/react-navigation/core/useRegisterNavigator.js
1740 silly gunzTarPerm extractEntry build/hooks/useRootNavigation.js
1741 silly gunzTarPerm extractEntry build/hooks/useRootNavigationState.js
1742 silly gunzTarPerm extractEntry build/react-navigation/core/useRoute.js
1743 silly gunzTarPerm extractEntry build/react-navigation/core/useRouteCache.js
1744 silly gunzTarPerm extractEntry build/global-state/useRouteInfo.js
1745 silly gunzTarPerm extractEntry build/react-navigation/native/useRoutePath.js
1746 silly gunzTarPerm extractEntry build/hooks/useRouter.js
1747 silly gunzTarPerm extractEntry build/views/useSafeLayoutEffect.js
1748 silly gunzTarPerm extractEntry build/react-navigation/core/useScheduleUpdate.js
1749 silly gunzTarPerm extractEntry build/useScreens.js
1750 silly gunzTarPerm extractEntry build/react-navigation/native/useScrollToTop.js
1751 silly gunzTarPerm extractEntry build/hooks/useSearchParams.js
1752 silly gunzTarPerm extractEntry build/hooks/useSegments.js
1753 silly gunzTarPerm extractEntry build/views/useSitemap.js
1754 silly gunzTarPerm extractEntry build/standard-navigation/useStandardActions.js
1755 silly gunzTarPerm extractEntry build/standard-navigation/useStandardEmitter.js
1756 silly gunzTarPerm extractEntry build/standard-navigation/useStandardState.js
1757 silly gunzTarPerm extractEntry build/react-navigation/core/useStateForPath.js
1758 silly gunzTarPerm extractEntry build/global-state/useStore.js
1759 silly gunzTarPerm extractEntry build/utils/useSyncExternalStoreWithSelector.js
1760 silly gunzTarPerm extractEntry build/react-navigation/core/useSyncState.js
1761 silly gunzTarPerm extractEntry build/react-navigation/material-top-tabs/utils/useTabAnimation.js
1762 silly gunzTarPerm extractEntry build/react-navigation/core/theming/useTheme.js
1763 silly gunzTarPerm extractEntry build/fork/useThenable.js
1764 silly gunzTarPerm extractEntry build/react-navigation/native/useThenable.js
1765 silly gunzTarPerm extractEntry build/hooks/useUnstableGlobalHref.js
1766 silly gunzTarPerm extractEntry build/link/zoom/useZoomHref.ios.js
1767 silly gunzTarPerm extractEntry build/link/zoom/useZoomHref.js
1768 silly gunzTarPerm extractEntry build/global-state/utils.js
1769 silly gunzTarPerm extractEntry build/internal/utils.js
1770 silly gunzTarPerm extractEntry build/link/preview/utils.js
1771 silly gunzTarPerm extractEntry build/loaders/utils.js
1772 silly gunzTarPerm extractEntry build/modal/web/utils.js
1773 silly gunzTarPerm extractEntry build/navigationEvents/utils.js
1774 silly gunzTarPerm extractEntry build/rsc/router/utils.js
1775 silly gunzTarPerm extractEntry internal/utils.js
1776 silly gunzTarPerm extractEntry build/fork/validatePathConfig.js
1777 silly gunzTarPerm extractEntry build/react-navigation/core/validatePathConfig.js
1778 silly gunzTarPerm extractEntry build/react-navigation/native/__stubs__/window.js
1779 silly gunzTarPerm extractEntry build/layouts/withLayoutContext.js
1780 silly gunzTarPerm extractEntry plugin/build/withRouter.js
1781 silly gunzTarPerm extractEntry build/link/zoom/zoom-transition-context-providers.ios.js
1782 silly gunzTarPerm extractEntry build/link/zoom/zoom-transition-context-providers.js
1783 silly gunzTarPerm extractEntry build/link/zoom/zoom-transition-context-providers.types.js
1784 silly gunzTarPerm extractEntry build/link/zoom/zoom-transition-context.js
1785 silly gunzTarPerm extractEntry build/link/zoom/ZoomTransitionEnabler.ios.js
1786 silly gunzTarPerm extractEntry build/link/zoom/ZoomTransitionEnabler.js
1787 silly gunzTarPerm extractEntry build/link/zoom/ZoomTransitionEnabler.types.js
1788 silly gunzTarPerm extractEntry expo-module.config.json
1789 silly gunzTarPerm extractEntry plugin/options.json
1790 silly gunzTarPerm extractEntry vendor/react-helmet-async/package_original.json
1791 silly gunzTarPerm extractEntry package.json
1792 silly gunzTarPerm extractEntry plugin/tsconfig.json
1793 silly gunzTarPerm extractEntry android/src/main/java/expo/modules/router/ExpoRouterModule.kt
1794 silly gunzTarPerm extractEntry build/layouts/_web-modal.d.ts.map
1795 silly gunzTarPerm extractEntry build/layouts/_web-modal.js.map
1796 silly gunzTarPerm extractEntry build/react-navigation/drawer/utils/addCancelListener.d.ts.map
1797 silly gunzTarPerm extractEntry build/react-navigation/drawer/utils/addCancelListener.js.map
1798 silly gunzTarPerm extractEntry build/react-navigation/drawer/utils/addCancelListener.native.d.ts.map
1799 silly gunzTarPerm extractEntry build/react-navigation/drawer/utils/addCancelListener.native.js.map
1800 silly gunzTarPerm extractEntry build/color/android.attr.types.d.ts.map
1801 silly gunzTarPerm extractEntry build/color/android.attr.types.js.map
1802 silly gunzTarPerm extractEntry build/color/android.color.types.d.ts.map
1803 silly gunzTarPerm extractEntry build/color/android.color.types.js.map
1804 silly gunzTarPerm extractEntry build/color/android.dynamic.types.d.ts.map
1805 silly gunzTarPerm extractEntry build/color/android.dynamic.types.js.map
1806 silly gunzTarPerm extractEntry build/color/android.material.types.d.ts.map
1807 silly gunzTarPerm extractEntry build/color/android.material.types.js.map
1808 silly gunzTarPerm extractEntry build/toolbar/AnimatedItemContainer.android.d.ts.map
1809 silly gunzTarPerm extractEntry build/toolbar/AnimatedItemContainer.android.js.map
1810 silly gunzTarPerm extractEntry build/toolbar/AnimatedItemContainer.d.ts.map
1811 silly gunzTarPerm extractEntry build/toolbar/AnimatedItemContainer.js.map
1812 silly gunzTarPerm extractEntry build/native-tabs/appearance.android.d.ts.map
1813 silly gunzTarPerm extractEntry build/native-tabs/appearance.android.js.map
1814 silly gunzTarPerm extractEntry build/native-tabs/appearance.d.ts.map
1815 silly gunzTarPerm extractEntry build/native-tabs/appearance.ios.d.ts.map
1816 silly gunzTarPerm extractEntry build/native-tabs/appearance.ios.js.map
1817 silly gunzTarPerm extractEntry build/native-tabs/appearance.js.map
1818 silly gunzTarPerm extractEntry build/react-navigation/core/arrayStartsWith.d.ts.map
1819 silly gunzTarPerm extractEntry build/react-navigation/core/arrayStartsWith.js.map
1820 silly gunzTarPerm extractEntry build/react-navigation/elements/Background.d.ts.map
1821 silly gunzTarPerm extractEntry build/react-navigation/elements/Background.js.map
1822 silly gunzTarPerm extractEntry build/react-navigation/elements/Badge.d.ts.map
1823 silly gunzTarPerm extractEntry build/react-navigation/elements/Badge.js.map
1824 silly gunzTarPerm extractEntry build/link/BaseExpoRouterLink.d.ts.map
1825 silly gunzTarPerm extractEntry build/link/BaseExpoRouterLink.js.map
1826 silly gunzTarPerm extractEntry build/react-navigation/core/BaseNavigationContainer.d.ts.map
1827 silly gunzTarPerm extractEntry build/react-navigation/core/BaseNavigationContainer.js.map
1828 silly gunzTarPerm extractEntry build/react-navigation/routers/BaseRouter.d.ts.map
1829 silly gunzTarPerm extractEntry build/react-navigation/routers/BaseRouter.js.map
1830 silly gunzTarPerm extractEntry build/layouts/BaseStack.d.ts.map
1831 silly gunzTarPerm extractEntry build/layouts/BaseStack.js.map
1832 silly gunzTarPerm extractEntry build/native-tabs/utils/bottomAccessory.d.ts.map
1833 silly gunzTarPerm extractEntry build/native-tabs/utils/bottomAccessory.js.map
1834 silly gunzTarPerm extractEntry build/react-navigation/bottom-tabs/views/BottomTabBar.d.ts.map
1835 silly gunzTarPerm extractEntry build/react-navigation/bottom-tabs/views/BottomTabBar.js.map
1836 silly gunzTarPerm extractEntry build/react-navigation/bottom-tabs/utils/BottomTabBarHeightCallbackContext.d.ts.map
1837 silly gunzTarPerm extractEntry build/react-navigation/bottom-tabs/utils/BottomTabBarHeightCallbackContext.js.map
1838 silly gunzTarPerm extractEntry build/react-navigation/bottom-tabs/utils/BottomTabBarHeightContext.d.ts.map
1839 silly gunzTarPerm extractEntry build/react-navigation/bottom-tabs/utils/BottomTabBarHeightContext.js.map
1840 silly gunzTarPerm extractEntry build/react-navigation/bottom-tabs/views/BottomTabItem.d.ts.map
1841 silly gunzTarPerm extractEntry build/react-navigation/bottom-tabs/views/BottomTabItem.js.map
1842 silly gunzTarPerm extractEntry build/react-navigation/bottom-tabs/views/BottomTabView.d.ts.map
1843 silly gunzTarPerm extractEntry build/react-navigation/bottom-tabs/views/BottomTabView.js.map
1844 silly gunzTarPerm extractEntry build/react-navigation/elements/Button.d.ts.map
1845 silly gunzTarPerm extractEntry build/react-navigation/elements/Button.js.map
1846 silly gunzTarPerm extractEntry build/react-navigation/stack/views/Stack/Card.d.ts.map
1847 silly gunzTarPerm extractEntry build/react-navigation/stack/views/Stack/Card.js.map
1848 silly gunzTarPerm extractEntry build/react-navigation/stack/views/Stack/CardA11yWrapper.d.ts.map
1849 silly gunzTarPerm extractEntry build/react-navigation/stack/views/Stack/CardA11yWrapper.js.map
1850 silly gunzTarPerm extractEntry build/react-navigation/stack/utils/CardAnimationContext.d.ts.map
1851 silly gunzTarPerm extractEntry build/react-navigation/stack/utils/CardAnimationContext.js.map
1852 silly gunzTarPerm extractEntry build/react-navigation/stack/views/Stack/CardContainer.d.ts.map
1853 silly gunzTarPerm extractEntry build/react-navigation/stack/views/Stack/CardContainer.js.map
1854 silly gunzTarPerm extractEntry build/react-navigation/stack/views/Stack/CardContent.d.ts.map
1855 silly gunzTarPerm extractEntry build/react-navigation/stack/views/Stack/CardContent.js.map
1856 silly gunzTarPerm extractEntry build/react-navigation/stack/views/Stack/CardStack.d.ts.map
1857 silly gunzTarPerm extractEntry build/react-navigation/stack/views/Stack/CardStack.js.map
1858 silly gunzTarPerm extractEntry build/react-navigation/stack/TransitionConfigs/CardStyleInterpolators.d.ts.map
1859 silly gunzTarPerm extractEntry build/react-navigation/stack/TransitionConfigs/CardStyleInterpolators.js.map
1860 silly gunzTarPerm extractEntry build/react-navigation/core/checkDuplicateRouteNames.d.ts.map
1861 silly gunzTarPerm extractEntry build/react-navigation/core/checkDuplicateRouteNames.js.map
1862 silly gunzTarPerm extractEntry build/react-navigation/core/checkSerializable.d.ts.map
1863 silly gunzTarPerm extractEntry build/react-navigation/core/checkSerializable.js.map
1864 silly gunzTarPerm extractEntry build/utils/children.d.ts.map
1865 silly gunzTarPerm extractEntry build/utils/children.js.map
1866 silly gunzTarPerm extractEntry build/rsc/router/client.d.ts.map
1867 silly gunzTarPerm extractEntry build/rsc/router/client.js.map
1868 silly gunzTarPerm extractEntry build/utils/color.d.ts.map
1869 silly gunzTarPerm extractEntry build/utils/color.js.map
1870 silly gunzTarPerm extractEntry build/rsc/router/common.d.ts.map
1871 silly gunzTarPerm extractEntry build/ui/common.d.ts.map
1872 silly gunzTarPerm extractEntry build/rsc/router/common.js.map
1873 silly gunzTarPerm extractEntry build/ui/common.js.map
1874 silly gunzTarPerm extractEntry build/react-navigation/routers/CommonActions.d.ts.map
1875 silly gunzTarPerm extractEntry build/react-navigation/routers/CommonActions.js.map
1876 silly gunzTarPerm extractEntry build/fork/native-stack/composition-options/CompositionOptionsContext.d.ts.map
1877 silly gunzTarPerm extractEntry build/fork/native-stack/composition-options/CompositionOptionsContext.js.map
1878 silly gunzTarPerm extractEntry build/react-navigation/stack/utils/conditional.d.ts.map
1879 silly gunzTarPerm extractEntry build/react-navigation/stack/utils/conditional.js.map
1880 silly gunzTarPerm extractEntry build/constants.d.ts.map
1881 silly gunzTarPerm extractEntry build/constants.js.map
1882 silly gunzTarPerm extractEntry build/testing-library/context-stubs.d.ts.map
1883 silly gunzTarPerm extractEntry build/testing-library/context-stubs.js.map
1884 silly gunzTarPerm extractEntry build/layouts/stack-utils/toolbar/context.d.ts.map
1885 silly gunzTarPerm extractEntry build/layouts/stack-utils/toolbar/context.js.map
1886 silly gunzTarPerm extractEntry build/react-navigation/bottom-tabs/navigators/createBottomTabNavigator.d.ts.map
1887 silly gunzTarPerm extractEntry build/react-navigation/bottom-tabs/navigators/createBottomTabNavigator.js.map
1888 silly gunzTarPerm extractEntry build/react-navigation/drawer/navigators/createDrawerNavigator.d.ts.map
1889 silly gunzTarPerm extractEntry build/react-navigation/drawer/navigators/createDrawerNavigator.js.map
1890 silly gunzTarPerm extractEntry build/layouts/experimental-stack/createExperimentalStackNavigator.d.ts.map
1891 silly gunzTarPerm extractEntry build/layouts/experimental-stack/createExperimentalStackNavigator.js.map
1892 silly gunzTarPerm extractEntry build/react-navigation/material-top-tabs/navigators/createMaterialTopTabNavigator.d.ts.map
1893 silly gunzTarPerm extractEntry build/react-navigation/material-top-tabs/navigators/createMaterialTopTabNavigator.js.map
1894 silly gunzTarPerm extractEntry build/fork/createMemoryHistory.d.ts.map
1895 silly gunzTarPerm extractEntry build/react-navigation/native/createMemoryHistory.d.ts.map
1896 silly gunzTarPerm extractEntry build/fork/createMemoryHistory.js.map
1897 silly gunzTarPerm extractEntry build/react-navigation/native/createMemoryHistory.js.map
1898 silly gunzTarPerm extractEntry build/fork/native-stack/createNativeStackNavigator.d.ts.map
1899 silly gunzTarPerm extractEntry build/react-navigation/native-stack/navigators/createNativeStackNavigator.d.ts.map
1900 silly gunzTarPerm extractEntry build/fork/native-stack/createNativeStackNavigator.js.map
1901 silly gunzTarPerm extractEntry build/react-navigation/native-stack/navigators/createNativeStackNavigator.js.map
1902 silly gunzTarPerm extractEntry build/react-navigation/core/createNavigationContainerRef.d.ts.map
1903 silly gunzTarPerm extractEntry build/react-navigation/core/createNavigationContainerRef.js.map
1904 silly gunzTarPerm extractEntry build/react-navigation/core/createNavigatorFactory.d.ts.map
1905 silly gunzTarPerm extractEntry build/react-navigation/core/createNavigatorFactory.js.map
1906 silly gunzTarPerm extractEntry build/react-navigation/routers/createParamsFromAction.d.ts.map
1907 silly gunzTarPerm extractEntry build/react-navigation/routers/createParamsFromAction.js.map
1908 silly gunzTarPerm extractEntry build/react-navigation/routers/createRouteFromAction.d.ts.map
1909 silly gunzTarPerm extractEntry build/react-navigation/routers/createRouteFromAction.js.map
1910 silly gunzTarPerm extractEntry build/react-navigation/native/__stubs__/createStackNavigator.d.ts.map
1911 silly gunzTarPerm extractEntry build/react-navigation/stack/navigators/createStackNavigator.d.ts.map
1912 silly gunzTarPerm extractEntry build/react-navigation/native/__stubs__/createStackNavigator.js.map
1913 silly gunzTarPerm extractEntry build/react-navigation/stack/navigators/createStackNavigator.js.map
1914 silly gunzTarPerm extractEntry build/react-navigation/native/createStaticNavigation.d.ts.map
1915 silly gunzTarPerm extractEntry build/react-navigation/native/createStaticNavigation.js.map
1916 silly gunzTarPerm extractEntry build/react-navigation/core/CurrentRenderContext.d.ts.map
1917 silly gunzTarPerm extractEntry build/react-navigation/core/CurrentRenderContext.js.map
1918 silly gunzTarPerm extractEntry build/react-navigation/native/theming/DarkTheme.d.ts.map
1919 silly gunzTarPerm extractEntry build/react-navigation/native/theming/DarkTheme.js.map
1920 silly gunzTarPerm extractEntry build/react-navigation/native-stack/utils/debounce.d.ts.map
1921 silly gunzTarPerm extractEntry build/react-navigation/native-stack/utils/debounce.js.map
1922 silly gunzTarPerm extractEntry build/react-navigation/core/deepFreeze.d.ts.map
1923 silly gunzTarPerm extractEntry build/react-navigation/core/deepFreeze.js.map
1924 silly gunzTarPerm extractEntry build/layouts/stack-utils/toolbar/defaults.android.d.ts.map
1925 silly gunzTarPerm extractEntry build/layouts/stack-utils/toolbar/defaults.android.js.map
1926 silly gunzTarPerm extractEntry build/layouts/stack-utils/toolbar/defaults.d.ts.map
1927 silly gunzTarPerm extractEntry build/layouts/stack-utils/toolbar/defaults.js.map
1928 silly gunzTarPerm extractEntry build/react-navigation/native/theming/DefaultTheme.d.ts.map
1929 silly gunzTarPerm extractEntry build/react-navigation/native/theming/DefaultTheme.js.map
1930 silly gunzTarPerm extractEntry build/react-navigation/core/DeprecatedNavigationInChildContext.d.ts.map
1931 silly gunzTarPerm extractEntry build/react-navigation/core/DeprecatedNavigationInChildContext.js.map
1932 silly gunzTarPerm extractEntry build/fork/native-stack/descriptors-context.d.ts.map
1933 silly gunzTarPerm extractEntry build/fork/native-stack/descriptors-context.js.map
1934 silly gunzTarPerm extractEntry build/layouts/Drawer.d.ts.map
1935 silly gunzTarPerm extractEntry build/layouts/Drawer.js.map
1936 silly gunzTarPerm extractEntry build/layouts/DrawerClient.d.ts.map
1937 silly gunzTarPerm extractEntry build/layouts/DrawerClient.js.map
1938 silly gunzTarPerm extractEntry build/react-navigation/drawer/views/DrawerContent.d.ts.map
1939 silly gunzTarPerm extractEntry build/react-navigation/drawer/views/DrawerContent.js.map
1940 silly gunzTarPerm extractEntry build/react-navigation/drawer/views/DrawerContentScrollView.d.ts.map
1941 silly gunzTarPerm extractEntry build/react-navigation/drawer/views/DrawerContentScrollView.js.map
1942 silly gunzTarPerm extractEntry build/react-navigation/drawer/views/DrawerItem.d.ts.map
1943 silly gunzTarPerm extractEntry build/react-navigation/drawer/views/DrawerItem.js.map
1944 silly gunzTarPerm extractEntry build/react-navigation/drawer/views/DrawerItemList.d.ts.map
1945 silly gunzTarPerm extractEntry build/react-navigation/drawer/views/DrawerItemList.js.map
1946 silly gunzTarPerm extractEntry build/react-navigation/drawer/utils/DrawerPositionContext.d.ts.map
1947 silly gunzTarPerm extractEntry build/react-navigation/drawer/utils/DrawerPositionContext.js.map
1948 silly gunzTarPerm extractEntry build/react-navigation/routers/DrawerRouter.d.ts.map
1949 silly gunzTarPerm extractEntry build/react-navigation/routers/DrawerRouter.js.map
1950 silly gunzTarPerm extractEntry build/react-navigation/drawer/utils/DrawerStatusContext.d.ts.map
1951 silly gunzTarPerm extractEntry build/react-navigation/drawer/utils/DrawerStatusContext.js.map
1952 silly gunzTarPerm extractEntry build/react-navigation/drawer/views/DrawerToggleButton.d.ts.map
1953 silly gunzTarPerm extractEntry build/react-navigation/drawer/views/DrawerToggleButton.js.map
1954 silly gunzTarPerm extractEntry build/react-navigation/drawer/views/DrawerView.d.ts.map
1955 silly gunzTarPerm extractEntry build/react-navigation/drawer/views/DrawerView.js.map
1956 silly gunzTarPerm extractEntry build/link/elements.d.ts.map
1957 silly gunzTarPerm extractEntry build/native-tabs/common/elements.d.ts.map
1958 silly gunzTarPerm extractEntry build/primitives/elements.d.ts.map
1959 silly gunzTarPerm extractEntry build/split-view/elements.d.ts.map
1960 silly gunzTarPerm extractEntry build/link/elements.js.map
1961 silly gunzTarPerm extractEntry build/native-tabs/common/elements.js.map
1962 silly gunzTarPerm extractEntry build/primitives/elements.js.map
1963 silly gunzTarPerm extractEntry build/split-view/elements.js.map
1964 silly gunzTarPerm extractEntry build/domComponents/emitDomEvent.d.ts.map
1965 silly gunzTarPerm extractEntry build/domComponents/emitDomEvent.js.map
1966 silly gunzTarPerm extractEntry build/views/EmptyRoute.d.ts.map
1967 silly gunzTarPerm extractEntry build/views/EmptyRoute.js.map
1968 silly gunzTarPerm extractEntry build/react-navigation/core/EnsureSingleNavigator.d.ts.map
1969 silly gunzTarPerm extractEntry build/react-navigation/core/EnsureSingleNavigator.js.map
1970 silly gunzTarPerm extractEntry build/rsc/entry.d.ts.map
1971 silly gunzTarPerm extractEntry build/rsc/entry.js.map
1972 silly gunzTarPerm extractEntry build/views/ErrorBoundary.d.ts.map
1973 silly gunzTarPerm extractEntry build/views/ErrorBoundary.js.map
1974 silly gunzTarPerm extractEntry build/rsc/router/errors.d.ts.map
1975 silly gunzTarPerm extractEntry build/rsc/router/errors.js.map
1976 silly gunzTarPerm extractEntry build/domComponents/events.d.ts.map
1977 silly gunzTarPerm extractEntry build/domComponents/events.js.map
1978 silly gunzTarPerm extractEntry build/testing-library/expect.d.ts.map
1979 silly gunzTarPerm extractEntry build/testing-library/expect.js.map
1980 silly gunzTarPerm extractEntry build/layouts/ExperimentalModalStack.d.ts.map
1981 silly gunzTarPerm extractEntry build/layouts/ExperimentalModalStack.js.map
1982 silly gunzTarPerm extractEntry build/layouts/experimental-stack/ExperimentalStackView.d.ts.map
1983 silly gunzTarPerm extractEntry build/layouts/experimental-stack/ExperimentalStackView.js.map
1984 silly gunzTarPerm extractEntry build/ts-declarations/expo-router-internal-globals.d.ts.map
1985 silly gunzTarPerm extractEntry build/ts-declarations/expo-router-internal-globals.js.map
1986 silly gunzTarPerm extractEntry build/head/ExpoHead.android.d.ts.map
1987 silly gunzTarPerm extractEntry build/head/ExpoHead.android.js.map
1988 silly gunzTarPerm extractEntry build/head/ExpoHead.d.ts.map
1989 silly gunzTarPerm extractEntry build/head/ExpoHead.ios.d.ts.map
1990 silly gunzTarPerm extractEntry build/head/ExpoHead.ios.js.map
1991 silly gunzTarPerm extractEntry build/head/ExpoHead.js.map
1992 silly gunzTarPerm extractEntry build/head/ExpoHeadModule.d.ts.map
1993 silly gunzTarPerm extractEntry build/head/ExpoHeadModule.js.map
1994 silly gunzTarPerm extractEntry build/link/ExpoLink.d.ts.map
1995 silly gunzTarPerm extractEntry build/link/ExpoLink.js.map
1996 silly gunzTarPerm extractEntry build/ExpoRoot.d.ts.map
1997 silly gunzTarPerm extractEntry build/ExpoRoot.js.map
1998 silly gunzTarPerm extractEntry build/exports.d.ts.map
1999 silly gunzTarPerm extractEntry build/rsc/exports.d.ts.map
2000 silly gunzTarPerm extractEntry build/exports.js.map
2001 silly gunzTarPerm extractEntry build/rsc/exports.js.map
2002 silly gunzTarPerm extractEntry build/fork/extractPathFromURL.d.ts.map
2003 silly gunzTarPerm extractEntry build/react-navigation/native/extractPathFromURL.d.ts.map
2004 silly gunzTarPerm extractEntry build/fork/extractPathFromURL.js.map
2005 silly gunzTarPerm extractEntry build/react-navigation/native/extractPathFromURL.js.map
2006 silly gunzTarPerm extractEntry build/fast-refresh.d.ts.map
2007 silly gunzTarPerm extractEntry build/fast-refresh.js.map
2008 silly gunzTarPerm extractEntry build/rsc/router/fetch.d.ts.map
2009 silly gunzTarPerm extractEntry build/rsc/router/fetch.js.map
2010 silly gunzTarPerm extractEntry build/rsc/router/fetch.web.d.ts.map
2011 silly gunzTarPerm extractEntry build/rsc/router/fetch.web.js.map
2012 silly gunzTarPerm extractEntry build/fork/findFocusedRoute.d.ts.map
2013 silly gunzTarPerm extractEntry build/react-navigation/core/findFocusedRoute.d.ts.map
2014 silly gunzTarPerm extractEntry build/fork/findFocusedRoute.js.map
2015 silly gunzTarPerm extractEntry build/react-navigation/core/findFocusedRoute.js.map
2016 silly gunzTarPerm extractEntry build/react-navigation/stack/utils/findLastIndex.d.ts.map
2017 silly gunzTarPerm extractEntry build/react-navigation/stack/utils/findLastIndex.js.map
2018 silly gunzTarPerm extractEntry build/utils/font.d.ts.map
2019 silly gunzTarPerm extractEntry build/utils/font.js.map
2020 silly gunzTarPerm extractEntry build/react-navigation/native-stack/views/FontProcessor.d.ts.map
2021 silly gunzTarPerm extractEntry build/react-navigation/native-stack/views/FontProcessor.js.map
2022 silly gunzTarPerm extractEntry build/react-navigation/native-stack/views/FontProcessor.native.d.ts.map
2023 silly gunzTarPerm extractEntry build/react-navigation/native-stack/views/FontProcessor.native.js.map
2024 silly gunzTarPerm extractEntry build/react-navigation/native/theming/fonts.d.ts.map
2025 silly gunzTarPerm extractEntry build/react-navigation/native/theming/fonts.js.map
2026 silly gunzTarPerm extractEntry build/react-navigation/native-stack/views/FooterComponent.d.ts.map
2027 silly gunzTarPerm extractEntry build/react-navigation/native-stack/views/FooterComponent.js.map
2028 silly gunzTarPerm extractEntry build/react-navigation/stack/utils/gestureActivationCriteria.d.ts.map
2029 silly gunzTarPerm extractEntry build/react-navigation/stack/utils/gestureActivationCriteria.js.map
2030 silly gunzTarPerm extractEntry build/react-navigation/stack/views/GestureHandler.android.d.ts.map
2031 silly gunzTarPerm extractEntry build/react-navigation/stack/views/GestureHandler.android.js.map
2032 silly gunzTarPerm extractEntry build/react-navigation/stack/views/GestureHandler.d.ts.map
2033 silly gunzTarPerm extractEntry build/react-navigation/stack/views/GestureHandler.ios.d.ts.map
2034 silly gunzTarPerm extractEntry build/react-navigation/stack/views/GestureHandler.ios.js.map
2035 silly gunzTarPerm extractEntry build/react-navigation/stack/views/GestureHandler.js.map
2036 silly gunzTarPerm extractEntry build/react-navigation/stack/views/GestureHandlerNative.d.ts.map
2037 silly gunzTarPerm extractEntry build/react-navigation/stack/views/GestureHandlerNative.js.map
2038 silly gunzTarPerm extractEntry build/react-navigation/stack/utils/GestureHandlerRefContext.d.ts.map
2039 silly gunzTarPerm extractEntry build/react-navigation/stack/utils/GestureHandlerRefContext.js.map
2040 silly gunzTarPerm extractEntry build/react-navigation/core/getActionFromState.d.ts.map
2041 silly gunzTarPerm extractEntry build/react-navigation/core/getActionFromState.js.map
2042 silly gunzTarPerm extractEntry build/react-navigation/elements/Header/getDefaultHeaderHeight.d.ts.map
2043 silly gunzTarPerm extractEntry build/react-navigation/elements/Header/getDefaultHeaderHeight.js.map
2044 silly gunzTarPerm extractEntry build/react-navigation/elements/getDefaultSidebarWidth.d.ts.map
2045 silly gunzTarPerm extractEntry build/react-navigation/elements/getDefaultSidebarWidth.js.map
2046 silly gunzTarPerm extractEntry build/react-navigation/stack/utils/getDistanceForDirection.d.ts.map
2047 silly gunzTarPerm extractEntry build/react-navigation/stack/utils/getDistanceForDirection.js.map
2048 silly gunzTarPerm extractEntry build/react-navigation/drawer/utils/getDrawerStatusFromState.d.ts.map
2049 silly gunzTarPerm extractEntry build/react-navigation/drawer/utils/getDrawerStatusFromState.js.map
2050 silly gunzTarPerm extractEntry build/react-navigation/core/getFocusedRouteNameFromRoute.d.ts.map
2051 silly gunzTarPerm extractEntry build/react-navigation/core/getFocusedRouteNameFromRoute.js.map
2052 silly gunzTarPerm extractEntry build/react-navigation/elements/Header/getHeaderTitle.d.ts.map
2053 silly gunzTarPerm extractEntry build/react-navigation/elements/Header/getHeaderTitle.js.map
2054 silly gunzTarPerm extractEntry build/react-navigation/stack/utils/getInvertedMultiplier.d.ts.map
2055 silly gunzTarPerm extractEntry build/react-navigation/stack/utils/getInvertedMultiplier.js.map
2056 silly gunzTarPerm extractEntry build/react-navigation/elements/Label/getLabel.d.ts.map
2057 silly gunzTarPerm extractEntry build/react-navigation/elements/Label/getLabel.js.map
2058 silly gunzTarPerm extractEntry build/getLinkingConfig.d.ts.map
2059 silly gunzTarPerm extractEntry build/getLinkingConfig.js.map
2060 silly gunzTarPerm extractEntry build/loaders/getLoaderData.d.ts.map
2061 silly gunzTarPerm extractEntry build/loaders/getLoaderData.js.map
2062 silly gunzTarPerm extractEntry build/react-navigation/native-stack/utils/getModalRoutesKeys.d.ts.map
2063 silly gunzTarPerm extractEntry build/react-navigation/stack/utils/getModalRoutesKeys.d.ts.map
2064 silly gunzTarPerm extractEntry build/react-navigation/native-stack/utils/getModalRoutesKeys.js.map
2065 silly gunzTarPerm extractEntry build/react-navigation/stack/utils/getModalRoutesKeys.js.map
2066 silly gunzTarPerm extractEntry build/react-navigation/elements/getNamedContext.d.ts.map
2067 silly gunzTarPerm extractEntry build/react-navigation/elements/getNamedContext.js.map
2068 silly gunzTarPerm extractEntry build/global-state/getNavigationAction.d.ts.map
2069 silly gunzTarPerm extractEntry build/global-state/getNavigationAction.js.map
2070 silly gunzTarPerm extractEntry build/fork/getPathFromState-forks.d.ts.map
2071 silly gunzTarPerm extractEntry build/fork/getPathFromState-forks.js.map
2072 silly gunzTarPerm extractEntry build/fork/getPathFromState.d.ts.map
2073 silly gunzTarPerm extractEntry build/react-navigation/core/getPathFromState.d.ts.map
2074 silly gunzTarPerm extractEntry build/fork/getPathFromState.js.map
2075 silly gunzTarPerm extractEntry build/react-navigation/core/getPathFromState.js.map
2076 silly gunzTarPerm extractEntry build/react-navigation/core/getPatternParts.d.ts.map
2077 silly gunzTarPerm extractEntry build/react-navigation/core/getPatternParts.js.map
2078 silly gunzTarPerm extractEntry build/standard-navigation/getPreloadedRoutes.d.ts.map
2079 silly gunzTarPerm extractEntry build/standard-navigation/getPreloadedRoutes.js.map
2080 silly gunzTarPerm extractEntry build/getReactNavigationConfig.d.ts.map
2081 silly gunzTarPerm extractEntry build/getReactNavigationConfig.js.map
2082 silly gunzTarPerm extractEntry build/global-state/getRouteInfoFromState.d.ts.map
2083 silly gunzTarPerm extractEntry build/global-state/getRouteInfoFromState.js.map
2084 silly gunzTarPerm extractEntry build/getRoutes.d.ts.map
2085 silly gunzTarPerm extractEntry build/getRoutes.js.map
2086 silly gunzTarPerm extractEntry build/getRoutesCore.d.ts.map
2087 silly gunzTarPerm extractEntry build/getRoutesCore.js.map
2088 silly gunzTarPerm extractEntry build/getRoutesRedirects.d.ts.map
2089 silly gunzTarPerm extractEntry build/getRoutesRedirects.js.map
2090 silly gunzTarPerm extractEntry build/react-navigation/stack/utils/getShadowStyle.d.ts.map
2091 silly gunzTarPerm extractEntry build/react-navigation/stack/utils/getShadowStyle.js.map
2092 silly gunzTarPerm extractEntry build/fork/getStateFromPath-forks.d.ts.map
2093 silly gunzTarPerm extractEntry build/fork/getStateFromPath-forks.js.map
2094 silly gunzTarPerm extractEntry build/fork/getStateFromPath.d.ts.map
2095 silly gunzTarPerm extractEntry build/react-navigation/core/getStateFromPath.d.ts.map
2096 silly gunzTarPerm extractEntry build/fork/getStateFromPath.js.map
2097 silly gunzTarPerm extractEntry build/react-navigation/core/getStateFromPath.js.map
2098 silly gunzTarPerm extractEntry build/global.d.ts.map
2099 silly gunzTarPerm extractEntry build/global.js.map
2100 silly gunzTarPerm extractEntry build/react-navigation/core/Group.d.ts.map
2101 silly gunzTarPerm extractEntry build/react-navigation/core/Group.js.map
2102 silly gunzTarPerm extractEntry build/react-navigation/elements/Header/Header.d.ts.map
2103 silly gunzTarPerm extractEntry build/react-navigation/stack/views/Header/Header.d.ts.map
2104 silly gunzTarPerm extractEntry build/react-navigation/elements/Header/Header.js.map
2105 silly gunzTarPerm extractEntry build/react-navigation/stack/views/Header/Header.js.map
2106 silly gunzTarPerm extractEntry build/react-navigation/elements/Header/HeaderBackButton.d.ts.map
2107 silly gunzTarPerm extractEntry build/react-navigation/elements/Header/HeaderBackButton.js.map
2108 silly gunzTarPerm extractEntry build/react-navigation/elements/Header/HeaderBackContext.d.ts.map
2109 silly gunzTarPerm extractEntry build/react-navigation/elements/Header/HeaderBackContext.js.map
2110 silly gunzTarPerm extractEntry build/react-navigation/elements/Header/HeaderBackground.d.ts.map
2111 silly gunzTarPerm extractEntry build/react-navigation/elements/Header/HeaderBackground.js.map
2112 silly gunzTarPerm extractEntry build/react-navigation/elements/Header/HeaderButton.d.ts.map
2113 silly gunzTarPerm extractEntry build/react-navigation/elements/Header/HeaderButton.js.map
2114 silly gunzTarPerm extractEntry build/react-navigation/stack/views/Header/HeaderContainer.d.ts.map
2115 silly gunzTarPerm extractEntry build/react-navigation/stack/views/Header/HeaderContainer.js.map
2116 silly gunzTarPerm extractEntry build/react-navigation/elements/Header/HeaderHeightContext.d.ts.map
2117 silly gunzTarPerm extractEntry build/react-navigation/elements/Header/HeaderHeightContext.js.map
2118 silly gunzTarPerm extractEntry build/react-navigation/elements/Header/HeaderIcon.d.ts.map
2119 silly gunzTarPerm extractEntry build/react-navigation/elements/Header/HeaderIcon.js.map
2120 silly gunzTarPerm extractEntry build/react-navigation/elements/Header/HeaderSearchBar.d.ts.map
2121 silly gunzTarPerm extractEntry build/react-navigation/elements/Header/HeaderSearchBar.js.map
2122 silly gunzTarPerm extractEntry build/react-navigation/stack/views/Header/HeaderSegment.d.ts.map
2123 silly gunzTarPerm extractEntry build/react-navigation/stack/views/Header/HeaderSegment.js.map
2124 silly gunzTarPerm extractEntry build/react-navigation/elements/Header/HeaderShownContext.d.ts.map
2125 silly gunzTarPerm extractEntry build/react-navigation/elements/Header/HeaderShownContext.js.map
2126 silly gunzTarPerm extractEntry build/react-navigation/stack/TransitionConfigs/HeaderStyleInterpolators.d.ts.map
2127 silly gunzTarPerm extractEntry build/react-navigation/stack/TransitionConfigs/HeaderStyleInterpolators.js.map
2128 silly gunzTarPerm extractEntry build/react-navigation/elements/Header/HeaderTitle.d.ts.map
2129 silly gunzTarPerm extractEntry build/react-navigation/elements/Header/HeaderTitle.js.map
2130 silly gunzTarPerm extractEntry build/native-tabs/hooks.d.ts.map
2131 silly gunzTarPerm extractEntry build/native-tabs/hooks.js.map
2132 silly gunzTarPerm extractEntry build/rsc/router/host.d.ts.map
2133 silly gunzTarPerm extractEntry build/rsc/router/host.js.map
2134 silly gunzTarPerm extractEntry build/link/href.d.ts.map
2135 silly gunzTarPerm extractEntry build/link/href.js.map
2136 silly gunzTarPerm extractEntry build/link/preview/HrefPreview.d.ts.map
2137 silly gunzTarPerm extractEntry build/link/preview/HrefPreview.js.map
2138 silly gunzTarPerm extractEntry build/html.d.ts.map
2139 silly gunzTarPerm extractEntry build/static/html.d.ts.map
2140 silly gunzTarPerm extractEntry build/html.js.map
2141 silly gunzTarPerm extractEntry build/static/html.js.map
2142 silly gunzTarPerm extractEntry build/native-tabs/utils/icon.d.ts.map
2143 silly gunzTarPerm extractEntry build/native-tabs/utils/icon.js.map
2144 silly gunzTarPerm extractEntry build/rsc/router/idMinting.d.ts.map
2145 silly gunzTarPerm extractEntry build/rsc/router/idMinting.js.map
2146 silly gunzTarPerm extractEntry build/imperative-api.d.ts.map
2147 silly gunzTarPerm extractEntry build/imperative-api.js.map
2148 silly gunzTarPerm extractEntry build/color/index.d.ts.map
2149 silly gunzTarPerm extractEntry build/fork/native-stack/composition-options/index.d.ts.map
2150 silly gunzTarPerm extractEntry build/getDevServer/index.d.ts.map
2151 silly gunzTarPerm extractEntry build/head/index.d.ts.map
2152 silly gunzTarPerm extractEntry build/hooks/index.d.ts.map
2153 silly gunzTarPerm extractEntry build/import-mode/index.d.ts.map
2154 silly gunzTarPerm extractEntry build/index.d.ts.map
2155 silly gunzTarPerm extractEntry build/layouts/experimental-stack/index.d.ts.map
2156 silly gunzTarPerm extractEntry build/layouts/stack-utils/index.d.ts.map
2157 silly gunzTarPerm extractEntry build/layouts/stack-utils/screen/index.d.ts.map
2158 silly gunzTarPerm extractEntry build/layouts/stack-utils/toolbar/index.d.ts.map
2159 silly gunzTarPerm extractEntry build/layouts/stack-utils/toolbar/StackToolbarButton/index.d.ts.map
2160 silly gunzTarPerm extractEntry build/layouts/stack-utils/toolbar/StackToolbarMenu/index.d.ts.map
2161 silly gunzTarPerm extractEntry build/layouts/stack-utils/toolbar/StackToolbarSearchBarSlot/index.d.ts.map
2162 silly gunzTarPerm extractEntry build/layouts/stack-utils/toolbar/StackToolbarSpacer/index.d.ts.map
2163 silly gunzTarPerm extractEntry build/layouts/stack-utils/toolbar/StackToolbarView/index.d.ts.map
2164 silly gunzTarPerm extractEntry build/link/index.d.ts.map
2165 silly gunzTarPerm extractEntry build/native-tabs/index.d.ts.map
2166 silly gunzTarPerm extractEntry build/native-tabs/utils/index.d.ts.map
2167 silly gunzTarPerm extractEntry build/navigationEvents/index.d.ts.map
2168 silly gunzTarPerm extractEntry build/primitives/index.d.ts.map
2169 silly gunzTarPerm extractEntry build/react-navigation/bottom-tabs/index.d.ts.map
2170 silly gunzTarPerm extractEntry build/react-navigation/core/index.d.ts.map
2171 silly gunzTarPerm extractEntry build/react-navigation/drawer/index.d.ts.map
2172 silly gunzTarPerm extractEntry build/react-navigation/elements/index.d.ts.map
2173 silly gunzTarPerm extractEntry build/react-navigation/index.d.ts.map
2174 silly gunzTarPerm extractEntry build/react-navigation/material-top-tabs/index.d.ts.map
2175 silly gunzTarPerm extractEntry build/react-navigation/native-stack/index.d.ts.map
2176 silly gunzTarPerm extractEntry build/react-navigation/native/index.d.ts.map
2177 silly gunzTarPerm extractEntry build/react-navigation/routers/index.d.ts.map
2178 silly gunzTarPerm extractEntry build/react-navigation/stack/index.d.ts.map
2179 silly gunzTarPerm extractEntry build/split-view/index.d.ts.map
2180 silly gunzTarPerm extractEntry build/stack/index.d.ts.map
2181 silly gunzTarPerm extractEntry build/standard-navigation/index.d.ts.map
2182 silly gunzTarPerm extractEntry build/testing-library/index.d.ts.map
2183 silly gunzTarPerm extractEntry build/ui/index.d.ts.map
2184 silly gunzTarPerm extractEntry build/color/index.js.map
2185 silly gunzTarPerm extractEntry build/fork/native-stack/composition-options/index.js.map
2186 silly gunzTarPerm extractEntry build/getDevServer/index.js.map
2187 silly gunzTarPerm extractEntry build/head/index.js.map
2188 silly gunzTarPerm extractEntry build/hooks/index.js.map
2189 silly gunzTarPerm extractEntry build/import-mode/index.js.map
2190 silly gunzTarPerm extractEntry build/index.js.map
2191 silly gunzTarPerm extractEntry build/layouts/experimental-stack/index.js.map
2192 silly gunzTarPerm extractEntry build/layouts/stack-utils/index.js.map
2193 silly gunzTarPerm extractEntry build/layouts/stack-utils/screen/index.js.map
2194 silly gunzTarPerm extractEntry build/layouts/stack-utils/toolbar/index.js.map
2195 silly gunzTarPerm extractEntry build/layouts/stack-utils/toolbar/StackToolbarButton/index.js.map
2196 silly gunzTarPerm extractEntry build/layouts/stack-utils/toolbar/StackToolbarMenu/index.js.map
2197 silly gunzTarPerm extractEntry build/layouts/stack-utils/toolbar/StackToolbarSearchBarSlot/index.js.map
2198 silly gunzTarPerm extractEntry build/layouts/stack-utils/toolbar/StackToolbarSpacer/index.js.map
2199 silly gunzTarPerm extractEntry build/layouts/stack-utils/toolbar/StackToolbarView/index.js.map
2200 silly gunzTarPerm extractEntry build/link/index.js.map
2201 silly gunzTarPerm extractEntry build/native-tabs/index.js.map
2202 silly gunzTarPerm extractEntry build/native-tabs/utils/index.js.map
2203 silly gunzTarPerm extractEntry build/navigationEvents/index.js.map
2204 silly gunzTarPerm extractEntry build/primitives/index.js.map
2205 silly gunzTarPerm extractEntry build/react-navigation/bottom-tabs/index.js.map
2206 silly gunzTarPerm extractEntry build/react-navigation/core/index.js.map
2207 silly gunzTarPerm extractEntry build/react-navigation/drawer/index.js.map
2208 silly gunzTarPerm extractEntry build/react-navigation/elements/index.js.map
2209 silly gunzTarPerm extractEntry build/react-navigation/index.js.map
2210 silly gunzTarPerm extractEntry build/react-navigation/material-top-tabs/index.js.map
2211 silly gunzTarPerm extractEntry build/react-navigation/native-stack/index.js.map
2212 silly gunzTarPerm extractEntry build/react-navigation/native/index.js.map
2213 silly gunzTarPerm extractEntry build/react-navigation/routers/index.js.map
2214 silly gunzTarPerm extractEntry build/react-navigation/stack/index.js.map
2215 silly gunzTarPerm extractEntry build/split-view/index.js.map
2216 silly gunzTarPerm extractEntry build/stack/index.js.map
2217 silly gunzTarPerm extractEntry build/standard-navigation/index.js.map
2218 silly gunzTarPerm extractEntry build/testing-library/index.js.map
2219 silly gunzTarPerm extractEntry build/ui/index.js.map
2220 silly gunzTarPerm extractEntry build/getDevServer/index.native.d.ts.map
2221 silly gunzTarPerm extractEntry build/getDevServer/index.native.js.map
2222 silly gunzTarPerm extractEntry build/layouts/experimental-stack/index.web.d.ts.map
2223 silly gunzTarPerm extractEntry build/layouts/experimental-stack/index.web.js.map
2224 silly gunzTarPerm extractEntry build/link/InternalLinkPreviewContext.d.ts.map
2225 silly gunzTarPerm extractEntry build/link/InternalLinkPreviewContext.js.map
2226 silly gunzTarPerm extractEntry build/color/ios.types.d.ts.map
2227 silly gunzTarPerm extractEntry build/color/ios.types.js.map
2228 silly gunzTarPerm extractEntry build/react-navigation/core/isArrayEqual.d.ts.map
2229 silly gunzTarPerm extractEntry build/react-navigation/core/isArrayEqual.js.map
2230 silly gunzTarPerm extractEntry build/react-navigation/core/isRecordEqual.d.ts.map
2231 silly gunzTarPerm extractEntry build/react-navigation/core/isRecordEqual.js.map
2232 silly gunzTarPerm extractEntry build/layouts/IsWithinLayoutContext.d.ts.map
2233 silly gunzTarPerm extractEntry build/layouts/IsWithinLayoutContext.js.map
2234 silly gunzTarPerm extractEntry build/layouts/JSStack.d.ts.map
2235 silly gunzTarPerm extractEntry build/layouts/JSStack.js.map
2236 silly gunzTarPerm extractEntry build/native-tabs/utils/label.d.ts.map
2237 silly gunzTarPerm extractEntry build/react-navigation/elements/Label/Label.d.ts.map
2238 silly gunzTarPerm extractEntry build/native-tabs/utils/label.js.map
2239 silly gunzTarPerm extractEntry build/react-navigation/elements/Label/Label.js.map
2240 silly gunzTarPerm extractEntry build/react-navigation/elements/Lazy.d.ts.map
2241 silly gunzTarPerm extractEntry build/react-navigation/elements/Lazy.js.map
2242 silly gunzTarPerm extractEntry build/link/zoom/link-apple-zoom-target.d.ts.map
2243 silly gunzTarPerm extractEntry build/link/zoom/link-apple-zoom-target.js.map
2244 silly gunzTarPerm extractEntry build/link/zoom/link-apple-zoom.d.ts.map
2245 silly gunzTarPerm extractEntry build/link/zoom/link-apple-zoom.js.map
2246 silly gunzTarPerm extractEntry build/link/Link.d.ts.map
2247 silly gunzTarPerm extractEntry build/react-navigation/native/Link.d.ts.map
2248 silly gunzTarPerm extractEntry build/link/Link.js.map
2249 silly gunzTarPerm extractEntry build/react-navigation/native/Link.js.map
2250 silly gunzTarPerm extractEntry build/link/linking.d.ts.map
2251 silly gunzTarPerm extractEntry build/link/linking.js.map
2252 silly gunzTarPerm extractEntry build/react-navigation/native/LinkingContext.d.ts.map
2253 silly gunzTarPerm extractEntry build/react-navigation/native/LinkingContext.js.map
2254 silly gunzTarPerm extractEntry build/link/preview/LinkPreviewContext.d.ts.map
2255 silly gunzTarPerm extractEntry build/link/preview/LinkPreviewContext.js.map
2256 silly gunzTarPerm extractEntry build/link/LinkWithPreview.d.ts.map
2257 silly gunzTarPerm extractEntry build/link/LinkWithPreview.js.map
2258 silly gunzTarPerm extractEntry build/loaders/LoaderCache.d.ts.map
2259 silly gunzTarPerm extractEntry build/loaders/LoaderCache.js.map
2260 silly gunzTarPerm extractEntry build/react-navigation/native/LocaleDirContext.d.ts.map
2261 silly gunzTarPerm extractEntry build/react-navigation/native/LocaleDirContext.js.map
2262 silly gunzTarPerm extractEntry build/LocaleProvider.d.ts.map
2263 silly gunzTarPerm extractEntry build/LocaleProvider.js.map
2264 silly gunzTarPerm extractEntry build/LocationProvider.d.ts.map
2265 silly gunzTarPerm extractEntry build/LocationProvider.js.map
2266 silly gunzTarPerm extractEntry build/layouts/stack-utils/mapProtectedScreen.d.ts.map
2267 silly gunzTarPerm extractEntry build/layouts/stack-utils/mapProtectedScreen.js.map
2268 silly gunzTarPerm extractEntry build/react-navigation/elements/MaskedView.android.d.ts.map
2269 silly gunzTarPerm extractEntry build/react-navigation/elements/MaskedView.android.js.map
2270 silly gunzTarPerm extractEntry build/react-navigation/elements/MaskedView.d.ts.map
2271 silly gunzTarPerm extractEntry build/react-navigation/elements/MaskedView.ios.d.ts.map
2272 silly gunzTarPerm extractEntry build/react-navigation/elements/MaskedView.ios.js.map
2273 silly gunzTarPerm extractEntry build/react-navigation/elements/MaskedView.js.map
2274 silly gunzTarPerm extractEntry build/react-navigation/elements/MaskedViewNative.d.ts.map
2275 silly gunzTarPerm extractEntry build/react-navigation/elements/MaskedViewNative.js.map
2276 silly gunzTarPerm extractEntry build/matchers.d.ts.map
2277 silly gunzTarPerm extractEntry build/matchers.js.map
2278 silly gunzTarPerm extractEntry build/color/materialColor.android.d.ts.map
2279 silly gunzTarPerm extractEntry build/color/materialColor.android.js.map
2280 silly gunzTarPerm extractEntry build/color/materialColor.d.ts.map
2281 silly gunzTarPerm extractEntry build/color/materialColor.js.map
2282 silly gunzTarPerm extractEntry build/native-tabs/utils/materialIconConverter-not-implemented.d.ts.map
2283 silly gunzTarPerm extractEntry build/native-tabs/utils/materialIconConverter-not-implemented.js.map
2284 silly gunzTarPerm extractEntry build/native-tabs/utils/materialIconConverter.android.d.ts.map
2285 silly gunzTarPerm extractEntry build/native-tabs/utils/materialIconConverter.android.js.map
2286 silly gunzTarPerm extractEntry build/native-tabs/utils/materialIconConverter.d.ts.map
2287 silly gunzTarPerm extractEntry build/native-tabs/utils/materialIconConverter.js.map
2288 silly gunzTarPerm extractEntry build/react-navigation/material-top-tabs/views/MaterialTopTabBar.d.ts.map
2289 silly gunzTarPerm extractEntry build/react-navigation/material-top-tabs/views/MaterialTopTabBar.js.map
2290 silly gunzTarPerm extractEntry build/react-navigation/material-top-tabs/views/MaterialTopTabView.d.ts.map
2291 silly gunzTarPerm extractEntry build/react-navigation/material-top-tabs/views/MaterialTopTabView.js.map
2292 silly gunzTarPerm extractEntry build/primitives/menu.d.ts.map
2293 silly gunzTarPerm extractEntry build/primitives/menu.js.map
2294 silly gunzTarPerm extractEntry build/fork/native-stack/composition-options/mergeOptions.d.ts.map
2295 silly gunzTarPerm extractEntry build/fork/native-stack/composition-options/mergeOptions.js.map
2296 silly gunzTarPerm extractEntry build/react-navigation/elements/MissingIcon.d.ts.map
2297 silly gunzTarPerm extractEntry build/react-navigation/elements/MissingIcon.js.map
2298 silly gunzTarPerm extractEntry build/testing-library/mock-config.d.ts.map
2299 silly gunzTarPerm extractEntry build/testing-library/mock-config.js.map
2300 silly gunzTarPerm extractEntry build/testing-library/mocks.d.ts.map
2301 silly gunzTarPerm extractEntry build/testing-library/mocks.js.map
2302 silly gunzTarPerm extractEntry build/react-navigation/stack/utils/ModalPresentationContext.d.ts.map
2303 silly gunzTarPerm extractEntry build/react-navigation/stack/utils/ModalPresentationContext.js.map
2304 silly gunzTarPerm extractEntry build/modal/web/ModalStack.d.ts.map
2305 silly gunzTarPerm extractEntry build/modal/web/ModalStack.js.map
2306 silly gunzTarPerm extractEntry build/modal/web/ModalStackRouteDrawer.d.ts.map
2307 silly gunzTarPerm extractEntry build/modal/web/ModalStackRouteDrawer.js.map
2308 silly gunzTarPerm extractEntry build/modal/web/modalStyles.d.ts.map
2309 silly gunzTarPerm extractEntry build/modal/web/modalStyles.js.map
2310 silly gunzTarPerm extractEntry build/layouts/stack-utils/toolbar/StackToolbarButton/native.android.d.ts.map
2311 silly gunzTarPerm extractEntry build/layouts/stack-utils/toolbar/StackToolbarMenu/native.android.d.ts.map
2312 silly gunzTarPerm extractEntry build/layouts/stack-utils/toolbar/StackToolbarSearchBarSlot/native.android.d.ts.map
2313 silly gunzTarPerm extractEntry build/layouts/stack-utils/toolbar/StackToolbarSpacer/native.android.d.ts.map
2314 silly gunzTarPerm extractEntry build/layouts/stack-utils/toolbar/StackToolbarView/native.android.d.ts.map
2315 silly gunzTarPerm extractEntry build/toolbar/native.android.d.ts.map
2316 silly gunzTarPerm extractEntry build/layouts/stack-utils/toolbar/StackToolbarButton/native.android.js.map
2317 silly gunzTarPerm extractEntry build/layouts/stack-utils/toolbar/StackToolbarMenu/native.android.js.map
2318 silly gunzTarPerm extractEntry build/layouts/stack-utils/toolbar/StackToolbarSearchBarSlot/native.android.js.map
2319 silly gunzTarPerm extractEntry build/layouts/stack-utils/toolbar/StackToolbarSpacer/native.android.js.map
2320 silly gunzTarPerm extractEntry build/layouts/stack-utils/toolbar/StackToolbarView/native.android.js.map
2321 silly gunzTarPerm extractEntry build/toolbar/native.android.js.map
2322 silly gunzTarPerm extractEntry build/layouts/stack-utils/toolbar/StackToolbarButton/native.d.ts.map
2323 silly gunzTarPerm extractEntry build/layouts/stack-utils/toolbar/StackToolbarMenu/native.d.ts.map
2324 silly gunzTarPerm extractEntry build/layouts/stack-utils/toolbar/StackToolbarSearchBarSlot/native.d.ts.map
2325 silly gunzTarPerm extractEntry build/layouts/stack-utils/toolbar/StackToolbarSpacer/native.d.ts.map
2326 silly gunzTarPerm extractEntry build/layouts/stack-utils/toolbar/StackToolbarView/native.d.ts.map
2327 silly gunzTarPerm extractEntry build/link/preview/native.d.ts.map
2328 silly gunzTarPerm extractEntry build/toolbar/native.d.ts.map
2329 silly gunzTarPerm extractEntry build/layouts/stack-utils/toolbar/StackToolbarButton/native.ios.d.ts.map
2330 silly gunzTarPerm extractEntry build/layouts/stack-utils/toolbar/StackToolbarMenu/native.ios.d.ts.map
2331 silly gunzTarPerm extractEntry build/layouts/stack-utils/toolbar/StackToolbarSearchBarSlot/native.ios.d.ts.map
2332 silly gunzTarPerm extractEntry build/layouts/stack-utils/toolbar/StackToolbarSpacer/native.ios.d.ts.map
2333 silly gunzTarPerm extractEntry build/layouts/stack-utils/toolbar/StackToolbarView/native.ios.d.ts.map
2334 silly gunzTarPerm extractEntry build/toolbar/native.ios.d.ts.map
2335 silly gunzTarPerm extractEntry build/layouts/stack-utils/toolbar/StackToolbarButton/native.ios.js.map
2336 silly gunzTarPerm extractEntry build/layouts/stack-utils/toolbar/StackToolbarMenu/native.ios.js.map
2337 silly gunzTarPerm extractEntry build/layouts/stack-utils/toolbar/StackToolbarSearchBarSlot/native.ios.js.map
2338 silly gunzTarPerm extractEntry build/layouts/stack-utils/toolbar/StackToolbarSpacer/native.ios.js.map
2339 silly gunzTarPerm extractEntry build/layouts/stack-utils/toolbar/StackToolbarView/native.ios.js.map
2340 silly gunzTarPerm extractEntry build/toolbar/native.ios.js.map
2341 silly gunzTarPerm extractEntry build/layouts/stack-utils/toolbar/StackToolbarButton/native.js.map
2342 silly gunzTarPerm extractEntry build/layouts/stack-utils/toolbar/StackToolbarMenu/native.js.map
2343 silly gunzTarPerm extractEntry build/layouts/stack-utils/toolbar/StackToolbarSearchBarSlot/native.js.map
2344 silly gunzTarPerm extractEntry build/layouts/stack-utils/toolbar/StackToolbarSpacer/native.js.map
2345 silly gunzTarPerm extractEntry build/layouts/stack-utils/toolbar/StackToolbarView/native.js.map
2346 silly gunzTarPerm extractEntry build/link/preview/native.js.map
2347 silly gunzTarPerm extractEntry build/toolbar/native.js.map
2348 silly gunzTarPerm extractEntry build/toolbar/native.types.d.ts.map
2349 silly gunzTarPerm extractEntry build/toolbar/native.types.js.map
2350 silly gunzTarPerm extractEntry build/native-tabs/NativeBottomTabsNavigator.d.ts.map
2351 silly gunzTarPerm extractEntry build/native-tabs/NativeBottomTabsNavigator.js.map
2352 silly gunzTarPerm extractEntry build/native-tabs/NativeBottomTabsRouter.d.ts.map
2353 silly gunzTarPerm extractEntry build/native-tabs/NativeBottomTabsRouter.js.map
2354 silly gunzTarPerm extractEntry build/link/NativeMenuContext.d.ts.map
2355 silly gunzTarPerm extractEntry build/link/NativeMenuContext.js.map
2356 silly gunzTarPerm extractEntry build/fork/native-stack/NativeStackView.d.ts.map
2357 silly gunzTarPerm extractEntry build/react-navigation/native-stack/views/NativeStackView.d.ts.map
2358 silly gunzTarPerm extractEntry build/fork/native-stack/NativeStackView.js.map
2359 silly gunzTarPerm extractEntry build/react-navigation/native-stack/views/NativeStackView.js.map
2360 silly gunzTarPerm extractEntry build/react-navigation/native-stack/views/NativeStackView.native.d.ts.map
2361 silly gunzTarPerm extractEntry build/react-navigation/native-stack/views/NativeStackView.native.js.map
2362 silly gunzTarPerm extractEntry build/native-tabs/NativeTabs.d.ts.map
2363 silly gunzTarPerm extractEntry build/native-tabs/NativeTabs.js.map
2364 silly gunzTarPerm extractEntry build/native-tabs/NativeTabsView.android.d.ts.map
2365 silly gunzTarPerm extractEntry build/native-tabs/NativeTabsView.android.js.map
2366 silly gunzTarPerm extractEntry build/native-tabs/NativeTabsView.d.ts.map
2367 silly gunzTarPerm extractEntry build/native-tabs/NativeTabsView.ios.d.ts.map
2368 silly gunzTarPerm extractEntry build/native-tabs/NativeTabsView.ios.js.map
2369 silly gunzTarPerm extractEntry build/native-tabs/NativeTabsView.js.map
2370 silly gunzTarPerm extractEntry build/native-tabs/NativeTabsView.shared.d.ts.map
2371 silly gunzTarPerm extractEntry build/native-tabs/NativeTabsView.shared.js.map
2372 silly gunzTarPerm extractEntry build/native-tabs/NativeTabsView.web.d.ts.map
2373 silly gunzTarPerm extractEntry build/native-tabs/NativeTabsView.web.js.map
2374 silly gunzTarPerm extractEntry build/native-tabs/NativeTabTrigger.d.ts.map
2375 silly gunzTarPerm extractEntry build/native-tabs/NativeTabTrigger.js.map
2376 silly gunzTarPerm extractEntry build/navigationEvents/navigation.d.ts.map
2377 silly gunzTarPerm extractEntry build/primitives/navigation.d.ts.map
2378 silly gunzTarPerm extractEntry build/navigationEvents/navigation.js.map
2379 silly gunzTarPerm extractEntry build/primitives/navigation.js.map
2380 silly gunzTarPerm extractEntry build/react-navigation/core/NavigationBuilderContext.d.ts.map
2381 silly gunzTarPerm extractEntry build/react-navigation/core/NavigationBuilderContext.js.map
2382 silly gunzTarPerm extractEntry build/fork/NavigationContainer.d.ts.map
2383 silly gunzTarPerm extractEntry build/react-navigation/native/NavigationContainer.d.ts.map
2384 silly gunzTarPerm extractEntry build/fork/NavigationContainer.js.map
2385 silly gunzTarPerm extractEntry build/react-navigation/native/NavigationContainer.js.map
2386 silly gunzTarPerm extractEntry build/react-navigation/core/NavigationContainerRefContext.d.ts.map
2387 silly gunzTarPerm extractEntry build/react-navigation/core/NavigationContainerRefContext.js.map
2388 silly gunzTarPerm extractEntry build/react-navigation/core/NavigationContext.d.ts.map
2389 silly gunzTarPerm extractEntry build/react-navigation/core/NavigationContext.js.map
2390 silly gunzTarPerm extractEntry build/react-navigation/core/NavigationFocusedRouteStateContext.d.ts.map
2391 silly gunzTarPerm extractEntry build/react-navigation/core/NavigationFocusedRouteStateContext.js.map
2392 silly gunzTarPerm extractEntry build/react-navigation/core/NavigationHelpersContext.d.ts.map
2393 silly gunzTarPerm extractEntry build/react-navigation/core/NavigationHelpersContext.js.map
2394 silly gunzTarPerm extractEntry build/react-navigation/core/NavigationIndependentTree.d.ts.map
2395 silly gunzTarPerm extractEntry build/react-navigation/core/NavigationIndependentTree.js.map
2396 silly gunzTarPerm extractEntry build/react-navigation/core/NavigationIndependentTreeContext.d.ts.map
2397 silly gunzTarPerm extractEntry build/react-navigation/core/NavigationIndependentTreeContext.js.map
2398 silly gunzTarPerm extractEntry build/react-navigation/core/NavigationMetaContext.d.ts.map
2399 silly gunzTarPerm extractEntry build/react-navigation/core/NavigationMetaContext.js.map
2400 silly gunzTarPerm extractEntry build/navigationParams.d.ts.map
2401 silly gunzTarPerm extractEntry build/navigationParams.js.map
2402 silly gunzTarPerm extractEntry build/react-navigation/core/NavigationProvider.d.ts.map
2403 silly gunzTarPerm extractEntry build/react-navigation/core/NavigationProvider.js.map
2404 silly gunzTarPerm extractEntry build/react-navigation/core/NavigationStateContext.d.ts.map
2405 silly gunzTarPerm extractEntry build/react-navigation/core/NavigationStateContext.js.map
2406 silly gunzTarPerm extractEntry build/views/Navigator.d.ts.map
2407 silly gunzTarPerm extractEntry build/views/Navigator.js.map
2408 silly gunzTarPerm extractEntry build/views/NoSSR.d.ts.map
2409 silly gunzTarPerm extractEntry build/views/NoSSR.js.map
2410 silly gunzTarPerm extractEntry build/native-tabs/utils/optionsIconConverter.android.d.ts.map
2411 silly gunzTarPerm extractEntry build/native-tabs/utils/optionsIconConverter.android.js.map
2412 silly gunzTarPerm extractEntry build/native-tabs/utils/optionsIconConverter.d.ts.map
2413 silly gunzTarPerm extractEntry build/native-tabs/utils/optionsIconConverter.ios.d.ts.map
2414 silly gunzTarPerm extractEntry build/native-tabs/utils/optionsIconConverter.ios.js.map
2415 silly gunzTarPerm extractEntry build/native-tabs/utils/optionsIconConverter.js.map
2416 silly gunzTarPerm extractEntry build/native-tabs/utils/optionsIconConverter.shared.d.ts.map
2417 silly gunzTarPerm extractEntry build/native-tabs/utils/optionsIconConverter.shared.js.map
2418 silly gunzTarPerm extractEntry build/react-navigation/elements/PlatformPressable.d.ts.map
2419 silly gunzTarPerm extractEntry build/react-navigation/elements/PlatformPressable.js.map
2420 silly gunzTarPerm extractEntry build/Prefetch.d.ts.map
2421 silly gunzTarPerm extractEntry build/Prefetch.js.map
2422 silly gunzTarPerm extractEntry build/views/Pressable.d.ts.map
2423 silly gunzTarPerm extractEntry build/views/Pressable.js.map
2424 silly gunzTarPerm extractEntry build/react-navigation/core/PreventRemoveContext.d.ts.map
2425 silly gunzTarPerm extractEntry build/react-navigation/core/PreventRemoveContext.js.map
2426 silly gunzTarPerm extractEntry build/react-navigation/core/PreventRemoveProvider.d.ts.map
2427 silly gunzTarPerm extractEntry build/react-navigation/core/PreventRemoveProvider.js.map
2428 silly gunzTarPerm extractEntry build/link/preview/PreviewRouteContext.d.ts.map
2429 silly gunzTarPerm extractEntry build/link/preview/PreviewRouteContext.js.map
2430 silly gunzTarPerm extractEntry build/layouts/stack-utils/toolbar/processHeaderItemsForPlatform.android.d.ts.map
2431 silly gunzTarPerm extractEntry build/layouts/stack-utils/toolbar/processHeaderItemsForPlatform.android.js.map
2432 silly gunzTarPerm extractEntry build/layouts/stack-utils/toolbar/processHeaderItemsForPlatform.d.ts.map
2433 silly gunzTarPerm extractEntry build/layouts/stack-utils/toolbar/processHeaderItemsForPlatform.ios.d.ts.map
2434 silly gunzTarPerm extractEntry build/layouts/stack-utils/toolbar/processHeaderItemsForPlatform.ios.js.map
2435 silly gunzTarPerm extractEntry build/layouts/stack-utils/toolbar/processHeaderItemsForPlatform.js.map
2436 silly gunzTarPerm extractEntry build/views/Protected.d.ts.map
2437 silly gunzTarPerm extractEntry build/views/Protected.js.map
2438 silly gunzTarPerm extractEntry build/qualified-entry.d.ts.map
2439 silly gunzTarPerm extractEntry build/qualified-entry.js.map
2440 silly gunzTarPerm extractEntry build/link/Redirect.d.ts.map
2441 silly gunzTarPerm extractEntry build/link/Redirect.js.map
2442 silly gunzTarPerm extractEntry build/static/registerRootComponent.d.ts.map
2443 silly gunzTarPerm extractEntry build/static/registerRootComponent.js.map
2444 silly gunzTarPerm extractEntry build/renderRootComponent.d.ts.map
2445 silly gunzTarPerm extractEntry build/renderRootComponent.js.map
2446 silly gunzTarPerm extractEntry build/testing-library/require-context-ponyfill.d.ts.map
2447 silly gunzTarPerm extractEntry build/testing-library/require-context-ponyfill.js.map
2448 silly gunzTarPerm extractEntry build/react-navigation/elements/ResourceSavingView.d.ts.map
2449 silly gunzTarPerm extractEntry build/react-navigation/elements/ResourceSavingView.js.map
2450 silly gunzTarPerm extractEntry build/layouts/RootModal.d.ts.map
2451 silly gunzTarPerm extractEntry build/layouts/RootModal.js.map
2452 silly gunzTarPerm extractEntry build/views/RootUnmatched.d.ts.map
2453 silly gunzTarPerm extractEntry build/views/RootUnmatched.js.map
2454 silly gunzTarPerm extractEntry build/Route.d.ts.map
2455 silly gunzTarPerm extractEntry build/Route.js.map
2456 silly gunzTarPerm extractEntry build/global-state/routeInfoCache.d.ts.map
2457 silly gunzTarPerm extractEntry build/global-state/routeInfoCache.js.map
2458 silly gunzTarPerm extractEntry build/global-state/router-store.d.ts.map
2459 silly gunzTarPerm extractEntry build/global-state/router-store.js.map
2460 silly gunzTarPerm extractEntry build/global-state/router.d.ts.map
2461 silly gunzTarPerm extractEntry build/global-state/router.js.map
2462 silly gunzTarPerm extractEntry build/global-state/routing.d.ts.map
2463 silly gunzTarPerm extractEntry build/internal/routing.d.ts.map
2464 silly gunzTarPerm extractEntry build/global-state/routing.js.map
2465 silly gunzTarPerm extractEntry build/internal/routing.js.map
2466 silly gunzTarPerm extractEntry build/global-state/routingQueue.d.ts.map
2467 silly gunzTarPerm extractEntry build/global-state/routingQueue.js.map
2468 silly gunzTarPerm extractEntry build/internal/rsc.d.ts.map
2469 silly gunzTarPerm extractEntry build/internal/rsc.js.map
2470 silly gunzTarPerm extractEntry build/react-navigation/elements/SafeAreaProviderCompat.d.ts.map
2471 silly gunzTarPerm extractEntry build/react-navigation/elements/SafeAreaProviderCompat.js.map
2472 silly gunzTarPerm extractEntry build/react-navigation/bottom-tabs/TransitionConfigs/SceneStyleInterpolators.d.ts.map
2473 silly gunzTarPerm extractEntry build/react-navigation/bottom-tabs/TransitionConfigs/SceneStyleInterpolators.js.map
2474 silly gunzTarPerm extractEntry build/react-navigation/core/SceneView.d.ts.map
2475 silly gunzTarPerm extractEntry build/react-navigation/core/SceneView.js.map
2476 silly gunzTarPerm extractEntry build/react-navigation/core/Screen.d.ts.map
2477 silly gunzTarPerm extractEntry build/react-navigation/elements/Screen.d.ts.map
2478 silly gunzTarPerm extractEntry build/views/Screen.d.ts.map
2479 silly gunzTarPerm extractEntry build/react-navigation/core/Screen.js.map
2480 silly gunzTarPerm extractEntry build/react-navigation/elements/Screen.js.map
2481 silly gunzTarPerm extractEntry build/views/Screen.js.map
2482 silly gunzTarPerm extractEntry build/react-navigation/bottom-tabs/views/ScreenFallback.d.ts.map
2483 silly gunzTarPerm extractEntry build/react-navigation/drawer/views/ScreenFallback.d.ts.map
2484 silly gunzTarPerm extractEntry build/react-navigation/bottom-tabs/views/ScreenFallback.js.map
2485 silly gunzTarPerm extractEntry build/react-navigation/drawer/views/ScreenFallback.js.map
2486 silly gunzTarPerm extractEntry build/react-navigation/native-stack/utils/ScreenPresentationContext.d.ts.map
2487 silly gunzTarPerm extractEntry build/react-navigation/native-stack/utils/ScreenPresentationContext.js.map
2488 silly gunzTarPerm extractEntry build/react-navigation/stack/views/Screens.d.ts.map
2489 silly gunzTarPerm extractEntry build/react-navigation/stack/views/Screens.js.map
2490 silly gunzTarPerm extractEntry build/screensFeatureFlags.d.ts.map
2491 silly gunzTarPerm extractEntry build/screensFeatureFlags.js.map
2492 silly gunzTarPerm extractEntry build/internal/server.d.ts.map
2493 silly gunzTarPerm extractEntry build/internal/server.js.map
2494 silly gunzTarPerm extractEntry build/react-navigation/native/ServerContainer.d.ts.map
2495 silly gunzTarPerm extractEntry build/react-navigation/native/ServerContainer.js.map
2496 silly gunzTarPerm extractEntry build/react-navigation/native/ServerContext.d.ts.map
2497 silly gunzTarPerm extractEntry build/react-navigation/native/ServerContext.js.map
2498 silly gunzTarPerm extractEntry build/loaders/ServerDataLoaderContext.d.ts.map
2499 silly gunzTarPerm extractEntry build/loaders/ServerDataLoaderContext.js.map
2500 silly gunzTarPerm extractEntry build/server/ServerDocument.d.ts.map
2501 silly gunzTarPerm extractEntry build/server/ServerDocument.js.map
2502 silly gunzTarPerm extractEntry build/global-state/serverLocationContext.d.ts.map
2503 silly gunzTarPerm extractEntry build/global-state/serverLocationContext.js.map
2504 silly gunzTarPerm extractEntry build/layouts/stack-utils/toolbar/shared.d.ts.map
2505 silly gunzTarPerm extractEntry build/layouts/stack-utils/toolbar/shared.js.map
2506 silly gunzTarPerm extractEntry build/views/Sitemap.d.ts.map
2507 silly gunzTarPerm extractEntry build/views/Sitemap.js.map
2508 silly gunzTarPerm extractEntry build/ui/Slot.d.ts.map
2509 silly gunzTarPerm extractEntry build/ui/Slot.js.map
2510 silly gunzTarPerm extractEntry build/global-state/sort-routes.d.ts.map
2511 silly gunzTarPerm extractEntry build/global-state/sort-routes.js.map
2512 silly gunzTarPerm extractEntry build/sortRoutes.d.ts.map
2513 silly gunzTarPerm extractEntry build/sortRoutes.js.map
2514 silly gunzTarPerm extractEntry build/utils/splash.d.ts.map
2515 silly gunzTarPerm extractEntry build/views/Splash.d.ts.map
2516 silly gunzTarPerm extractEntry build/utils/splash.js.map
2517 silly gunzTarPerm extractEntry build/views/Splash.js.map
2518 silly gunzTarPerm extractEntry build/split-view/split-view.d.ts.map
2519 silly gunzTarPerm extractEntry build/split-view/split-view.js.map
2520 silly gunzTarPerm extractEntry build/layouts/Stack.d.ts.map
2521 silly gunzTarPerm extractEntry build/utils/stack.d.ts.map
2522 silly gunzTarPerm extractEntry build/layouts/Stack.js.map
2523 silly gunzTarPerm extractEntry build/utils/stack.js.map
2524 silly gunzTarPerm extractEntry build/layouts/Stack.web.d.ts.map
2525 silly gunzTarPerm extractEntry build/layouts/Stack.web.js.map
2526 silly gunzTarPerm extractEntry build/layouts/StackClient.d.ts.map
2527 silly gunzTarPerm extractEntry build/layouts/StackClient.js.map
2528 silly gunzTarPerm extractEntry build/layouts/stack-utils/StackHeaderComponent.d.ts.map
2529 silly gunzTarPerm extractEntry build/layouts/stack-utils/StackHeaderComponent.js.map
2530 silly gunzTarPerm extractEntry build/utils/stackPresentation.d.ts.map
2531 silly gunzTarPerm extractEntry build/utils/stackPresentation.js.map
2532 silly gunzTarPerm extractEntry build/react-navigation/routers/StackRouter.d.ts.map
2533 silly gunzTarPerm extractEntry build/react-navigation/routers/StackRouter.js.map
2534 silly gunzTarPerm extractEntry build/layouts/stack-utils/StackScreen.d.ts.map
2535 silly gunzTarPerm extractEntry build/layouts/stack-utils/StackScreen.js.map
2536 silly gunzTarPerm extractEntry build/layouts/stack-utils/screen/StackScreenBackButton.d.ts.map
2537 silly gunzTarPerm extractEntry build/layouts/stack-utils/screen/StackScreenBackButton.js.map
2538 silly gunzTarPerm extractEntry build/layouts/stack-utils/screen/StackScreenTitle.d.ts.map
2539 silly gunzTarPerm extractEntry build/layouts/stack-utils/screen/StackScreenTitle.js.map
2540 silly gunzTarPerm extractEntry build/layouts/stack-utils/StackSearchBar.d.ts.map
2541 silly gunzTarPerm extractEntry build/layouts/stack-utils/StackSearchBar.js.map
2542 silly gunzTarPerm extractEntry build/layouts/stack-utils/StackTitle.d.ts.map
2543 silly gunzTarPerm extractEntry build/layouts/stack-utils/StackTitle.js.map
2544 silly gunzTarPerm extractEntry build/layouts/stack-utils/toolbar/StackToolbar.d.ts.map
2545 silly gunzTarPerm extractEntry build/layouts/stack-utils/toolbar/StackToolbar.js.map
2546 silly gunzTarPerm extractEntry build/layouts/stack-utils/toolbar/StackToolbarClient.d.ts.map
2547 silly gunzTarPerm extractEntry build/layouts/stack-utils/toolbar/StackToolbarClient.js.map
2548 silly gunzTarPerm extractEntry build/react-navigation/stack/views/Stack/StackView.d.ts.map
2549 silly gunzTarPerm extractEntry build/react-navigation/stack/views/Stack/StackView.js.map
2550 silly gunzTarPerm extractEntry build/global-state/stateUtils.d.ts.map
2551 silly gunzTarPerm extractEntry build/global-state/stateUtils.js.map
2552 silly gunzTarPerm extractEntry build/internal/static.d.ts.map
2553 silly gunzTarPerm extractEntry build/internal/static.js.map
2554 silly gunzTarPerm extractEntry build/react-navigation/core/StaticContainer.d.ts.map
2555 silly gunzTarPerm extractEntry build/react-navigation/core/StaticContainer.js.map
2556 silly gunzTarPerm extractEntry build/react-navigation/core/StaticNavigation.d.ts.map
2557 silly gunzTarPerm extractEntry build/react-navigation/core/StaticNavigation.js.map
2558 silly gunzTarPerm extractEntry build/global-state/store.d.ts.map
2559 silly gunzTarPerm extractEntry build/global-state/store.js.map
2560 silly gunzTarPerm extractEntry build/global-state/storeContext.d.ts.map
2561 silly gunzTarPerm extractEntry build/global-state/storeContext.js.map
2562 silly gunzTarPerm extractEntry build/utils/style.d.ts.map
2563 silly gunzTarPerm extractEntry build/utils/style.js.map
2564 silly gunzTarPerm extractEntry build/views/SuspenseFallback.d.ts.map
2565 silly gunzTarPerm extractEntry build/views/SuspenseFallback.js.map
2566 silly gunzTarPerm extractEntry build/react-navigation/material-top-tabs/utils/TabAnimationContext.d.ts.map
2567 silly gunzTarPerm extractEntry build/react-navigation/material-top-tabs/utils/TabAnimationContext.js.map
2568 silly gunzTarPerm extractEntry build/react-navigation/bottom-tabs/views/TabBarIcon.d.ts.map
2569 silly gunzTarPerm extractEntry build/react-navigation/bottom-tabs/views/TabBarIcon.js.map
2570 silly gunzTarPerm extractEntry build/ui/TabContext.d.ts.map
2571 silly gunzTarPerm extractEntry build/ui/TabContext.js.map
2572 silly gunzTarPerm extractEntry build/ui/TabList.d.ts.map
2573 silly gunzTarPerm extractEntry build/ui/TabList.js.map
2574 silly gunzTarPerm extractEntry build/react-navigation/routers/TabRouter.d.ts.map
2575 silly gunzTarPerm extractEntry build/ui/TabRouter.d.ts.map
2576 silly gunzTarPerm extractEntry build/react-navigation/routers/TabRouter.js.map
2577 silly gunzTarPerm extractEntry build/ui/TabRouter.js.map
2578 silly gunzTarPerm extractEntry build/layouts/Tabs.d.ts.map
2579 silly gunzTarPerm extractEntry build/ui/Tabs.d.ts.map
2580 silly gunzTarPerm extractEntry build/layouts/Tabs.js.map
2581 silly gunzTarPerm extractEntry build/ui/Tabs.js.map
2582 silly gunzTarPerm extractEntry build/layouts/TabsClient.d.ts.map
2583 silly gunzTarPerm extractEntry build/layouts/TabsClient.js.map
2584 silly gunzTarPerm extractEntry build/ui/TabSlot.d.ts.map
2585 silly gunzTarPerm extractEntry build/ui/TabSlot.js.map
2586 silly gunzTarPerm extractEntry build/ui/TabTrigger.d.ts.map
2587 silly gunzTarPerm extractEntry build/ui/TabTrigger.js.map
2588 silly gunzTarPerm extractEntry build/internal/testing.d.ts.map
2589 silly gunzTarPerm extractEntry build/internal/testing.js.map
2590 silly gunzTarPerm extractEntry build/react-navigation/elements/Text.d.ts.map
2591 silly gunzTarPerm extractEntry build/react-navigation/elements/Text.js.map
2592 silly gunzTarPerm extractEntry build/react-navigation/core/theming/ThemeContext.d.ts.map
2593 silly gunzTarPerm extractEntry build/react-navigation/core/theming/ThemeContext.js.map
2594 silly gunzTarPerm extractEntry build/react-navigation/core/theming/ThemeProvider.d.ts.map
2595 silly gunzTarPerm extractEntry build/react-navigation/core/theming/ThemeProvider.js.map
2596 silly gunzTarPerm extractEntry build/react-navigation/stack/utils/throttle.d.ts.map
2597 silly gunzTarPerm extractEntry build/react-navigation/stack/utils/throttle.js.map
2598 silly gunzTarPerm extractEntry build/views/Toast.d.ts.map
2599 silly gunzTarPerm extractEntry build/views/Toast.js.map
2600 silly gunzTarPerm extractEntry build/layouts/stack-utils/toolbar/toolbar-primitives.d.ts.map
2601 silly gunzTarPerm extractEntry build/layouts/stack-utils/toolbar/toolbar-primitives.js.map
2602 silly gunzTarPerm extractEntry build/layouts/stack-utils/toolbar/ToolbarItemBadge.android.d.ts.map
2603 silly gunzTarPerm extractEntry build/layouts/stack-utils/toolbar/ToolbarItemBadge.android.js.map
2604 silly gunzTarPerm extractEntry build/layouts/stack-utils/toolbar/ToolbarItemBadge.d.ts.map
2605 silly gunzTarPerm extractEntry build/layouts/stack-utils/toolbar/ToolbarItemBadge.js.map
2606 silly gunzTarPerm extractEntry build/layouts/TopTabs.d.ts.map
2607 silly gunzTarPerm extractEntry build/layouts/TopTabs.js.map
2608 silly gunzTarPerm extractEntry build/layouts/TopTabsClient.d.ts.map
2609 silly gunzTarPerm extractEntry build/layouts/TopTabsClient.js.map
2610 silly gunzTarPerm extractEntry build/react-navigation/bottom-tabs/TransitionConfigs/TransitionPresets.d.ts.map
2611 silly gunzTarPerm extractEntry build/react-navigation/stack/TransitionConfigs/TransitionPresets.d.ts.map
2612 silly gunzTarPerm extractEntry build/react-navigation/bottom-tabs/TransitionConfigs/TransitionPresets.js.map
2613 silly gunzTarPerm extractEntry build/react-navigation/stack/TransitionConfigs/TransitionPresets.js.map
2614 silly gunzTarPerm extractEntry build/react-navigation/bottom-tabs/TransitionConfigs/TransitionSpecs.d.ts.map
2615 silly gunzTarPerm extractEntry build/react-navigation/stack/TransitionConfigs/TransitionSpecs.d.ts.map
2616 silly gunzTarPerm extractEntry build/react-navigation/bottom-tabs/TransitionConfigs/TransitionSpecs.js.map
2617 silly gunzTarPerm extractEntry build/react-navigation/stack/TransitionConfigs/TransitionSpecs.js.map
2618 silly gunzTarPerm extractEntry build/modal/web/TransparentModalStackRouteDrawer.d.ts.map
2619 silly gunzTarPerm extractEntry build/modal/web/TransparentModalStackRouteDrawer.js.map
2620 silly gunzTarPerm extractEntry build/views/Try.d.ts.map
2621 silly gunzTarPerm extractEntry build/views/Try.js.map
2622 silly gunzTarPerm extractEntry build/onboard/Tutorial.d.ts.map
2623 silly gunzTarPerm extractEntry build/onboard/Tutorial.js.map
2624 silly gunzTarPerm extractEntry build/fork/native-stack/composition-options/types.d.ts.map
2625 silly gunzTarPerm extractEntry build/global-state/types.d.ts.map
2626 silly gunzTarPerm extractEntry build/layouts/experimental-stack/types.d.ts.map
2627 silly gunzTarPerm extractEntry build/layouts/stack-utils/toolbar/StackToolbarButton/types.d.ts.map
2628 silly gunzTarPerm extractEntry build/layouts/stack-utils/toolbar/StackToolbarMenu/types.d.ts.map
2629 silly gunzTarPerm extractEntry build/layouts/stack-utils/toolbar/StackToolbarSearchBarSlot/types.d.ts.map
2630 silly gunzTarPerm extractEntry build/layouts/stack-utils/toolbar/StackToolbarSpacer/types.d.ts.map
2631 silly gunzTarPerm extractEntry build/layouts/stack-utils/toolbar/StackToolbarView/types.d.ts.map
2632 silly gunzTarPerm extractEntry build/modal/web/types.d.ts.map
2633 silly gunzTarPerm extractEntry build/native-tabs/types.d.ts.map
2634 silly gunzTarPerm extractEntry build/navigationEvents/types.d.ts.map
2635 silly gunzTarPerm extractEntry build/primitives/types.d.ts.map
2636 silly gunzTarPerm extractEntry build/react-navigation/bottom-tabs/types.d.ts.map
2637 silly gunzTarPerm extractEntry build/react-navigation/core/types.d.ts.map
2638 silly gunzTarPerm extractEntry build/react-navigation/drawer/types.d.ts.map
2639 silly gunzTarPerm extractEntry build/react-navigation/elements/types.d.ts.map
2640 silly gunzTarPerm extractEntry build/react-navigation/material-top-tabs/types.d.ts.map
2641 silly gunzTarPerm extractEntry build/react-navigation/native-stack/types.d.ts.map
2642 silly gunzTarPerm extractEntry build/react-navigation/native/types.d.ts.map
2643 silly gunzTarPerm extractEntry build/react-navigation/routers/types.d.ts.map
2644 silly gunzTarPerm extractEntry build/react-navigation/stack/types.d.ts.map
2645 silly gunzTarPerm extractEntry build/standard-navigation/types.d.ts.map
2646 silly gunzTarPerm extractEntry build/typed-routes/types.d.ts.map
2647 silly gunzTarPerm extractEntry build/types.d.ts.map
2648 silly gunzTarPerm extractEntry build/fork/native-stack/composition-options/types.js.map
2649 silly gunzTarPerm extractEntry build/global-state/types.js.map
2650 silly gunzTarPerm extractEntry build/layouts/experimental-stack/types.js.map
2651 silly gunzTarPerm extractEntry build/layouts/stack-utils/toolbar/StackToolbarButton/types.js.map
2652 silly gunzTarPerm extractEntry build/layouts/stack-utils/toolbar/StackToolbarMenu/types.js.map
2653 silly gunzTarPerm extractEntry build/layouts/stack-utils/toolbar/StackToolbarSearchBarSlot/types.js.map
2654 silly gunzTarPerm extractEntry build/layouts/stack-utils/toolbar/StackToolbarSpacer/types.js.map
2655 silly gunzTarPerm extractEntry build/layouts/stack-utils/toolbar/StackToolbarView/types.js.map
2656 silly gunzTarPerm extractEntry build/modal/web/types.js.map
2657 silly gunzTarPerm extractEntry build/native-tabs/types.js.map
2658 silly gunzTarPerm extractEntry build/navigationEvents/types.js.map
2659 silly gunzTarPerm extractEntry build/primitives/types.js.map
2660 silly gunzTarPerm extractEntry build/react-navigation/bottom-tabs/types.js.map
2661 silly gunzTarPerm extractEntry build/react-navigation/core/types.js.map
2662 silly gunzTarPerm extractEntry build/react-navigation/drawer/types.js.map
2663 silly gunzTarPerm extractEntry build/react-navigation/elements/types.js.map
2664 silly gunzTarPerm extractEntry build/react-navigation/material-top-tabs/types.js.map
2665 silly gunzTarPerm extractEntry build/react-navigation/native-stack/types.js.map
2666 silly gunzTarPerm extractEntry build/react-navigation/native/types.js.map
2667 silly gunzTarPerm extractEntry build/react-navigation/routers/types.js.map
2668 silly gunzTarPerm extractEntry build/react-navigation/stack/types.js.map
2669 silly gunzTarPerm extractEntry build/standard-navigation/types.js.map
2670 silly gunzTarPerm extractEntry build/typed-routes/types.js.map
2671 silly gunzTarPerm extractEntry build/types.js.map
2672 silly gunzTarPerm extractEntry build/react-navigation/core/UnhandledActionContext.d.ts.map
2673 silly gunzTarPerm extractEntry build/react-navigation/core/UnhandledActionContext.js.map
2674 silly gunzTarPerm extractEntry build/react-navigation/native/UnhandledLinkingContext.d.ts.map
2675 silly gunzTarPerm extractEntry build/react-navigation/native/UnhandledLinkingContext.js.map
2676 silly gunzTarPerm extractEntry build/views/Unmatched.d.ts.map
2677 silly gunzTarPerm extractEntry build/views/Unmatched.js.map
2678 silly gunzTarPerm extractEntry build/head/url.d.ts.map
2679 silly gunzTarPerm extractEntry build/utils/url.d.ts.map
2680 silly gunzTarPerm extractEntry build/head/url.js.map
2681 silly gunzTarPerm extractEntry build/utils/url.js.map
2682 silly gunzTarPerm extractEntry build/react-navigation/bottom-tabs/utils/useAnimatedHashMap.d.ts.map
2683 silly gunzTarPerm extractEntry build/react-navigation/bottom-tabs/utils/useAnimatedHashMap.js.map
2684 silly gunzTarPerm extractEntry build/react-navigation/native-stack/utils/useAnimatedHeaderHeight.d.ts.map
2685 silly gunzTarPerm extractEntry build/react-navigation/native-stack/utils/useAnimatedHeaderHeight.js.map
2686 silly gunzTarPerm extractEntry build/fork/useBackButton.d.ts.map
2687 silly gunzTarPerm extractEntry build/react-navigation/native/useBackButton.d.ts.map
2688 silly gunzTarPerm extractEntry build/fork/useBackButton.js.map
2689 silly gunzTarPerm extractEntry build/react-navigation/native/useBackButton.js.map
2690 silly gunzTarPerm extractEntry build/fork/useBackButton.native.d.ts.map
2691 silly gunzTarPerm extractEntry build/react-navigation/native/useBackButton.native.d.ts.map
2692 silly gunzTarPerm extractEntry build/fork/useBackButton.native.js.map
2693 silly gunzTarPerm extractEntry build/react-navigation/native/useBackButton.native.js.map
2694 silly gunzTarPerm extractEntry build/react-navigation/bottom-tabs/utils/useBottomTabBarHeight.d.ts.map
2695 silly gunzTarPerm extractEntry build/react-navigation/bottom-tabs/utils/useBottomTabBarHeight.js.map
2696 silly gunzTarPerm extractEntry build/standard-navigation/useBuildHref.d.ts.map
2697 silly gunzTarPerm extractEntry build/standard-navigation/useBuildHref.js.map
2698 silly gunzTarPerm extractEntry build/react-navigation/stack/utils/useCardAnimation.d.ts.map
2699 silly gunzTarPerm extractEntry build/react-navigation/stack/utils/useCardAnimation.js.map
2700 silly gunzTarPerm extractEntry build/react-navigation/core/useChildListeners.d.ts.map
2701 silly gunzTarPerm extractEntry build/react-navigation/core/useChildListeners.js.map
2702 silly gunzTarPerm extractEntry build/react-navigation/core/useClientLayoutEffect.d.ts.map
2703 silly gunzTarPerm extractEntry build/react-navigation/core/useClientLayoutEffect.js.map
2704 silly gunzTarPerm extractEntry build/react-navigation/core/useComponent.d.ts.map
2705 silly gunzTarPerm extractEntry build/ui/useComponent.d.ts.map
2706 silly gunzTarPerm extractEntry build/react-navigation/core/useComponent.js.map
2707 silly gunzTarPerm extractEntry build/ui/useComponent.js.map
2708 silly gunzTarPerm extractEntry build/react-navigation/core/useCurrentRender.d.ts.map
2709 silly gunzTarPerm extractEntry build/react-navigation/core/useCurrentRender.js.map
2710 silly gunzTarPerm extractEntry build/hooks/useCurrentRouteInfo.d.ts.map
2711 silly gunzTarPerm extractEntry build/hooks/useCurrentRouteInfo.js.map
2712 silly gunzTarPerm extractEntry build/useDeprecated.d.ts.map
2713 silly gunzTarPerm extractEntry build/useDeprecated.js.map
2714 silly gunzTarPerm extractEntry build/react-navigation/core/useDescriptors.d.ts.map
2715 silly gunzTarPerm extractEntry build/react-navigation/core/useDescriptors.js.map
2716 silly gunzTarPerm extractEntry build/react-navigation/native-stack/utils/useDismissedRouteError.d.ts.map
2717 silly gunzTarPerm extractEntry build/react-navigation/native-stack/utils/useDismissedRouteError.js.map
2718 silly gunzTarPerm extractEntry build/fork/useDocumentTitle.d.ts.map
2719 silly gunzTarPerm extractEntry build/react-navigation/native/useDocumentTitle.d.ts.map
2720 silly gunzTarPerm extractEntry build/fork/useDocumentTitle.js.map
2721 silly gunzTarPerm extractEntry build/react-navigation/native/useDocumentTitle.js.map
2722 silly gunzTarPerm extractEntry build/fork/useDocumentTitle.native.d.ts.map
2723 silly gunzTarPerm extractEntry build/react-navigation/native/useDocumentTitle.native.d.ts.map
2724 silly gunzTarPerm extractEntry build/fork/useDocumentTitle.native.js.map
2725 silly gunzTarPerm extractEntry build/react-navigation/native/useDocumentTitle.native.js.map
2726 silly gunzTarPerm extractEntry build/domComponents/useDomComponentNavigation.d.ts.map
2727 silly gunzTarPerm extractEntry build/domComponents/useDomComponentNavigation.js.map
2728 silly gunzTarPerm extractEntry build/react-navigation/drawer/utils/useDrawerStatus.d.ts.map
2729 silly gunzTarPerm extractEntry build/react-navigation/drawer/utils/useDrawerStatus.js.map
2730 silly gunzTarPerm extractEntry build/react-navigation/core/useEventEmitter.d.ts.map
2731 silly gunzTarPerm extractEntry build/react-navigation/core/useEventEmitter.js.map
2732 silly gunzTarPerm extractEntry build/react-navigation/core/useFocusedListenersChildrenAdapter.d.ts.map
2733 silly gunzTarPerm extractEntry build/react-navigation/core/useFocusedListenersChildrenAdapter.js.map
2734 silly gunzTarPerm extractEntry build/react-navigation/core/useFocusEffect.d.ts.map
2735 silly gunzTarPerm extractEntry build/useFocusEffect.d.ts.map
2736 silly gunzTarPerm extractEntry build/react-navigation/core/useFocusEffect.js.map
2737 silly gunzTarPerm extractEntry build/useFocusEffect.js.map
2738 silly gunzTarPerm extractEntry build/react-navigation/core/useFocusEvents.d.ts.map
2739 silly gunzTarPerm extractEntry build/react-navigation/core/useFocusEvents.js.map
2740 silly gunzTarPerm extractEntry build/react-navigation/elements/useFrameSize.d.ts.map
2741 silly gunzTarPerm extractEntry build/react-navigation/elements/useFrameSize.js.map
2742 silly gunzTarPerm extractEntry build/react-navigation/stack/utils/useGestureHandlerRef.d.ts.map
2743 silly gunzTarPerm extractEntry build/react-navigation/stack/utils/useGestureHandlerRef.js.map
2744 silly gunzTarPerm extractEntry build/hooks/useGlobalSearchParams.d.ts.map
2745 silly gunzTarPerm extractEntry build/hooks/useGlobalSearchParams.js.map
2746 silly gunzTarPerm extractEntry build/react-navigation/native-stack/views/useHeaderConfigProps.d.ts.map
2747 silly gunzTarPerm extractEntry build/react-navigation/native-stack/views/useHeaderConfigProps.js.map
2748 silly gunzTarPerm extractEntry build/react-navigation/elements/Header/useHeaderHeight.d.ts.map
2749 silly gunzTarPerm extractEntry build/react-navigation/elements/Header/useHeaderHeight.js.map
2750 silly gunzTarPerm extractEntry build/react-navigation/native-stack/utils/useInvalidPreventRemoveError.d.ts.map
2751 silly gunzTarPerm extractEntry build/react-navigation/native-stack/utils/useInvalidPreventRemoveError.js.map
2752 silly gunzTarPerm extractEntry build/react-navigation/core/useIsFocused.d.ts.map
2753 silly gunzTarPerm extractEntry build/useIsFocused.d.ts.map
2754 silly gunzTarPerm extractEntry build/react-navigation/core/useIsFocused.js.map
2755 silly gunzTarPerm extractEntry build/useIsFocused.js.map
2756 silly gunzTarPerm extractEntry build/react-navigation/bottom-tabs/utils/useIsKeyboardShown.d.ts.map
2757 silly gunzTarPerm extractEntry build/react-navigation/bottom-tabs/utils/useIsKeyboardShown.js.map
2758 silly gunzTarPerm extractEntry build/react-navigation/stack/utils/useKeyboardManager.d.ts.map
2759 silly gunzTarPerm extractEntry build/react-navigation/stack/utils/useKeyboardManager.js.map
2760 silly gunzTarPerm extractEntry build/react-navigation/core/useKeyedChildListeners.d.ts.map
2761 silly gunzTarPerm extractEntry build/react-navigation/core/useKeyedChildListeners.js.map
2762 silly gunzTarPerm extractEntry build/utils/useLatestCallback.d.ts.map
2763 silly gunzTarPerm extractEntry build/utils/useLatestCallback.js.map
2764 silly gunzTarPerm extractEntry build/react-navigation/core/useLazyValue.d.ts.map
2765 silly gunzTarPerm extractEntry build/react-navigation/core/useLazyValue.js.map
2766 silly gunzTarPerm extractEntry build/react-navigation/native/useLinkBuilder.d.ts.map
2767 silly gunzTarPerm extractEntry build/react-navigation/native/useLinkBuilder.js.map
2768 silly gunzTarPerm extractEntry build/link/useLinkHooks.d.ts.map
2769 silly gunzTarPerm extractEntry build/link/useLinkHooks.js.map
2770 silly gunzTarPerm extractEntry build/fork/useLinking.d.ts.map
2771 silly gunzTarPerm extractEntry build/react-navigation/native/useLinking.d.ts.map
2772 silly gunzTarPerm extractEntry build/fork/useLinking.js.map
2773 silly gunzTarPerm extractEntry build/react-navigation/native/useLinking.js.map
2774 silly gunzTarPerm extractEntry build/fork/useLinking.native.d.ts.map
2775 silly gunzTarPerm extractEntry build/react-navigation/native/useLinking.native.d.ts.map
2776 silly gunzTarPerm extractEntry build/fork/useLinking.native.js.map
2777 silly gunzTarPerm extractEntry build/react-navigation/native/useLinking.native.js.map
2778 silly gunzTarPerm extractEntry build/react-navigation/native/useLinkProps.d.ts.map
2779 silly gunzTarPerm extractEntry build/react-navigation/native/useLinkProps.js.map
2780 silly gunzTarPerm extractEntry build/react-navigation/native/useLinkTo.d.ts.map
2781 silly gunzTarPerm extractEntry build/react-navigation/native/useLinkTo.js.map
2782 silly gunzTarPerm extractEntry build/link/useLinkToPathProps.d.ts.map
2783 silly gunzTarPerm extractEntry build/link/useLinkToPathProps.js.map
2784 silly gunzTarPerm extractEntry build/link/useLoadedNavigation.d.ts.map
2785 silly gunzTarPerm extractEntry build/link/useLoadedNavigation.js.map
2786 silly gunzTarPerm extractEntry build/hooks/useLoaderData.d.ts.map
2787 silly gunzTarPerm extractEntry build/hooks/useLoaderData.js.map
2788 silly gunzTarPerm extractEntry build/react-navigation/native/useLocale.d.ts.map
2789 silly gunzTarPerm extractEntry build/react-navigation/native/useLocale.js.map
2790 silly gunzTarPerm extractEntry build/hooks/useLocalSearchParams.d.ts.map
2791 silly gunzTarPerm extractEntry build/hooks/useLocalSearchParams.js.map
2792 silly gunzTarPerm extractEntry build/react-navigation/core/useNavigation.d.ts.map
2793 silly gunzTarPerm extractEntry build/useNavigation.d.ts.map
2794 silly gunzTarPerm extractEntry build/react-navigation/core/useNavigation.js.map
2795 silly gunzTarPerm extractEntry build/useNavigation.js.map
2796 silly gunzTarPerm extractEntry build/react-navigation/core/useNavigationBuilder.d.ts.map
2797 silly gunzTarPerm extractEntry build/react-navigation/core/useNavigationBuilder.js.map
2798 silly gunzTarPerm extractEntry build/react-navigation/core/useNavigationCache.d.ts.map
2799 silly gunzTarPerm extractEntry build/react-navigation/core/useNavigationCache.js.map
2800 silly gunzTarPerm extractEntry build/hooks/useNavigationContainerRef.d.ts.map
2801 silly gunzTarPerm extractEntry build/react-navigation/core/useNavigationContainerRef.d.ts.map
2802 silly gunzTarPerm extractEntry build/hooks/useNavigationContainerRef.js.map
2803 silly gunzTarPerm extractEntry build/react-navigation/core/useNavigationContainerRef.js.map
2804 silly gunzTarPerm extractEntry build/react-navigation/core/useNavigationHelpers.d.ts.map
2805 silly gunzTarPerm extractEntry build/react-navigation/core/useNavigationHelpers.js.map
2806 silly gunzTarPerm extractEntry build/react-navigation/core/useNavigationIndependentTree.d.ts.map
2807 silly gunzTarPerm extractEntry build/react-navigation/core/useNavigationIndependentTree.js.map
2808 silly gunzTarPerm extractEntry build/react-navigation/core/useNavigationState.d.ts.map
2809 silly gunzTarPerm extractEntry build/react-navigation/core/useNavigationState.js.map
2810 silly gunzTarPerm extractEntry build/link/preview/useNextScreenId.d.ts.map
2811 silly gunzTarPerm extractEntry build/link/preview/useNextScreenId.js.map
2812 silly gunzTarPerm extractEntry build/react-navigation/core/useOnAction.d.ts.map
2813 silly gunzTarPerm extractEntry build/react-navigation/core/useOnAction.js.map
2814 silly gunzTarPerm extractEntry build/react-navigation/core/useOnGetState.d.ts.map
2815 silly gunzTarPerm extractEntry build/react-navigation/core/useOnGetState.js.map
2816 silly gunzTarPerm extractEntry build/react-navigation/core/useOnPreventRemove.d.ts.map
2817 silly gunzTarPerm extractEntry build/react-navigation/core/useOnPreventRemove.js.map
2818 silly gunzTarPerm extractEntry build/react-navigation/core/useOnRouteFocus.d.ts.map
2819 silly gunzTarPerm extractEntry build/react-navigation/core/useOnRouteFocus.js.map
2820 silly gunzTarPerm extractEntry build/react-navigation/core/useOptionsGetters.d.ts.map
2821 silly gunzTarPerm extractEntry build/react-navigation/core/useOptionsGetters.js.map
2822 silly gunzTarPerm extractEntry build/hooks/usePathname.d.ts.map
2823 silly gunzTarPerm extractEntry build/hooks/usePathname.js.map
2824 silly gunzTarPerm extractEntry build/react-navigation/core/usePreventRemove.d.ts.map
2825 silly gunzTarPerm extractEntry build/react-navigation/core/usePreventRemove.js.map
2826 silly gunzTarPerm extractEntry build/react-navigation/core/usePreventRemoveContext.d.ts.map
2827 silly gunzTarPerm extractEntry build/react-navigation/core/usePreventRemoveContext.js.map
2828 silly gunzTarPerm extractEntry build/link/zoom/usePreventZoomTransitionDismissal.d.ts.map
2829 silly gunzTarPerm extractEntry build/link/zoom/usePreventZoomTransitionDismissal.ios.d.ts.map
2830 silly gunzTarPerm extractEntry build/link/zoom/usePreventZoomTransitionDismissal.ios.js.map
2831 silly gunzTarPerm extractEntry build/link/zoom/usePreventZoomTransitionDismissal.js.map
2832 silly gunzTarPerm extractEntry build/link/zoom/usePreventZoomTransitionDismissal.types.d.ts.map
2833 silly gunzTarPerm extractEntry build/link/zoom/usePreventZoomTransitionDismissal.types.js.map
2834 silly gunzTarPerm extractEntry build/fork/native-stack/usePreviewTransition.d.ts.map
2835 silly gunzTarPerm extractEntry build/fork/native-stack/usePreviewTransition.js.map
2836 silly gunzTarPerm extractEntry build/standard-navigation/useProjectedDescriptors.d.ts.map
2837 silly gunzTarPerm extractEntry build/standard-navigation/useProjectedDescriptors.js.map
2838 silly gunzTarPerm extractEntry build/react-navigation/core/useRegisterNavigator.d.ts.map
2839 silly gunzTarPerm extractEntry build/react-navigation/core/useRegisterNavigator.js.map
2840 silly gunzTarPerm extractEntry build/hooks/useRootNavigation.d.ts.map
2841 silly gunzTarPerm extractEntry build/hooks/useRootNavigation.js.map
2842 silly gunzTarPerm extractEntry build/hooks/useRootNavigationState.d.ts.map
2843 silly gunzTarPerm extractEntry build/hooks/useRootNavigationState.js.map
2844 silly gunzTarPerm extractEntry build/react-navigation/core/useRoute.d.ts.map
2845 silly gunzTarPerm extractEntry build/react-navigation/core/useRoute.js.map
2846 silly gunzTarPerm extractEntry build/react-navigation/core/useRouteCache.d.ts.map
2847 silly gunzTarPerm extractEntry build/react-navigation/core/useRouteCache.js.map
2848 silly gunzTarPerm extractEntry build/global-state/useRouteInfo.d.ts.map
2849 silly gunzTarPerm extractEntry build/global-state/useRouteInfo.js.map
2850 silly gunzTarPerm extractEntry build/react-navigation/native/useRoutePath.d.ts.map
2851 silly gunzTarPerm extractEntry build/react-navigation/native/useRoutePath.js.map
2852 silly gunzTarPerm extractEntry build/hooks/useRouter.d.ts.map
2853 silly gunzTarPerm extractEntry build/hooks/useRouter.js.map
2854 silly gunzTarPerm extractEntry build/views/useSafeLayoutEffect.d.ts.map
2855 silly gunzTarPerm extractEntry build/views/useSafeLayoutEffect.js.map
2856 silly gunzTarPerm extractEntry build/react-navigation/core/useScheduleUpdate.d.ts.map
2857 silly gunzTarPerm extractEntry build/react-navigation/core/useScheduleUpdate.js.map
2858 silly gunzTarPerm extractEntry build/useScreens.d.ts.map
2859 silly gunzTarPerm extractEntry build/useScreens.js.map
2860 silly gunzTarPerm extractEntry build/react-navigation/native/useScrollToTop.d.ts.map
2861 silly gunzTarPerm extractEntry build/react-navigation/native/useScrollToTop.js.map
2862 silly gunzTarPerm extractEntry build/hooks/useSearchParams.d.ts.map
2863 silly gunzTarPerm extractEntry build/hooks/useSearchParams.js.map
2864 silly gunzTarPerm extractEntry build/hooks/useSegments.d.ts.map
2865 silly gunzTarPerm extractEntry build/hooks/useSegments.js.map
2866 silly gunzTarPerm extractEntry build/views/useSitemap.d.ts.map
2867 silly gunzTarPerm extractEntry build/views/useSitemap.js.map
2868 silly gunzTarPerm extractEntry build/standard-navigation/useStandardActions.d.ts.map
2869 silly gunzTarPerm extractEntry build/standard-navigation/useStandardActions.js.map
2870 silly gunzTarPerm extractEntry build/standard-navigation/useStandardEmitter.d.ts.map
2871 silly gunzTarPerm extractEntry build/standard-navigation/useStandardEmitter.js.map
2872 silly gunzTarPerm extractEntry build/standard-navigation/useStandardState.d.ts.map
2873 silly gunzTarPerm extractEntry build/standard-navigation/useStandardState.js.map
2874 silly gunzTarPerm extractEntry build/react-navigation/core/useStateForPath.d.ts.map
2875 silly gunzTarPerm extractEntry build/react-navigation/core/useStateForPath.js.map
2876 silly gunzTarPerm extractEntry build/global-state/useStore.d.ts.map
2877 silly gunzTarPerm extractEntry build/global-state/useStore.js.map
2878 silly gunzTarPerm extractEntry build/utils/useSyncExternalStoreWithSelector.d.ts.map
2879 silly gunzTarPerm extractEntry build/utils/useSyncExternalStoreWithSelector.js.map
2880 silly gunzTarPerm extractEntry build/react-navigation/core/useSyncState.d.ts.map
2881 silly gunzTarPerm extractEntry build/react-navigation/core/useSyncState.js.map
2882 silly gunzTarPerm extractEntry build/react-navigation/material-top-tabs/utils/useTabAnimation.d.ts.map
2883 silly gunzTarPerm extractEntry build/react-navigation/material-top-tabs/utils/useTabAnimation.js.map
2884 silly gunzTarPerm extractEntry build/react-navigation/core/theming/useTheme.d.ts.map
2885 silly gunzTarPerm extractEntry build/react-navigation/core/theming/useTheme.js.map
2886 silly gunzTarPerm extractEntry build/fork/useThenable.d.ts.map
2887 silly gunzTarPerm extractEntry build/react-navigation/native/useThenable.d.ts.map
2888 silly gunzTarPerm extractEntry build/fork/useThenable.js.map
2889 silly gunzTarPerm extractEntry build/react-navigation/native/useThenable.js.map
2890 silly gunzTarPerm extractEntry build/hooks/useUnstableGlobalHref.d.ts.map
2891 silly gunzTarPerm extractEntry build/hooks/useUnstableGlobalHref.js.map
2892 silly gunzTarPerm extractEntry build/link/zoom/useZoomHref.d.ts.map
2893 silly gunzTarPerm extractEntry build/link/zoom/useZoomHref.ios.d.ts.map
2894 silly gunzTarPerm extractEntry build/link/zoom/useZoomHref.ios.js.map
2895 silly gunzTarPerm extractEntry build/link/zoom/useZoomHref.js.map
2896 silly gunzTarPerm extractEntry build/global-state/utils.d.ts.map
2897 silly gunzTarPerm extractEntry build/internal/utils.d.ts.map
2898 silly gunzTarPerm extractEntry build/link/preview/utils.d.ts.map
2899 silly gunzTarPerm extractEntry build/loaders/utils.d.ts.map
2900 silly gunzTarPerm extractEntry build/modal/web/utils.d.ts.map
2901 silly gunzTarPerm extractEntry build/navigationEvents/utils.d.ts.map
2902 silly gunzTarPerm extractEntry build/rsc/router/utils.d.ts.map
2903 silly gunzTarPerm extractEntry build/global-state/utils.js.map
2904 silly gunzTarPerm extractEntry build/internal/utils.js.map
2905 silly gunzTarPerm extractEntry build/link/preview/utils.js.map
2906 silly gunzTarPerm extractEntry build/loaders/utils.js.map
2907 silly gunzTarPerm extractEntry build/modal/web/utils.js.map
2908 silly gunzTarPerm extractEntry build/navigationEvents/utils.js.map
2909 silly gunzTarPerm extractEntry build/rsc/router/utils.js.map
2910 silly gunzTarPerm extractEntry build/fork/validatePathConfig.d.ts.map
2911 silly gunzTarPerm extractEntry build/react-navigation/core/validatePathConfig.d.ts.map
2912 silly gunzTarPerm extractEntry build/fork/validatePathConfig.js.map
2913 silly gunzTarPerm extractEntry build/react-navigation/core/validatePathConfig.js.map
2914 silly gunzTarPerm extractEntry build/react-navigation/native/__stubs__/window.d.ts.map
2915 silly gunzTarPerm extractEntry build/react-navigation/native/__stubs__/window.js.map
2916 silly gunzTarPerm extractEntry build/layouts/withLayoutContext.d.ts.map
2917 silly gunzTarPerm extractEntry build/layouts/withLayoutContext.js.map
2918 silly gunzTarPerm extractEntry build/link/zoom/zoom-transition-context-providers.d.ts.map
2919 silly gunzTarPerm extractEntry build/link/zoom/zoom-transition-context-providers.ios.d.ts.map
2920 silly gunzTarPerm extractEntry build/link/zoom/zoom-transition-context-providers.ios.js.map
2921 silly gunzTarPerm extractEntry build/link/zoom/zoom-transition-context-providers.js.map
2922 silly gunzTarPerm extractEntry build/link/zoom/zoom-transition-context-providers.types.d.ts.map
2923 silly gunzTarPerm extractEntry build/link/zoom/zoom-transition-context-providers.types.js.map
2924 silly gunzTarPerm extractEntry build/link/zoom/zoom-transition-context.d.ts.map
2925 silly gunzTarPerm extractEntry build/link/zoom/zoom-transition-context.js.map
2926 silly gunzTarPerm extractEntry build/link/zoom/ZoomTransitionEnabler.d.ts.map
2927 silly gunzTarPerm extractEntry build/link/zoom/ZoomTransitionEnabler.ios.d.ts.map
2928 silly gunzTarPerm extractEntry build/link/zoom/ZoomTransitionEnabler.ios.js.map
2929 silly gunzTarPerm extractEntry build/link/zoom/ZoomTransitionEnabler.js.map
2930 silly gunzTarPerm extractEntry build/link/zoom/ZoomTransitionEnabler.types.d.ts.map
2931 silly gunzTarPerm extractEntry build/link/zoom/ZoomTransitionEnabler.types.js.map
2932 silly gunzTarPerm extractEntry README.md
2933 silly gunzTarPerm extractEntry vendor/react-helmet-async/README.md
2934 silly gunzTarPerm extractEntry vendor/react-helmet-async/vendor.md
2935 silly gunzTarPerm extractEntry local-maven-repo/expo/modules/router/expo.modules.router/57.0.23/expo.modules.router-57.0.23-sources.jar.md5
2936 silly gunzTarPerm extractEntry local-maven-repo/expo/modules/router/expo.modules.router/57.0.23/expo.modules.router-57.0.23.aar.md5
2937 silly gunzTarPerm extractEntry local-maven-repo/expo/modules/router/expo.modules.router/57.0.23/expo.modules.router-57.0.23.module.md5
2938 silly gunzTarPerm extractEntry local-maven-repo/expo/modules/router/expo.modules.router/57.0.23/expo.modules.router-57.0.23.pom.md5
2939 silly gunzTarPerm extractEntry local-maven-repo/expo/modules/router/expo.modules.router/maven-metadata.xml.md5
2940 silly gunzTarPerm extractEntry local-maven-repo/expo/modules/router/expo.modules.router/57.0.23/expo.modules.router-57.0.23.module
2941 silly gunzTarPerm extractEntry assets/arrow_down.png
2942 silly gunzTarPerm extractEntry assets/react-navigation/elements/back-icon-mask.png
2943 silly gunzTarPerm extractEntry assets/react-navigation/elements/back-icon.png
2944 silly gunzTarPerm extractEntry assets/react-navigation/elements/back-icon@1x.android.png
2945 silly gunzTarPerm extractEntry assets/react-navigation/elements/back-icon@1x.ios.png
2946 silly gunzTarPerm extractEntry assets/react-navigation/elements/back-icon@2x.android.png
2947 silly gunzTarPerm extractEntry assets/react-navigation/elements/back-icon@2x.ios.png
2948 silly gunzTarPerm extractEntry assets/react-navigation/elements/back-icon@3x.android.png
2949 silly gunzTarPerm extractEntry assets/react-navigation/elements/back-icon@3x.ios.png
2950 silly gunzTarPerm extractEntry assets/react-navigation/elements/back-icon@4x.android.png
2951 silly gunzTarPerm extractEntry assets/react-navigation/elements/back-icon@4x.ios.png
2952 silly gunzTarPerm extractEntry assets/react-navigation/elements/clear-icon.png
2953 silly gunzTarPerm extractEntry assets/react-navigation/elements/clear-icon@1x.png
2954 silly gunzTarPerm extractEntry assets/react-navigation/elements/clear-icon@2x.png
2955 silly gunzTarPerm extractEntry assets/react-navigation/elements/clear-icon@3x.png
2956 silly gunzTarPerm extractEntry assets/react-navigation/elements/clear-icon@4x.png
2957 silly gunzTarPerm extractEntry assets/react-navigation/elements/close-icon.png
2958 silly gunzTarPerm extractEntry assets/react-navigation/elements/close-icon@1x.png
2959 silly gunzTarPerm extractEntry assets/react-navigation/elements/close-icon@2x.png
2960 silly gunzTarPerm extractEntry assets/react-navigation/elements/close-icon@3x.png
2961 silly gunzTarPerm extractEntry assets/react-navigation/elements/close-icon@4x.png
2962 silly gunzTarPerm extractEntry assets/error.png
2963 silly gunzTarPerm extractEntry assets/file.png
2964 silly gunzTarPerm extractEntry assets/forward.png
2965 silly gunzTarPerm extractEntry assets/logotype.png
2966 silly gunzTarPerm extractEntry assets/pkg.png
2967 silly gunzTarPerm extractEntry assets/react-navigation/elements/search-icon.png
2968 silly gunzTarPerm extractEntry assets/react-navigation/elements/search-icon@1x.android.png
2969 silly gunzTarPerm extractEntry assets/react-navigation/elements/search-icon@1x.ios.png
2970 silly gunzTarPerm extractEntry assets/react-navigation/elements/search-icon@2x.android.png
2971 silly gunzTarPerm extractEntry assets/react-navigation/elements/search-icon@2x.ios.png
2972 silly gunzTarPerm extractEntry assets/react-navigation/elements/search-icon@3x.android.png
2973 silly gunzTarPerm extractEntry assets/react-navigation/elements/search-icon@3x.ios.png
2974 silly gunzTarPerm extractEntry assets/react-navigation/elements/search-icon@4x.android.png
2975 silly gunzTarPerm extractEntry assets/react-navigation/elements/search-icon@4x.ios.png
2976 silly gunzTarPerm extractEntry assets/sitemap.png
2977 silly gunzTarPerm extractEntry assets/react-navigation/drawer/toggle-drawer-icon.png
2978 silly gunzTarPerm extractEntry assets/react-navigation/drawer/toggle-drawer-icon@1x.android.png
2979 silly gunzTarPerm extractEntry assets/react-navigation/drawer/toggle-drawer-icon@1x.ios.png
2980 silly gunzTarPerm extractEntry assets/react-navigation/drawer/toggle-drawer-icon@2x.android.png
2981 silly gunzTarPerm extractEntry assets/react-navigation/drawer/toggle-drawer-icon@2x.ios.png
2982 silly gunzTarPerm extractEntry assets/react-navigation/drawer/toggle-drawer-icon@3x.android.png
2983 silly gunzTarPerm extractEntry assets/react-navigation/drawer/toggle-drawer-icon@3x.ios.png
2984 silly gunzTarPerm extractEntry assets/react-navigation/drawer/toggle-drawer-icon@4x.android.png
2985 silly gunzTarPerm extractEntry assets/react-navigation/drawer/toggle-drawer-icon@4x.ios.png
2986 silly gunzTarPerm extractEntry assets/unmatched.png
2987 silly gunzTarPerm extractEntry ios/ExpoRouter.podspec
2988 silly gunzTarPerm extractEntry local-maven-repo/expo/modules/router/expo.modules.router/57.0.23/expo.modules.router-57.0.23.pom
2989 silly gunzTarPerm extractEntry local-maven-repo/expo/modules/router/expo.modules.router/57.0.23/expo.modules.router-57.0.23-sources.jar.sha1
2990 silly gunzTarPerm extractEntry local-maven-repo/expo/modules/router/expo.modules.router/57.0.23/expo.modules.router-57.0.23.aar.sha1
2991 silly gunzTarPerm extractEntry local-maven-repo/expo/modules/router/expo.modules.router/57.0.23/expo.modules.router-57.0.23.module.sha1
2992 silly gunzTarPerm extractEntry local-maven-repo/expo/modules/router/expo.modules.router/57.0.23/expo.modules.router-57.0.23.pom.sha1
2993 silly gunzTarPerm extractEntry local-maven-repo/expo/modules/router/expo.modules.router/maven-metadata.xml.sha1
2994 silly gunzTarPerm extractEntry local-maven-repo/expo/modules/router/expo.modules.router/57.0.23/expo.modules.router-57.0.23-sources.jar.sha256
2995 silly gunzTarPerm extractEntry local-maven-repo/expo/modules/router/expo.modules.router/57.0.23/expo.modules.router-57.0.23.aar.sha256
2996 silly gunzTarPerm extractEntry local-maven-repo/expo/modules/router/expo.modules.router/57.0.23/expo.modules.router-57.0.23.module.sha256
2997 silly gunzTarPerm extractEntry local-maven-repo/expo/modules/router/expo.modules.router/57.0.23/expo.modules.router-57.0.23.pom.sha256
2998 silly gunzTarPerm extractEntry local-maven-repo/expo/modules/router/expo.modules.router/maven-metadata.xml.sha256
2999 silly gunzTarPerm extractEntry local-maven-repo/expo/modules/router/expo.modules.router/57.0.23/expo.modules.router-57.0.23-sources.jar.sha512
3000 silly gunzTarPerm extractEntry local-maven-repo/expo/modules/router/expo.modules.router/57.0.23/expo.modules.router-57.0.23.aar.sha512
3001 silly gunzTarPerm extractEntry local-maven-repo/expo/modules/router/expo.modules.router/57.0.23/expo.modules.router-57.0.23.module.sha512
3002 silly gunzTarPerm extractEntry local-maven-repo/expo/modules/router/expo.modules.router/57.0.23/expo.modules.router-57.0.23.pom.sha512
3003 silly gunzTarPerm extractEntry local-maven-repo/expo/modules/router/expo.modules.router/maven-metadata.xml.sha512
3004 silly gunzTarPerm extractEntry ios/ExpoHeadAppDelegateSubscriber.swift
3005 silly gunzTarPerm extractEntry ios/ExpoHeadModule.swift
3006 silly gunzTarPerm extractEntry ios/LinkPreview/LinkPreviewNativeActionView.swift
3007 silly gunzTarPerm extractEntry ios/LinkPreview/LinkPreviewNativeModule.swift
3008 silly gunzTarPerm extractEntry ios/LinkPreview/LinkPreviewNativeNavigation.swift
3009 silly gunzTarPerm extractEntry ios/LinkPreview/LinkPreviewNativePreviewView.swift
3010 silly gunzTarPerm extractEntry ios/LinkPreview/LinkPreviewNativeView.swift
3011 silly gunzTarPerm extractEntry ios/LinkPreview/LinkZoomTransition.swift
3012 silly gunzTarPerm extractEntry ios/LinkPreview/RNScreensTabCompat.swift
3013 silly gunzTarPerm extractEntry ios/Tests/RNScreensTabCompatTests.swift
3014 silly gunzTarPerm extractEntry ios/Toolbar/RouterFontUtils.swift
3015 silly gunzTarPerm extractEntry ios/Toolbar/RouterToolbarHostView.swift
3016 silly gunzTarPerm extractEntry ios/Toolbar/RouterToolbarItemView.swift
3017 silly gunzTarPerm extractEntry ios/Toolbar/RouterToolbarModule.swift
3018 silly gunzTarPerm extractEntry ios/RouterViewWithLogger.swift
3019 silly gunzTarPerm extractEntry _ctx.d.ts
3020 silly gunzTarPerm extractEntry build/layouts/_web-modal.d.ts
3021 silly gunzTarPerm extractEntry build/react-navigation/drawer/utils/addCancelListener.d.ts
3022 silly gunzTarPerm extractEntry build/react-navigation/drawer/utils/addCancelListener.native.d.ts
3023 silly gunzTarPerm extractEntry build/color/android.attr.types.d.ts
3024 silly gunzTarPerm extractEntry build/color/android.color.types.d.ts
3025 silly gunzTarPerm extractEntry build/color/android.dynamic.types.d.ts
3026 silly gunzTarPerm extractEntry build/color/android.material.types.d.ts
3027 silly gunzTarPerm extractEntry build/toolbar/AnimatedItemContainer.android.d.ts
3028 silly gunzTarPerm extractEntry build/toolbar/AnimatedItemContainer.d.ts
3029 silly gunzTarPerm extractEntry build/native-tabs/appearance.android.d.ts
3030 silly gunzTarPerm extractEntry build/native-tabs/appearance.d.ts
3031 silly gunzTarPerm extractEntry build/native-tabs/appearance.ios.d.ts
3032 silly gunzTarPerm extractEntry build/react-navigation/core/arrayStartsWith.d.ts
3033 silly gunzTarPerm extractEntry build/react-navigation/elements/Background.d.ts
3034 silly gunzTarPerm extractEntry build/react-navigation/elements/Badge.d.ts
3035 silly gunzTarPerm extractEntry build/link/BaseExpoRouterLink.d.ts
3036 silly gunzTarPerm extractEntry build/react-navigation/core/BaseNavigationContainer.d.ts
3037 silly gunzTarPerm extractEntry build/react-navigation/routers/BaseRouter.d.ts
3038 silly gunzTarPerm extractEntry build/layouts/BaseStack.d.ts
3039 silly gunzTarPerm extractEntry build/native-tabs/utils/bottomAccessory.d.ts
3040 silly gunzTarPerm extractEntry build/react-navigation/bottom-tabs/views/BottomTabBar.d.ts
3041 silly gunzTarPerm extractEntry build/react-navigation/bottom-tabs/utils/BottomTabBarHeightCallbackContext.d.ts
3042 silly gunzTarPerm extractEntry build/react-navigation/bottom-tabs/utils/BottomTabBarHeightContext.d.ts
3043 silly gunzTarPerm extractEntry build/react-navigation/bottom-tabs/views/BottomTabItem.d.ts
3044 silly gunzTarPerm extractEntry build/react-navigation/bottom-tabs/views/BottomTabView.d.ts
3045 silly gunzTarPerm extractEntry build/react-navigation/elements/Button.d.ts
3046 silly gunzTarPerm extractEntry build/react-navigation/stack/views/Stack/Card.d.ts
3047 silly gunzTarPerm extractEntry build/react-navigation/stack/views/Stack/CardA11yWrapper.d.ts
3048 silly gunzTarPerm extractEntry build/react-navigation/stack/utils/CardAnimationContext.d.ts
3049 silly gunzTarPerm extractEntry build/react-navigation/stack/views/Stack/CardContainer.d.ts
3050 silly gunzTarPerm extractEntry build/react-navigation/stack/views/Stack/CardContent.d.ts
3051 silly gunzTarPerm extractEntry build/react-navigation/stack/views/Stack/CardStack.d.ts
3052 silly gunzTarPerm extractEntry build/react-navigation/stack/TransitionConfigs/CardStyleInterpolators.d.ts
3053 silly gunzTarPerm extractEntry build/react-navigation/core/checkDuplicateRouteNames.d.ts
3054 silly gunzTarPerm extractEntry build/react-navigation/core/checkSerializable.d.ts
3055 silly gunzTarPerm extractEntry build/utils/children.d.ts
3056 silly gunzTarPerm extractEntry build/rsc/router/client.d.ts
3057 silly gunzTarPerm extractEntry vendor/react-helmet-async/lib/client.d.ts
3058 silly gunzTarPerm extractEntry build/utils/color.d.ts
3059 silly gunzTarPerm extractEntry build/rsc/router/common.d.ts
3060 silly gunzTarPerm extractEntry build/ui/common.d.ts
3061 silly gunzTarPerm extractEntry build/react-navigation/routers/CommonActions.d.ts
3062 silly gunzTarPerm extractEntry build/fork/native-stack/composition-options/CompositionOptionsContext.d.ts
3063 silly gunzTarPerm extractEntry build/react-navigation/stack/utils/conditional.d.ts
3064 silly gunzTarPerm extractEntry build/constants.d.ts
3065 silly gunzTarPerm extractEntry vendor/react-helmet-async/lib/constants.d.ts
3066 silly gunzTarPerm extractEntry build/testing-library/context-stubs.d.ts
3067 silly gunzTarPerm extractEntry build/layouts/stack-utils/toolbar/context.d.ts
3068 silly gunzTarPerm extractEntry build/react-navigation/bottom-tabs/navigators/createBottomTabNavigator.d.ts
3069 silly gunzTarPerm extractEntry build/react-navigation/drawer/navigators/createDrawerNavigator.d.ts
3070 silly gunzTarPerm extractEntry build/layouts/experimental-stack/createExperimentalStackNavigator.d.ts
3071 silly gunzTarPerm extractEntry build/react-navigation/material-top-tabs/navigators/createMaterialTopTabNavigator.d.ts
3072 silly gunzTarPerm extractEntry build/fork/createMemoryHistory.d.ts
3073 silly gunzTarPerm extractEntry build/react-navigation/native/createMemoryHistory.d.ts
3074 silly gunzTarPerm extractEntry build/fork/native-stack/createNativeStackNavigator.d.ts
3075 silly gunzTarPerm extractEntry build/react-navigation/native-stack/navigators/createNativeStackNavigator.d.ts
3076 silly gunzTarPerm extractEntry build/react-navigation/core/createNavigationContainerRef.d.ts
3077 silly gunzTarPerm extractEntry build/react-navigation/core/createNavigatorFactory.d.ts
3078 silly gunzTarPerm extractEntry build/react-navigation/routers/createParamsFromAction.d.ts
3079 silly gunzTarPerm extractEntry build/react-navigation/routers/createRouteFromAction.d.ts
3080 silly gunzTarPerm extractEntry build/react-navigation/native/__stubs__/createStackNavigator.d.ts
3081 silly gunzTarPerm extractEntry build/react-navigation/stack/navigators/createStackNavigator.d.ts
3082 silly gunzTarPerm extractEntry build/react-navigation/native/createStaticNavigation.d.ts
3083 silly gunzTarPerm extractEntry build/react-navigation/core/CurrentRenderContext.d.ts
3084 silly gunzTarPerm extractEntry build/react-navigation/native/theming/DarkTheme.d.ts
3085 silly gunzTarPerm extractEntry build/react-navigation/native-stack/utils/debounce.d.ts
3086 silly gunzTarPerm extractEntry build/react-navigation/core/deepFreeze.d.ts
3087 silly gunzTarPerm extractEntry build/layouts/stack-utils/toolbar/defaults.android.d.ts
3088 silly gunzTarPerm extractEntry build/layouts/stack-utils/toolbar/defaults.d.ts
3089 silly gunzTarPerm extractEntry build/react-navigation/native/theming/DefaultTheme.d.ts
3090 silly gunzTarPerm extractEntry build/react-navigation/core/DeprecatedNavigationInChildContext.d.ts
3091 silly gunzTarPerm extractEntry build/fork/native-stack/descriptors-context.d.ts
3092 silly gunzTarPerm extractEntry vendor/react-helmet-async/lib/Dispatcher.d.ts
3093 silly gunzTarPerm extractEntry build/layouts/Drawer.d.ts
3094 silly gunzTarPerm extractEntry drawer.d.ts
3095 silly gunzTarPerm extractEntry build/layouts/DrawerClient.d.ts
3096 silly gunzTarPerm extractEntry build/react-navigation/drawer/views/DrawerContent.d.ts
3097 silly gunzTarPerm extractEntry build/react-navigation/drawer/views/DrawerContentScrollView.d.ts
3098 silly gunzTarPerm extractEntry build/react-navigation/drawer/views/DrawerItem.d.ts
3099 silly gunzTarPerm extractEntry build/react-navigation/drawer/views/DrawerItemList.d.ts
3100 silly gunzTarPerm extractEntry build/react-navigation/drawer/utils/DrawerPositionContext.d.ts
3101 silly gunzTarPerm extractEntry build/react-navigation/routers/DrawerRouter.d.ts
3102 silly gunzTarPerm extractEntry build/react-navigation/drawer/utils/DrawerStatusContext.d.ts
3103 silly gunzTarPerm extractEntry build/react-navigation/drawer/views/DrawerToggleButton.d.ts
3104 silly gunzTarPerm extractEntry build/react-navigation/drawer/views/DrawerView.d.ts
3105 silly gunzTarPerm extractEntry build/link/elements.d.ts
3106 silly gunzTarPerm extractEntry build/native-tabs/common/elements.d.ts
3107 silly gunzTarPerm extractEntry build/primitives/elements.d.ts
3108 silly gunzTarPerm extractEntry build/split-view/elements.d.ts
3109 silly gunzTarPerm extractEntry build/domComponents/emitDomEvent.d.ts
3110 silly gunzTarPerm extractEntry build/views/EmptyRoute.d.ts
3111 silly gunzTarPerm extractEntry build/react-navigation/core/EnsureSingleNavigator.d.ts
3112 silly gunzTarPerm extractEntry build/rsc/entry.d.ts
3113 silly gunzTarPerm extractEntry build/views/ErrorBoundary.d.ts
3114 silly gunzTarPerm extractEntry build/rsc/router/errors.d.ts
3115 silly gunzTarPerm extractEntry build/domComponents/events.d.ts
3116 silly gunzTarPerm extractEntry build/testing-library/expect.d.ts
3117 silly gunzTarPerm extractEntry build/layouts/ExperimentalModalStack.d.ts
3118 silly gunzTarPerm extractEntry build/layouts/experimental-stack/ExperimentalStackView.d.ts
3119 silly gunzTarPerm extractEntry build/ts-declarations/expo-router-internal-globals.d.ts
3120 silly gunzTarPerm extractEntry build/head/ExpoHead.android.d.ts
3121 silly gunzTarPerm extractEntry build/head/ExpoHead.d.ts
3122 silly gunzTarPerm extractEntry build/head/ExpoHead.ios.d.ts
3123 silly gunzTarPerm extractEntry build/head/ExpoHeadModule.d.ts
3124 silly gunzTarPerm extractEntry build/link/ExpoLink.d.ts
3125 silly gunzTarPerm extractEntry build/ExpoRoot.d.ts
3126 silly gunzTarPerm extractEntry build/exports.d.ts
3127 silly gunzTarPerm extractEntry build/rsc/exports.d.ts
3128 silly gunzTarPerm extractEntry build/fork/extractPathFromURL.d.ts
3129 silly gunzTarPerm extractEntry build/react-navigation/native/extractPathFromURL.d.ts
3130 silly gunzTarPerm extractEntry build/fast-refresh.d.ts
3131 silly gunzTarPerm extractEntry build/rsc/router/fetch.d.ts
3132 silly gunzTarPerm extractEntry build/rsc/router/fetch.web.d.ts
3133 silly gunzTarPerm extractEntry build/fork/findFocusedRoute.d.ts
3134 silly gunzTarPerm extractEntry build/react-navigation/core/findFocusedRoute.d.ts
3135 silly gunzTarPerm extractEntry build/react-navigation/stack/utils/findLastIndex.d.ts
3136 silly gunzTarPerm extractEntry build/utils/font.d.ts
3137 silly gunzTarPerm extractEntry build/react-navigation/native-stack/views/FontProcessor.d.ts
3138 silly gunzTarPerm extractEntry build/react-navigation/native-stack/views/FontProcessor.native.d.ts
3139 silly gunzTarPerm extractEntry build/react-navigation/native/theming/fonts.d.ts
3140 silly gunzTarPerm extractEntry build/react-navigation/native-stack/views/FooterComponent.d.ts
3141 silly gunzTarPerm extractEntry build/react-navigation/stack/utils/gestureActivationCriteria.d.ts
3142 silly gunzTarPerm extractEntry build/react-navigation/stack/views/GestureHandler.android.d.ts
3143 silly gunzTarPerm extractEntry build/react-navigation/stack/views/GestureHandler.d.ts
3144 silly gunzTarPerm extractEntry build/react-navigation/stack/views/GestureHandler.ios.d.ts
3145 silly gunzTarPerm extractEntry build/react-navigation/stack/views/GestureHandlerNative.d.ts
3146 silly gunzTarPerm extractEntry build/react-navigation/stack/utils/GestureHandlerRefContext.d.ts
3147 silly gunzTarPerm extractEntry build/react-navigation/core/getActionFromState.d.ts
3148 silly gunzTarPerm extractEntry build/react-navigation/elements/Header/getDefaultHeaderHeight.d.ts
3149 silly gunzTarPerm extractEntry build/react-navigation/elements/getDefaultSidebarWidth.d.ts
3150 silly gunzTarPerm extractEntry build/react-navigation/stack/utils/getDistanceForDirection.d.ts
3151 silly gunzTarPerm extractEntry build/react-navigation/drawer/utils/getDrawerStatusFromState.d.ts
3152 silly gunzTarPerm extractEntry build/react-navigation/core/getFocusedRouteNameFromRoute.d.ts
3153 silly gunzTarPerm extractEntry build/react-navigation/elements/Header/getHeaderTitle.d.ts
3154 silly gunzTarPerm extractEntry build/react-navigation/stack/utils/getInvertedMultiplier.d.ts
3155 silly gunzTarPerm extractEntry build/react-navigation/elements/Label/getLabel.d.ts
3156 silly gunzTarPerm extractEntry build/getLinkingConfig.d.ts
3157 silly gunzTarPerm extractEntry build/loaders/getLoaderData.d.ts
3158 silly gunzTarPerm extractEntry build/react-navigation/native-stack/utils/getModalRoutesKeys.d.ts
3159 silly gunzTarPerm extractEntry build/react-navigation/stack/utils/getModalRoutesKeys.d.ts
3160 silly gunzTarPerm extractEntry build/react-navigation/elements/getNamedContext.d.ts
3161 silly gunzTarPerm extractEntry build/global-state/getNavigationAction.d.ts
3162 silly gunzTarPerm extractEntry build/fork/getPathFromState-forks.d.ts
3163 silly gunzTarPerm extractEntry build/fork/getPathFromState.d.ts
3164 silly gunzTarPerm extractEntry build/react-navigation/core/getPathFromState.d.ts
3165 silly gunzTarPerm extractEntry build/react-navigation/core/getPatternParts.d.ts
3166 silly gunzTarPerm extractEntry build/standard-navigation/getPreloadedRoutes.d.ts
3167 silly gunzTarPerm extractEntry build/getReactNavigationConfig.d.ts
3168 silly gunzTarPerm extractEntry build/global-state/getRouteInfoFromState.d.ts
3169 silly gunzTarPerm extractEntry build/getRoutes.d.ts
3170 silly gunzTarPerm extractEntry build/getRoutesCore.d.ts
3171 silly gunzTarPerm extractEntry build/getRoutesRedirects.d.ts
3172 silly gunzTarPerm extractEntry build/react-navigation/stack/utils/getShadowStyle.d.ts
3173 silly gunzTarPerm extractEntry build/fork/getStateFromPath-forks.d.ts
3174 silly gunzTarPerm extractEntry build/fork/getStateFromPath.d.ts
3175 silly gunzTarPerm extractEntry build/react-navigation/core/getStateFromPath.d.ts
3176 silly gunzTarPerm extractEntry build/global.d.ts
3177 silly gunzTarPerm extractEntry build/react-navigation/core/Group.d.ts
3178 silly gunzTarPerm extractEntry head.d.ts
3179 silly gunzTarPerm extractEntry build/react-navigation/elements/Header/Header.d.ts
3180 silly gunzTarPerm extractEntry build/react-navigation/stack/views/Header/Header.d.ts
3181 silly gunzTarPerm extractEntry build/react-navigation/elements/Header/HeaderBackButton.d.ts
3182 silly gunzTarPerm extractEntry build/react-navigation/elements/Header/HeaderBackContext.d.ts
3183 silly gunzTarPerm extractEntry build/react-navigation/elements/Header/HeaderBackground.d.ts
3184 silly gunzTarPerm extractEntry build/react-navigation/elements/Header/HeaderButton.d.ts
3185 silly gunzTarPerm extractEntry build/react-navigation/stack/views/Header/HeaderContainer.d.ts
3186 silly gunzTarPerm extractEntry build/react-navigation/elements/Header/HeaderHeightContext.d.ts
3187 silly gunzTarPerm extractEntry build/react-navigation/elements/Header/HeaderIcon.d.ts
3188 silly gunzTarPerm extractEntry rsc/headers.d.ts
3189 silly gunzTarPerm extractEntry build/react-navigation/elements/Header/HeaderSearchBar.d.ts
3190 silly gunzTarPerm extractEntry build/react-navigation/stack/views/Header/HeaderSegment.d.ts
3191 silly gunzTarPerm extractEntry build/react-navigation/elements/Header/HeaderShownContext.d.ts
3192 silly gunzTarPerm extractEntry build/react-navigation/stack/TransitionConfigs/HeaderStyleInterpolators.d.ts
3193 silly gunzTarPerm extractEntry build/react-navigation/elements/Header/HeaderTitle.d.ts
3194 silly gunzTarPerm extractEntry vendor/react-helmet-async/lib/HelmetData.d.ts
3195 silly gunzTarPerm extractEntry build/native-tabs/hooks.d.ts
3196 silly gunzTarPerm extractEntry build/rsc/router/host.d.ts
3197 silly gunzTarPerm extractEntry build/link/href.d.ts
3198 silly gunzTarPerm extractEntry build/link/preview/HrefPreview.d.ts
3199 silly gunzTarPerm extractEntry build/html.d.ts
3200 silly gunzTarPerm extractEntry build/static/html.d.ts
3201 silly gunzTarPerm extractEntry html.d.ts
3202 silly gunzTarPerm extractEntry build/native-tabs/utils/icon.d.ts
3203 silly gunzTarPerm extractEntry build/rsc/router/idMinting.d.ts
3204 silly gunzTarPerm extractEntry build/imperative-api.d.ts
3205 silly gunzTarPerm extractEntry build/color/index.d.ts
3206 silly gunzTarPerm extractEntry build/fork/native-stack/composition-options/index.d.ts
3207 silly gunzTarPerm extractEntry build/getDevServer/index.d.ts
3208 silly gunzTarPerm extractEntry build/head/index.d.ts
3209 silly gunzTarPerm extractEntry build/hooks/index.d.ts
3210 silly gunzTarPerm extractEntry build/import-mode/index.d.ts
3211 silly gunzTarPerm extractEntry build/index.d.ts
3212 silly gunzTarPerm extractEntry build/layouts/experimental-stack/index.d.ts
3213 silly gunzTarPerm extractEntry build/layouts/stack-utils/index.d.ts
3214 silly gunzTarPerm extractEntry build/layouts/stack-utils/screen/index.d.ts
3215 silly gunzTarPerm extractEntry build/layouts/stack-utils/toolbar/index.d.ts
3216 silly gunzTarPerm extractEntry build/layouts/stack-utils/toolbar/StackToolbarButton/index.d.ts
3217 silly gunzTarPerm extractEntry build/layouts/stack-utils/toolbar/StackToolbarMenu/index.d.ts
3218 silly gunzTarPerm extractEntry build/layouts/stack-utils/toolbar/StackToolbarSearchBarSlot/index.d.ts
3219 silly gunzTarPerm extractEntry build/layouts/stack-utils/toolbar/StackToolbarSpacer/index.d.ts
3220 silly gunzTarPerm extractEntry build/layouts/stack-utils/toolbar/StackToolbarView/index.d.ts
3221 silly gunzTarPerm extractEntry build/link/index.d.ts
3222 silly gunzTarPerm extractEntry build/native-tabs/index.d.ts
3223 silly gunzTarPerm extractEntry build/native-tabs/utils/index.d.ts
3224 silly gunzTarPerm extractEntry build/navigationEvents/index.d.ts
3225 silly gunzTarPerm extractEntry build/primitives/index.d.ts
3226 silly gunzTarPerm extractEntry build/react-navigation/bottom-tabs/index.d.ts
3227 silly gunzTarPerm extractEntry build/react-navigation/core/index.d.ts
3228 silly gunzTarPerm extractEntry build/react-navigation/drawer/index.d.ts
3229 silly gunzTarPerm extractEntry build/react-navigation/elements/index.d.ts
3230 silly gunzTarPerm extractEntry build/react-navigation/index.d.ts
3231 silly gunzTarPerm extractEntry build/react-navigation/material-top-tabs/index.d.ts
3232 silly gunzTarPerm extractEntry build/react-navigation/native-stack/index.d.ts
3233 silly gunzTarPerm extractEntry build/react-navigation/native/index.d.ts
3234 silly gunzTarPerm extractEntry build/react-navigation/routers/index.d.ts
3235 silly gunzTarPerm extractEntry build/react-navigation/stack/index.d.ts
3236 silly gunzTarPerm extractEntry build/split-view/index.d.ts
3237 silly gunzTarPerm extractEntry build/stack/index.d.ts
3238 silly gunzTarPerm extractEntry build/standard-navigation/index.d.ts
3239 silly gunzTarPerm extractEntry build/testing-library/index.d.ts
3240 silly gunzTarPerm extractEntry build/ui/index.d.ts
3241 silly gunzTarPerm extractEntry index.d.ts
3242 silly gunzTarPerm extractEntry link/index.d.ts
3243 silly gunzTarPerm extractEntry plugin/build/index.d.ts
3244 silly gunzTarPerm extractEntry plugin/index.d.ts
3245 silly gunzTarPerm extractEntry vendor/react-helmet-async/lib/index.d.ts
3246 silly gunzTarPerm extractEntry build/getDevServer/index.native.d.ts
3247 silly gunzTarPerm extractEntry build/layouts/experimental-stack/index.web.d.ts
3248 silly gunzTarPerm extractEntry build/link/InternalLinkPreviewContext.d.ts
3249 silly gunzTarPerm extractEntry build/color/ios.types.d.ts
3250 silly gunzTarPerm extractEntry build/react-navigation/core/isArrayEqual.d.ts
3251 silly gunzTarPerm extractEntry build/react-navigation/core/isRecordEqual.d.ts
3252 silly gunzTarPerm extractEntry build/layouts/IsWithinLayoutContext.d.ts
3253 silly gunzTarPerm extractEntry js-stack.d.ts
3254 silly gunzTarPerm extractEntry js-tabs.d.ts
3255 silly gunzTarPerm extractEntry js-top-tabs.d.ts
3256 silly gunzTarPerm extractEntry build/layouts/JSStack.d.ts
3257 silly gunzTarPerm extractEntry build/native-tabs/utils/label.d.ts
3258 silly gunzTarPerm extractEntry build/react-navigation/elements/Label/Label.d.ts
3259 silly gunzTarPerm extractEntry build/react-navigation/elements/Lazy.d.ts
3260 silly gunzTarPerm extractEntry build/link/zoom/link-apple-zoom-target.d.ts
3261 silly gunzTarPerm extractEntry build/link/zoom/link-apple-zoom.d.ts
3262 silly gunzTarPerm extractEntry build/link/Link.d.ts
3263 silly gunzTarPerm extractEntry build/react-navigation/native/Link.d.ts
3264 silly gunzTarPerm extractEntry build/link/linking.d.ts
3265 silly gunzTarPerm extractEntry build/react-navigation/native/LinkingContext.d.ts
3266 silly gunzTarPerm extractEntry build/link/preview/LinkPreviewContext.d.ts
3267 silly gunzTarPerm extractEntry build/link/LinkWithPreview.d.ts
3268 silly gunzTarPerm extractEntry build/loaders/LoaderCache.d.ts
3269 silly gunzTarPerm extractEntry build/react-navigation/native/LocaleDirContext.d.ts
3270 silly gunzTarPerm extractEntry build/LocaleProvider.d.ts
3271 silly gunzTarPerm extractEntry build/LocationProvider.d.ts
3272 silly gunzTarPerm extractEntry build/layouts/stack-utils/mapProtectedScreen.d.ts
3273 silly gunzTarPerm extractEntry build/react-navigation/elements/MaskedView.android.d.ts
3274 silly gunzTarPerm extractEntry build/react-navigation/elements/MaskedView.d.ts
3275 silly gunzTarPerm extractEntry build/react-navigation/elements/MaskedView.ios.d.ts
3276 silly gunzTarPerm extractEntry build/react-navigation/elements/MaskedViewNative.d.ts
3277 silly gunzTarPerm extractEntry build/matchers.d.ts
3278 silly gunzTarPerm extractEntry build/color/materialColor.android.d.ts
3279 silly gunzTarPerm extractEntry build/color/materialColor.d.ts
3280 silly gunzTarPerm extractEntry build/native-tabs/utils/materialIconConverter-not-implemented.d.ts
3281 silly gunzTarPerm extractEntry build/native-tabs/utils/materialIconConverter.android.d.ts
3282 silly gunzTarPerm extractEntry build/native-tabs/utils/materialIconConverter.d.ts
3283 silly gunzTarPerm extractEntry build/react-navigation/material-top-tabs/views/MaterialTopTabBar.d.ts
3284 silly gunzTarPerm extractEntry build/react-navigation/material-top-tabs/views/MaterialTopTabView.d.ts
3285 silly gunzTarPerm extractEntry build/primitives/menu.d.ts
3286 silly gunzTarPerm extractEntry build/fork/native-stack/composition-options/mergeOptions.d.ts
3287 silly gunzTarPerm extractEntry build/react-navigation/elements/MissingIcon.d.ts
3288 silly gunzTarPerm extractEntry build/testing-library/mock-config.d.ts
3289 silly gunzTarPerm extractEntry build/testing-library/mocks.d.ts
3290 silly gunzTarPerm extractEntry build/react-navigation/stack/utils/ModalPresentationContext.d.ts
3291 silly gunzTarPerm extractEntry build/modal/web/ModalStack.d.ts
3292 silly gunzTarPerm extractEntry build/modal/web/ModalStackRouteDrawer.d.ts
3293 silly gunzTarPerm extractEntry build/modal/web/modalStyles.d.ts
3294 silly gunzTarPerm extractEntry native-stack.d.ts
3295 silly gunzTarPerm extractEntry build/layouts/stack-utils/toolbar/StackToolbarButton/native.android.d.ts
3296 silly gunzTarPerm extractEntry build/layouts/stack-utils/toolbar/StackToolbarMenu/native.android.d.ts
3297 silly gunzTarPerm extractEntry build/layouts/stack-utils/toolbar/StackToolbarSearchBarSlot/native.android.d.ts
3298 silly gunzTarPerm extractEntry build/layouts/stack-utils/toolbar/StackToolbarSpacer/native.android.d.ts
3299 silly gunzTarPerm extractEntry build/layouts/stack-utils/toolbar/StackToolbarView/native.android.d.ts
3300 silly gunzTarPerm extractEntry build/toolbar/native.android.d.ts
3301 silly gunzTarPerm extractEntry build/layouts/stack-utils/toolbar/StackToolbarButton/native.d.ts
3302 silly gunzTarPerm extractEntry build/layouts/stack-utils/toolbar/StackToolbarMenu/native.d.ts
3303 silly gunzTarPerm extractEntry build/layouts/stack-utils/toolbar/StackToolbarSearchBarSlot/native.d.ts
3304 silly gunzTarPerm extractEntry build/layouts/stack-utils/toolbar/StackToolbarSpacer/native.d.ts
3305 silly gunzTarPerm extractEntry build/layouts/stack-utils/toolbar/StackToolbarView/native.d.ts
3306 silly gunzTarPerm extractEntry build/link/preview/native.d.ts
3307 silly gunzTarPerm extractEntry build/toolbar/native.d.ts
3308 silly gunzTarPerm extractEntry build/layouts/stack-utils/toolbar/StackToolbarButton/native.ios.d.ts
3309 silly gunzTarPerm extractEntry build/layouts/stack-utils/toolbar/StackToolbarMenu/native.ios.d.ts
3310 silly gunzTarPerm extractEntry build/layouts/stack-utils/toolbar/StackToolbarSearchBarSlot/native.ios.d.ts
3311 silly gunzTarPerm extractEntry build/layouts/stack-utils/toolbar/StackToolbarSpacer/native.ios.d.ts
3312 silly gunzTarPerm extractEntry build/layouts/stack-utils/toolbar/StackToolbarView/native.ios.d.ts
3313 silly gunzTarPerm extractEntry build/toolbar/native.ios.d.ts
3314 silly gunzTarPerm extractEntry build/toolbar/native.types.d.ts
3315 silly gunzTarPerm extractEntry build/native-tabs/NativeBottomTabsNavigator.d.ts
3316 silly gunzTarPerm extractEntry build/native-tabs/NativeBottomTabsRouter.d.ts
3317 silly gunzTarPerm extractEntry build/link/NativeMenuContext.d.ts
3318 silly gunzTarPerm extractEntry build/fork/native-stack/NativeStackView.d.ts
3319 silly gunzTarPerm extractEntry build/react-navigation/native-stack/views/NativeStackView.d.ts
3320 silly gunzTarPerm extractEntry build/react-navigation/native-stack/views/NativeStackView.native.d.ts
3321 silly gunzTarPerm extractEntry build/native-tabs/NativeTabs.d.ts
3322 silly gunzTarPerm extractEntry build/native-tabs/NativeTabsView.android.d.ts
3323 silly gunzTarPerm extractEntry build/native-tabs/NativeTabsView.d.ts
3324 silly gunzTarPerm extractEntry build/native-tabs/NativeTabsView.ios.d.ts
3325 silly gunzTarPerm extractEntry build/native-tabs/NativeTabsView.shared.d.ts
3326 silly gunzTarPerm extractEntry build/native-tabs/NativeTabsView.web.d.ts
3327 silly gunzTarPerm extractEntry build/native-tabs/NativeTabTrigger.d.ts
3328 silly gunzTarPerm extractEntry build/navigationEvents/navigation.d.ts
3329 silly gunzTarPerm extractEntry build/primitives/navigation.d.ts
3330 silly gunzTarPerm extractEntry build/react-navigation/core/NavigationBuilderContext.d.ts
3331 silly gunzTarPerm extractEntry build/fork/NavigationContainer.d.ts
3332 silly gunzTarPerm extractEntry build/react-navigation/native/NavigationContainer.d.ts
3333 silly gunzTarPerm extractEntry build/react-navigation/core/NavigationContainerRefContext.d.ts
3334 silly gunzTarPerm extractEntry build/react-navigation/core/NavigationContext.d.ts
3335 silly gunzTarPerm extractEntry build/react-navigation/core/NavigationFocusedRouteStateContext.d.ts
3336 silly gunzTarPerm extractEntry build/react-navigation/core/NavigationHelpersContext.d.ts
3337 silly gunzTarPerm extractEntry build/react-navigation/core/NavigationIndependentTree.d.ts
3338 silly gunzTarPerm extractEntry build/react-navigation/core/NavigationIndependentTreeContext.d.ts
3339 silly gunzTarPerm extractEntry build/react-navigation/core/NavigationMetaContext.d.ts
3340 silly gunzTarPerm extractEntry build/navigationParams.d.ts
3341 silly gunzTarPerm extractEntry build/react-navigation/core/NavigationProvider.d.ts
3342 silly gunzTarPerm extractEntry build/react-navigation/core/NavigationStateContext.d.ts
3343 silly gunzTarPerm extractEntry build/views/Navigator.d.ts
3344 silly gunzTarPerm extractEntry build/views/NoSSR.d.ts
3345 silly gunzTarPerm extractEntry build/native-tabs/utils/optionsIconConverter.android.d.ts
3346 silly gunzTarPerm extractEntry build/native-tabs/utils/optionsIconConverter.d.ts
3347 silly gunzTarPerm extractEntry build/native-tabs/utils/optionsIconConverter.ios.d.ts
3348 silly gunzTarPerm extractEntry build/native-tabs/utils/optionsIconConverter.shared.d.ts
3349 silly gunzTarPerm extractEntry build/react-navigation/elements/PlatformPressable.d.ts
3350 silly gunzTarPerm extractEntry build/Prefetch.d.ts
3351 silly gunzTarPerm extractEntry build/views/Pressable.d.ts
3352 silly gunzTarPerm extractEntry build/react-navigation/core/PreventRemoveContext.d.ts
3353 silly gunzTarPerm extractEntry build/react-navigation/core/PreventRemoveProvider.d.ts
3354 silly gunzTarPerm extractEntry build/link/preview/PreviewRouteContext.d.ts
3355 silly gunzTarPerm extractEntry build/layouts/stack-utils/toolbar/processHeaderItemsForPlatform.android.d.ts
3356 silly gunzTarPerm extractEntry build/layouts/stack-utils/toolbar/processHeaderItemsForPlatform.d.ts
3357 silly gunzTarPerm extractEntry build/layouts/stack-utils/toolbar/processHeaderItemsForPlatform.ios.d.ts
3358 silly gunzTarPerm extractEntry build/views/Protected.d.ts
3359 silly gunzTarPerm extractEntry vendor/react-helmet-async/lib/Provider.d.ts
3360 silly gunzTarPerm extractEntry build/qualified-entry.d.ts
3361 silly gunzTarPerm extractEntry react-navigation.d.ts
3362 silly gunzTarPerm extractEntry build/link/Redirect.d.ts
3363 silly gunzTarPerm extractEntry build/static/registerRootComponent.d.ts
3364 silly gunzTarPerm extractEntry build/renderRootComponent.d.ts
3365 silly gunzTarPerm extractEntry build/testing-library/require-context-ponyfill.d.ts
3366 silly gunzTarPerm extractEntry build/react-navigation/elements/ResourceSavingView.d.ts
3367 silly gunzTarPerm extractEntry build/layouts/RootModal.d.ts
3368 silly gunzTarPerm extractEntry build/views/RootUnmatched.d.ts
3369 silly gunzTarPerm extractEntry build/Route.d.ts
3370 silly gunzTarPerm extractEntry build/global-state/routeInfoCache.d.ts
3371 silly gunzTarPerm extractEntry build/global-state/router-store.d.ts
3372 silly gunzTarPerm extractEntry build/global-state/router.d.ts
3373 silly gunzTarPerm extractEntry build/global-state/routing.d.ts
3374 silly gunzTarPerm extractEntry build/internal/routing.d.ts
3375 silly gunzTarPerm extractEntry internal/routing.d.ts
3376 silly gunzTarPerm extractEntry build/global-state/routingQueue.d.ts
3377 silly gunzTarPerm extractEntry build/internal/rsc.d.ts
3378 silly gunzTarPerm extractEntry internal/rsc.d.ts
3379 silly gunzTarPerm extractEntry build/react-navigation/elements/SafeAreaProviderCompat.d.ts
3380 silly gunzTarPerm extractEntry build/react-navigation/bottom-tabs/TransitionConfigs/SceneStyleInterpolators.d.ts
3381 silly gunzTarPerm extractEntry build/react-navigation/core/SceneView.d.ts
3382 silly gunzTarPerm extractEntry build/react-navigation/core/Screen.d.ts
3383 silly gunzTarPerm extractEntry build/react-navigation/elements/Screen.d.ts
3384 silly gunzTarPerm extractEntry build/views/Screen.d.ts
3385 silly gunzTarPerm extractEntry build/react-navigation/bottom-tabs/views/ScreenFallback.d.ts
3386 silly gunzTarPerm extractEntry build/react-navigation/drawer/views/ScreenFallback.d.ts
3387 silly gunzTarPerm extractEntry build/react-navigation/native-stack/utils/ScreenPresentationContext.d.ts
3388 silly gunzTarPerm extractEntry build/react-navigation/stack/views/Screens.d.ts
3389 silly gunzTarPerm extractEntry build/screensFeatureFlags.d.ts
3390 silly gunzTarPerm extractEntry build/internal/server.d.ts
3391 silly gunzTarPerm extractEntry internal/server.d.ts
3392 silly gunzTarPerm extractEntry server.d.ts
3393 silly gunzTarPerm extractEntry vendor/react-helmet-async/lib/server.d.ts
3394 silly gunzTarPerm extractEntry build/react-navigation/native/ServerContainer.d.ts
3395 silly gunzTarPerm extractEntry build/react-navigation/native/ServerContext.d.ts
3396 silly gunzTarPerm extractEntry build/loaders/ServerDataLoaderContext.d.ts
3397 silly gunzTarPerm extractEntry build/server/ServerDocument.d.ts
3398 silly gunzTarPerm extractEntry build/global-state/serverLocationContext.d.ts
3399 silly gunzTarPerm extractEntry build/layouts/stack-utils/toolbar/shared.d.ts
3400 silly gunzTarPerm extractEntry build/views/Sitemap.d.ts
3401 silly gunzTarPerm extractEntry build/ui/Slot.d.ts
3402 silly gunzTarPerm extractEntry build/global-state/sort-routes.d.ts
3403 silly gunzTarPerm extractEntry build/sortRoutes.d.ts
3404 silly gunzTarPerm extractEntry build/utils/splash.d.ts
3405 silly gunzTarPerm extractEntry build/views/Splash.d.ts
3406 silly gunzTarPerm extractEntry build/split-view/split-view.d.ts
3407 silly gunzTarPerm extractEntry build/layouts/Stack.d.ts
3408 silly gunzTarPerm extractEntry build/utils/stack.d.ts
3409 silly gunzTarPerm extractEntry stack.d.ts
3410 silly gunzTarPerm extractEntry build/layouts/Stack.web.d.ts
3411 silly gunzTarPerm extractEntry build/layouts/StackClient.d.ts
3412 silly gunzTarPerm extractEntry build/layouts/stack-utils/StackHeaderComponent.d.ts
3413 silly gunzTarPerm extractEntry build/utils/stackPresentation.d.ts
3414 silly gunzTarPerm extractEntry build/react-navigation/routers/StackRouter.d.ts
3415 silly gunzTarPerm extractEntry build/layouts/stack-utils/StackScreen.d.ts
3416 silly gunzTarPerm extractEntry build/layouts/stack-utils/screen/StackScreenBackButton.d.ts
3417 silly gunzTarPerm extractEntry build/layouts/stack-utils/screen/StackScreenTitle.d.ts
3418 silly gunzTarPerm extractEntry build/layouts/stack-utils/StackSearchBar.d.ts
3419 silly gunzTarPerm extractEntry build/layouts/stack-utils/StackTitle.d.ts
3420 silly gunzTarPerm extractEntry build/layouts/stack-utils/toolbar/StackToolbar.d.ts
3421 silly gunzTarPerm extractEntry build/layouts/stack-utils/toolbar/StackToolbarClient.d.ts
3422 silly gunzTarPerm extractEntry build/react-navigation/stack/views/Stack/StackView.d.ts
3423 silly gunzTarPerm extractEntry build/global-state/stateUtils.d.ts
3424 silly gunzTarPerm extractEntry build/internal/static.d.ts
3425 silly gunzTarPerm extractEntry internal/static.d.ts
3426 silly gunzTarPerm extractEntry build/react-navigation/core/StaticContainer.d.ts
3427 silly gunzTarPerm extractEntry build/react-navigation/core/StaticNavigation.d.ts
3428 silly gunzTarPerm extractEntry build/global-state/store.d.ts
3429 silly gunzTarPerm extractEntry build/global-state/storeContext.d.ts
3430 silly gunzTarPerm extractEntry build/utils/style.d.ts
3431 silly gunzTarPerm extractEntry build/views/SuspenseFallback.d.ts
3432 silly gunzTarPerm extractEntry build/react-navigation/material-top-tabs/utils/TabAnimationContext.d.ts
3433 silly gunzTarPerm extractEntry build/react-navigation/bottom-tabs/views/TabBarIcon.d.ts
3434 silly gunzTarPerm extractEntry build/ui/TabContext.d.ts
3435 silly gunzTarPerm extractEntry build/ui/TabList.d.ts
3436 silly gunzTarPerm extractEntry build/react-navigation/routers/TabRouter.d.ts
3437 silly gunzTarPerm extractEntry build/ui/TabRouter.d.ts
3438 silly gunzTarPerm extractEntry build/layouts/Tabs.d.ts
3439 silly gunzTarPerm extractEntry build/ui/Tabs.d.ts
3440 silly gunzTarPerm extractEntry tabs.d.ts
3441 silly gunzTarPerm extractEntry build/layouts/TabsClient.d.ts
3442 silly gunzTarPerm extractEntry build/ui/TabSlot.d.ts
3443 silly gunzTarPerm extractEntry build/ui/TabTrigger.d.ts
3444 silly gunzTarPerm extractEntry testing-library.d.ts
3445 silly gunzTarPerm extractEntry build/internal/testing.d.ts
3446 silly gunzTarPerm extractEntry internal/testing.d.ts
3447 silly gunzTarPerm extractEntry build/react-navigation/elements/Text.d.ts
3448 silly gunzTarPerm extractEntry build/react-navigation/core/theming/ThemeContext.d.ts
3449 silly gunzTarPerm extractEntry build/react-navigation/core/theming/ThemeProvider.d.ts
3450 silly gunzTarPerm extractEntry build/react-navigation/stack/utils/throttle.d.ts
3451 silly gunzTarPerm extractEntry build/views/Toast.d.ts
3452 silly gunzTarPerm extractEntry build/layouts/stack-utils/toolbar/toolbar-primitives.d.ts
3453 silly gunzTarPerm extractEntry build/layouts/stack-utils/toolbar/ToolbarItemBadge.android.d.ts
3454 silly gunzTarPerm extractEntry build/layouts/stack-utils/toolbar/ToolbarItemBadge.d.ts
3455 silly gunzTarPerm extractEntry build/layouts/TopTabs.d.ts
3456 silly gunzTarPerm extractEntry build/layouts/TopTabsClient.d.ts
3457 silly gunzTarPerm extractEntry build/react-navigation/bottom-tabs/TransitionConfigs/TransitionPresets.d.ts
3458 silly gunzTarPerm extractEntry build/react-navigation/stack/TransitionConfigs/TransitionPresets.d.ts
3459 silly gunzTarPerm extractEntry build/react-navigation/bottom-tabs/TransitionConfigs/TransitionSpecs.d.ts
3460 silly gunzTarPerm extractEntry build/react-navigation/stack/TransitionConfigs/TransitionSpecs.d.ts
3461 silly gunzTarPerm extractEntry build/modal/web/TransparentModalStackRouteDrawer.d.ts
3462 silly gunzTarPerm extractEntry build/views/Try.d.ts
3463 silly gunzTarPerm extractEntry build/onboard/Tutorial.d.ts
3464 silly gunzTarPerm extractEntry build/fork/native-stack/composition-options/types.d.ts
3465 silly gunzTarPerm extractEntry build/global-state/types.d.ts
3466 silly gunzTarPerm extractEntry build/layouts/experimental-stack/types.d.ts
3467 silly gunzTarPerm extractEntry build/layouts/stack-utils/toolbar/StackToolbarButton/types.d.ts
3468 silly gunzTarPerm extractEntry build/layouts/stack-utils/toolbar/StackToolbarMenu/types.d.ts
3469 silly gunzTarPerm extractEntry build/layouts/stack-utils/toolbar/StackToolbarSearchBarSlot/types.d.ts
3470 silly gunzTarPerm extractEntry build/layouts/stack-utils/toolbar/StackToolbarSpacer/types.d.ts
3471 silly gunzTarPerm extractEntry build/layouts/stack-utils/toolbar/StackToolbarView/types.d.ts
3472 silly gunzTarPerm extractEntry build/modal/web/types.d.ts
3473 silly gunzTarPerm extractEntry build/native-tabs/types.d.ts
3474 silly gunzTarPerm extractEntry build/navigationEvents/types.d.ts
3475 silly gunzTarPerm extractEntry build/primitives/types.d.ts
3476 silly gunzTarPerm extractEntry build/react-navigation/bottom-tabs/types.d.ts
3477 silly gunzTarPerm extractEntry build/react-navigation/core/types.d.ts
3478 silly gunzTarPerm extractEntry build/react-navigation/drawer/types.d.ts
3479 silly gunzTarPerm extractEntry build/react-navigation/elements/types.d.ts
3480 silly gunzTarPerm extractEntry build/react-navigation/material-top-tabs/types.d.ts
3481 silly gunzTarPerm extractEntry build/react-navigation/native-stack/types.d.ts
3482 silly gunzTarPerm extractEntry build/react-navigation/native/types.d.ts
3483 silly gunzTarPerm extractEntry build/react-navigation/routers/types.d.ts
3484 silly gunzTarPerm extractEntry build/react-navigation/stack/types.d.ts
3485 silly gunzTarPerm extractEntry build/standard-navigation/types.d.ts
3486 silly gunzTarPerm extractEntry build/typed-routes/types.d.ts
3487 silly gunzTarPerm extractEntry build/types.d.ts
3488 silly gunzTarPerm extractEntry vendor/react-helmet-async/lib/types.d.ts
3489 silly gunzTarPerm extractEntry ui.d.ts
3490 silly gunzTarPerm extractEntry build/react-navigation/core/UnhandledActionContext.d.ts
3491 silly gunzTarPerm extractEntry build/react-navigation/native/UnhandledLinkingContext.d.ts
3492 silly gunzTarPerm extractEntry build/views/Unmatched.d.ts
3493 silly gunzTarPerm extractEntry unstable-native-tabs.d.ts
3494 silly gunzTarPerm extractEntry unstable-split-view.d.ts
3495 silly gunzTarPerm extractEntry build/head/url.d.ts
3496 silly gunzTarPerm extractEntry build/utils/url.d.ts
3497 silly gunzTarPerm extractEntry build/react-navigation/bottom-tabs/utils/useAnimatedHashMap.d.ts
3498 silly gunzTarPerm extractEntry build/react-navigation/native-stack/utils/useAnimatedHeaderHeight.d.ts
3499 silly gunzTarPerm extractEntry build/fork/useBackButton.d.ts
3500 silly gunzTarPerm extractEntry build/react-navigation/native/useBackButton.d.ts
3501 silly gunzTarPerm extractEntry build/fork/useBackButton.native.d.ts
3502 silly gunzTarPerm extractEntry build/react-navigation/native/useBackButton.native.d.ts
3503 silly gunzTarPerm extractEntry build/react-navigation/bottom-tabs/utils/useBottomTabBarHeight.d.ts
3504 silly gunzTarPerm extractEntry build/standard-navigation/useBuildHref.d.ts
3505 silly gunzTarPerm extractEntry build/react-navigation/stack/utils/useCardAnimation.d.ts
3506 silly gunzTarPerm extractEntry build/react-navigation/core/useChildListeners.d.ts
3507 silly gunzTarPerm extractEntry build/react-navigation/core/useClientLayoutEffect.d.ts
3508 silly gunzTarPerm extractEntry build/react-navigation/core/useComponent.d.ts
3509 silly gunzTarPerm extractEntry build/ui/useComponent.d.ts
3510 silly gunzTarPerm extractEntry build/react-navigation/core/useCurrentRender.d.ts
3511 silly gunzTarPerm extractEntry build/hooks/useCurrentRouteInfo.d.ts
3512 silly gunzTarPerm extractEntry build/useDeprecated.d.ts
3513 silly gunzTarPerm extractEntry build/react-navigation/core/useDescriptors.d.ts
3514 silly gunzTarPerm extractEntry build/react-navigation/native-stack/utils/useDismissedRouteError.d.ts
3515 silly gunzTarPerm extractEntry build/fork/useDocumentTitle.d.ts
3516 silly gunzTarPerm extractEntry build/react-navigation/native/useDocumentTitle.d.ts
3517 silly gunzTarPerm extractEntry build/fork/useDocumentTitle.native.d.ts
3518 silly gunzTarPerm extractEntry build/react-navigation/native/useDocumentTitle.native.d.ts
3519 silly gunzTarPerm extractEntry build/domComponents/useDomComponentNavigation.d.ts
3520 silly gunzTarPerm extractEntry build/react-navigation/drawer/utils/useDrawerStatus.d.ts
3521 silly gunzTarPerm extractEntry build/react-navigation/core/useEventEmitter.d.ts
3522 silly gunzTarPerm extractEntry build/react-navigation/core/useFocusedListenersChildrenAdapter.d.ts
3523 silly gunzTarPerm extractEntry build/react-navigation/core/useFocusEffect.d.ts
3524 silly gunzTarPerm extractEntry build/useFocusEffect.d.ts
3525 silly gunzTarPerm extractEntry build/react-navigation/core/useFocusEvents.d.ts
3526 silly gunzTarPerm extractEntry build/react-navigation/elements/useFrameSize.d.ts
3527 silly gunzTarPerm extractEntry build/react-navigation/stack/utils/useGestureHandlerRef.d.ts
3528 silly gunzTarPerm extractEntry build/hooks/useGlobalSearchParams.d.ts
3529 silly gunzTarPerm extractEntry build/react-navigation/native-stack/views/useHeaderConfigProps.d.ts
3530 silly gunzTarPerm extractEntry build/react-navigation/elements/Header/useHeaderHeight.d.ts
3531 silly gunzTarPerm extractEntry build/react-navigation/native-stack/utils/useInvalidPreventRemoveError.d.ts
3532 silly gunzTarPerm extractEntry build/react-navigation/core/useIsFocused.d.ts
3533 silly gunzTarPerm extractEntry build/useIsFocused.d.ts
3534 silly gunzTarPerm extractEntry build/react-navigation/bottom-tabs/utils/useIsKeyboardShown.d.ts
3535 silly gunzTarPerm extractEntry build/react-navigation/stack/utils/useKeyboardManager.d.ts
3536 silly gunzTarPerm extractEntry build/react-navigation/core/useKeyedChildListeners.d.ts
3537 silly gunzTarPerm extractEntry build/utils/useLatestCallback.d.ts
3538 silly gunzTarPerm extractEntry build/react-navigation/core/useLazyValue.d.ts
3539 silly gunzTarPerm extractEntry build/react-navigation/native/useLinkBuilder.d.ts
3540 silly gunzTarPerm extractEntry build/link/useLinkHooks.d.ts
3541 silly gunzTarPerm extractEntry build/fork/useLinking.d.ts
3542 silly gunzTarPerm extractEntry build/react-navigation/native/useLinking.d.ts
3543 silly gunzTarPerm extractEntry build/fork/useLinking.native.d.ts
3544 silly gunzTarPerm extractEntry build/react-navigation/native/useLinking.native.d.ts
3545 silly gunzTarPerm extractEntry build/react-navigation/native/useLinkProps.d.ts
3546 silly gunzTarPerm extractEntry build/react-navigation/native/useLinkTo.d.ts
3547 silly gunzTarPerm extractEntry build/link/useLinkToPathProps.d.ts
3548 silly gunzTarPerm extractEntry build/link/useLoadedNavigation.d.ts
3549 silly gunzTarPerm extractEntry build/hooks/useLoaderData.d.ts
3550 silly gunzTarPerm extractEntry build/react-navigation/native/useLocale.d.ts
3551 silly gunzTarPerm extractEntry build/hooks/useLocalSearchParams.d.ts
3552 silly gunzTarPerm extractEntry build/react-navigation/core/useNavigation.d.ts
3553 silly gunzTarPerm extractEntry build/useNavigation.d.ts
3554 silly gunzTarPerm extractEntry build/react-navigation/core/useNavigationBuilder.d.ts
3555 silly gunzTarPerm extractEntry build/react-navigation/core/useNavigationCache.d.ts
3556 silly gunzTarPerm extractEntry build/hooks/useNavigationContainerRef.d.ts
3557 silly gunzTarPerm extractEntry build/react-navigation/core/useNavigationContainerRef.d.ts
3558 silly gunzTarPerm extractEntry build/react-navigation/core/useNavigationHelpers.d.ts
3559 silly gunzTarPerm extractEntry build/react-navigation/core/useNavigationIndependentTree.d.ts
3560 silly gunzTarPerm extractEntry build/react-navigation/core/useNavigationState.d.ts
3561 silly gunzTarPerm extractEntry build/link/preview/useNextScreenId.d.ts
3562 silly gunzTarPerm extractEntry build/react-navigation/core/useOnAction.d.ts
3563 silly gunzTarPerm extractEntry build/react-navigation/core/useOnGetState.d.ts
3564 silly gunzTarPerm extractEntry build/react-navigation/core/useOnPreventRemove.d.ts
3565 silly gunzTarPerm extractEntry build/react-navigation/core/useOnRouteFocus.d.ts
3566 silly gunzTarPerm extractEntry build/react-navigation/core/useOptionsGetters.d.ts
3567 silly gunzTarPerm extractEntry build/hooks/usePathname.d.ts
3568 silly gunzTarPerm extractEntry build/react-navigation/core/usePreventRemove.d.ts
3569 silly gunzTarPerm extractEntry build/react-navigation/core/usePreventRemoveContext.d.ts
3570 silly gunzTarPerm extractEntry build/link/zoom/usePreventZoomTransitionDismissal.d.ts
3571 silly gunzTarPerm extractEntry build/link/zoom/usePreventZoomTransitionDismissal.ios.d.ts
3572 silly gunzTarPerm extractEntry build/link/zoom/usePreventZoomTransitionDismissal.types.d.ts
3573 silly gunzTarPerm extractEntry build/fork/native-stack/usePreviewTransition.d.ts
3574 silly gunzTarPerm extractEntry build/standard-navigation/useProjectedDescriptors.d.ts
3575 silly gunzTarPerm extractEntry build/react-navigation/core/useRegisterNavigator.d.ts
3576 silly gunzTarPerm extractEntry build/hooks/useRootNavigation.d.ts
3577 silly gunzTarPerm extractEntry build/hooks/useRootNavigationState.d.ts
3578 silly gunzTarPerm extractEntry build/react-navigation/core/useRoute.d.ts
3579 silly gunzTarPerm extractEntry build/react-navigation/core/useRouteCache.d.ts
3580 silly gunzTarPerm extractEntry build/global-state/useRouteInfo.d.ts
3581 silly gunzTarPerm extractEntry build/react-navigation/native/useRoutePath.d.ts
3582 silly gunzTarPerm extractEntry build/hooks/useRouter.d.ts
3583 silly gunzTarPerm extractEntry build/views/useSafeLayoutEffect.d.ts
3584 silly gunzTarPerm extractEntry build/react-navigation/core/useScheduleUpdate.d.ts
3585 silly gunzTarPerm extractEntry build/useScreens.d.ts
3586 silly gunzTarPerm extractEntry build/react-navigation/native/useScrollToTop.d.ts
3587 silly gunzTarPerm extractEntry build/hooks/useSearchParams.d.ts
3588 silly gunzTarPerm extractEntry build/hooks/useSegments.d.ts
3589 silly gunzTarPerm extractEntry build/views/useSitemap.d.ts
3590 silly gunzTarPerm extractEntry build/standard-navigation/useStandardActions.d.ts
3591 silly gunzTarPerm extractEntry build/standard-navigation/useStandardEmitter.d.ts
3592 silly gunzTarPerm extractEntry build/standard-navigation/useStandardState.d.ts
3593 silly gunzTarPerm extractEntry build/react-navigation/core/useStateForPath.d.ts
3594 silly gunzTarPerm extractEntry build/global-state/useStore.d.ts
3595 silly gunzTarPerm extractEntry build/utils/useSyncExternalStoreWithSelector.d.ts
3596 silly gunzTarPerm extractEntry build/react-navigation/core/useSyncState.d.ts
3597 silly gunzTarPerm extractEntry build/react-navigation/material-top-tabs/utils/useTabAnimation.d.ts
3598 silly gunzTarPerm extractEntry build/react-navigation/core/theming/useTheme.d.ts
3599 silly gunzTarPerm extractEntry build/fork/useThenable.d.ts
3600 silly gunzTarPerm extractEntry build/react-navigation/native/useThenable.d.ts
3601 silly gunzTarPerm extractEntry build/hooks/useUnstableGlobalHref.d.ts
3602 silly gunzTarPerm extractEntry build/link/zoom/useZoomHref.d.ts
3603 silly gunzTarPerm extractEntry build/link/zoom/useZoomHref.ios.d.ts
3604 silly gunzTarPerm extractEntry build/global-state/utils.d.ts
3605 silly gunzTarPerm extractEntry build/internal/utils.d.ts
3606 silly gunzTarPerm extractEntry build/link/preview/utils.d.ts
3607 silly gunzTarPerm extractEntry build/loaders/utils.d.ts
3608 silly gunzTarPerm extractEntry build/modal/web/utils.d.ts
3609 silly gunzTarPerm extractEntry build/navigationEvents/utils.d.ts
3610 silly gunzTarPerm extractEntry build/rsc/router/utils.d.ts
3611 silly gunzTarPerm extractEntry internal/utils.d.ts
3612 silly gunzTarPerm extractEntry vendor/react-helmet-async/lib/utils.d.ts
3613 silly gunzTarPerm extractEntry build/fork/validatePathConfig.d.ts
3614 silly gunzTarPerm extractEntry build/react-navigation/core/validatePathConfig.d.ts
3615 silly gunzTarPerm extractEntry build/react-navigation/native/__stubs__/window.d.ts
3616 silly gunzTarPerm extractEntry build/layouts/withLayoutContext.d.ts
3617 silly gunzTarPerm extractEntry plugin/build/withRouter.d.ts
3618 silly gunzTarPerm extractEntry build/link/zoom/zoom-transition-context-providers.d.ts
3619 silly gunzTarPerm extractEntry build/link/zoom/zoom-transition-context-providers.ios.d.ts
3620 silly gunzTarPerm extractEntry build/link/zoom/zoom-transition-context-providers.types.d.ts
3621 silly gunzTarPerm extractEntry build/link/zoom/zoom-transition-context.d.ts
3622 silly gunzTarPerm extractEntry build/link/zoom/ZoomTransitionEnabler.d.ts
3623 silly gunzTarPerm extractEntry build/link/zoom/ZoomTransitionEnabler.ios.d.ts
3624 silly gunzTarPerm extractEntry build/link/zoom/ZoomTransitionEnabler.types.d.ts
3625 silly gunzTarPerm extractEntry plugin/tsconfig.tsbuildinfo
3626 silly gunzTarPerm extractEntry assets/arrow_right.xml
3627 silly gunzTarPerm extractEntry assets/checkmark.xml
3628 silly gunzTarPerm extractEntry local-maven-repo/expo/modules/router/expo.modules.router/maven-metadata.xml
3629 verbose write writing to /Users/hanna/Documents/PUMA/puma/node_modules/expo-router/package.json
3630 info preinstall expo-router@57.0.23
3631 verbose readDependencies loading dependencies from /Users/hanna/Documents/PUMA/puma/node_modules/expo-router/package.json
3632 silly prepareForInstallMany adding query-string@^7.1.3 from expo-router dependencies
3633 silly prepareForInstallMany adding @expo/schema-utils@^57.0.2 from expo-router dependencies
3634 silly prepareForInstallMany adding @expo/metro-runtime@^57.0.16 from expo-router dependencies
3635 silly prepareForInstallMany adding standard-navigation@^0.0.5 from expo-router dependencies
3636 silly prepareForInstallMany adding @radix-ui/react-tabs@^1.1.12 from expo-router dependencies
3637 silly prepareForInstallMany adding react-native-drawer-layout@^4.2.2 from expo-router dependencies
3638 silly prepareForInstallMany adding @react-native-masked-view/masked-view@^0.3.2 from expo-router dependencies
3639 silly prepareForInstallMany adding @expo/metro-runtime@^57.0.16 from expo-router peerDependencies
3640 silly prepareForInstallMany adding react-server-dom-webpack@~19.0.4 || ~19.1.5 || ~19.2.4 from expo-router peerDependencies
3641 silly prepareForInstallMany adding @testing-library/react-native@>= 13.2.0 from expo-router peerDependencies
3642 warn peerDependencies The peer dependency @expo/metro-runtime@^57.0.16 included from expo-router will no
3643 warn peerDependencies longer be automatically installed to fulfill the peerDependency
3644 warn peerDependencies in npm 3+. Your application will need to depend on it explicitly.
3645 warn peerDependencies The peer dependency react-server-dom-webpack@~19.0.4 || ~19.1.5 || ~19.2.4 included from expo-router will no
3646 warn peerDependencies longer be automatically installed to fulfill the peerDependency
3647 warn peerDependencies in npm 3+. Your application will need to depend on it explicitly.
3648 warn peerDependencies The peer dependency @testing-library/react-native@>= 13.2.0 included from expo-router will no
3649 warn peerDependencies longer be automatically installed to fulfill the peerDependency
3650 warn peerDependencies in npm 3+. Your application will need to depend on it explicitly.
3651 verbose readDependencies loading dependencies from /Users/hanna/Documents/PUMA/puma/node_modules/expo-router/package.json
3652 silly cache add args [ 'query-string@^7.1.3', null ]
3653 verbose cache add spec query-string@^7.1.3
3654 silly cache add parsed spec Result {
3654 silly cache add   raw: 'query-string@^7.1.3',
3654 silly cache add   scope: null,
3654 silly cache add   name: 'query-string',
3654 silly cache add   rawSpec: '^7.1.3',
3654 silly cache add   spec: '>=7.1.3 <8.0.0',
3654 silly cache add   type: 'range'
3654 silly cache add }
3655 silly addNamed query-string@>=7.1.3 <8.0.0
3656 verbose addNamed ">=7.1.3 <8.0.0" is a valid semver range for query-string
3657 silly addNameRange { name: 'query-string', range: '>=7.1.3 <8.0.0', hasData: false }
3658 silly mapToRegistry name query-string
3659 silly mapToRegistry using default registry
3660 silly mapToRegistry registry https://registry.npmjs.org/
3661 silly mapToRegistry data Result {
3661 silly mapToRegistry   raw: 'query-string',
3661 silly mapToRegistry   scope: null,
3661 silly mapToRegistry   name: 'query-string',
3661 silly mapToRegistry   rawSpec: '',
3661 silly mapToRegistry   spec: 'latest',
3661 silly mapToRegistry   type: 'tag'
3661 silly mapToRegistry }
3662 silly mapToRegistry uri https://registry.npmjs.org/query-string
3663 verbose addNameRange registry:https://registry.npmjs.org/query-string not in flight; fetching
3664 silly cache add args [ '@expo/schema-utils@^57.0.2', null ]
3665 verbose cache add spec @expo/schema-utils@^57.0.2
3666 silly cache add parsed spec Result {
3666 silly cache add   raw: '@expo/schema-utils@^57.0.2',
3666 silly cache add   scope: '@expo',
3666 silly cache add   name: '@expo/schema-utils',
3666 silly cache add   rawSpec: '^57.0.2',
3666 silly cache add   spec: '>=57.0.2 <58.0.0',
3666 silly cache add   type: 'range'
3666 silly cache add }
3667 silly addNamed @expo/schema-utils@>=57.0.2 <58.0.0
3668 verbose addNamed ">=57.0.2 <58.0.0" is a valid semver range for @expo/schema-utils
3669 silly addNameRange {
3669 silly addNameRange   name: '@expo/schema-utils',
3669 silly addNameRange   range: '>=57.0.2 <58.0.0',
3669 silly addNameRange   hasData: false
3669 silly addNameRange }
3670 silly mapToRegistry name @expo/schema-utils
3671 silly mapToRegistry scope (from package name) @expo
3672 verbose mapToRegistry no registry URL found in name for scope @expo
3673 silly mapToRegistry using default registry
3674 silly mapToRegistry registry https://registry.npmjs.org/
3675 silly mapToRegistry data Result {
3675 silly mapToRegistry   raw: '@expo/schema-utils',
3675 silly mapToRegistry   scope: '@expo',
3675 silly mapToRegistry   name: '@expo/schema-utils',
3675 silly mapToRegistry   rawSpec: '',
3675 silly mapToRegistry   spec: 'latest',
3675 silly mapToRegistry   type: 'tag'
3675 silly mapToRegistry }
3676 silly mapToRegistry uri https://registry.npmjs.org/@expo%2fschema-utils
3677 verbose addNameRange registry:https://registry.npmjs.org/@expo%2fschema-utils not in flight; fetching
3678 silly cache add args [ '@expo/metro-runtime@^57.0.16', null ]
3679 verbose cache add spec @expo/metro-runtime@^57.0.16
3680 silly cache add parsed spec Result {
3680 silly cache add   raw: '@expo/metro-runtime@^57.0.16',
3680 silly cache add   scope: '@expo',
3680 silly cache add   name: '@expo/metro-runtime',
3680 silly cache add   rawSpec: '^57.0.16',
3680 silly cache add   spec: '>=57.0.16 <58.0.0',
3680 silly cache add   type: 'range'
3680 silly cache add }
3681 silly addNamed @expo/metro-runtime@>=57.0.16 <58.0.0
3682 verbose addNamed ">=57.0.16 <58.0.0" is a valid semver range for @expo/metro-runtime
3683 silly addNameRange {
3683 silly addNameRange   name: '@expo/metro-runtime',
3683 silly addNameRange   range: '>=57.0.16 <58.0.0',
3683 silly addNameRange   hasData: false
3683 silly addNameRange }
3684 silly mapToRegistry name @expo/metro-runtime
3685 silly mapToRegistry scope (from package name) @expo
3686 verbose mapToRegistry no registry URL found in name for scope @expo
3687 silly mapToRegistry using default registry
3688 silly mapToRegistry registry https://registry.npmjs.org/
3689 silly mapToRegistry data Result {
3689 silly mapToRegistry   raw: '@expo/metro-runtime',
3689 silly mapToRegistry   scope: '@expo',
3689 silly mapToRegistry   name: '@expo/metro-runtime',
3689 silly mapToRegistry   rawSpec: '',
3689 silly mapToRegistry   spec: 'latest',
3689 silly mapToRegistry   type: 'tag'
3689 silly mapToRegistry }
3690 silly mapToRegistry uri https://registry.npmjs.org/@expo%2fmetro-runtime
3691 verbose addNameRange registry:https://registry.npmjs.org/@expo%2fmetro-runtime not in flight; fetching
3692 silly cache add args [ 'standard-navigation@^0.0.5', null ]
3693 verbose cache add spec standard-navigation@^0.0.5
3694 silly cache add parsed spec Result {
3694 silly cache add   raw: 'standard-navigation@^0.0.5',
3694 silly cache add   scope: null,
3694 silly cache add   name: 'standard-navigation',
3694 silly cache add   rawSpec: '^0.0.5',
3694 silly cache add   spec: '>=0.0.5 <0.0.6',
3694 silly cache add   type: 'range'
3694 silly cache add }
3695 silly addNamed standard-navigation@>=0.0.5 <0.0.6
3696 verbose addNamed ">=0.0.5 <0.0.6" is a valid semver range for standard-navigation
3697 silly addNameRange {
3697 silly addNameRange   name: 'standard-navigation',
3697 silly addNameRange   range: '>=0.0.5 <0.0.6',
3697 silly addNameRange   hasData: false
3697 silly addNameRange }
3698 silly mapToRegistry name standard-navigation
3699 silly mapToRegistry using default registry
3700 silly mapToRegistry registry https://registry.npmjs.org/
3701 silly mapToRegistry data Result {
3701 silly mapToRegistry   raw: 'standard-navigation',
3701 silly mapToRegistry   scope: null,
3701 silly mapToRegistry   name: 'standard-navigation',
3701 silly mapToRegistry   rawSpec: '',
3701 silly mapToRegistry   spec: 'latest',
3701 silly mapToRegistry   type: 'tag'
3701 silly mapToRegistry }
3702 silly mapToRegistry uri https://registry.npmjs.org/standard-navigation
3703 verbose addNameRange registry:https://registry.npmjs.org/standard-navigation not in flight; fetching
3704 verbose request uri https://registry.npmjs.org/query-string
3705 verbose request no auth needed
3706 info attempt registry request try #1 at 12:33:42 PM
3707 verbose etag W/"1af956ae0c93e214f077fde84a18652f"
3708 verbose lastModified Thu, 18 Sep 2025 15:13:44 GMT
3709 http request GET https://registry.npmjs.org/query-string
3710 silly cache add args [ '@radix-ui/react-tabs@^1.1.12', null ]
3711 verbose cache add spec @radix-ui/react-tabs@^1.1.12
3712 silly cache add parsed spec Result {
3712 silly cache add   raw: '@radix-ui/react-tabs@^1.1.12',
3712 silly cache add   scope: '@radix-ui',
3712 silly cache add   name: '@radix-ui/react-tabs',
3712 silly cache add   rawSpec: '^1.1.12',
3712 silly cache add   spec: '>=1.1.12 <2.0.0',
3712 silly cache add   type: 'range'
3712 silly cache add }
3713 silly addNamed @radix-ui/react-tabs@>=1.1.12 <2.0.0
3714 verbose addNamed ">=1.1.12 <2.0.0" is a valid semver range for @radix-ui/react-tabs
3715 silly addNameRange {
3715 silly addNameRange   name: '@radix-ui/react-tabs',
3715 silly addNameRange   range: '>=1.1.12 <2.0.0',
3715 silly addNameRange   hasData: false
3715 silly addNameRange }
3716 silly mapToRegistry name @radix-ui/react-tabs
3717 silly mapToRegistry scope (from package name) @radix-ui
3718 verbose mapToRegistry no registry URL found in name for scope @radix-ui
3719 silly mapToRegistry using default registry
3720 silly mapToRegistry registry https://registry.npmjs.org/
3721 silly mapToRegistry data Result {
3721 silly mapToRegistry   raw: '@radix-ui/react-tabs',
3721 silly mapToRegistry   scope: '@radix-ui',
3721 silly mapToRegistry   name: '@radix-ui/react-tabs',
3721 silly mapToRegistry   rawSpec: '',
3721 silly mapToRegistry   spec: 'latest',
3721 silly mapToRegistry   type: 'tag'
3721 silly mapToRegistry }
3722 silly mapToRegistry uri https://registry.npmjs.org/@radix-ui%2freact-tabs
3723 verbose addNameRange registry:https://registry.npmjs.org/@radix-ui%2freact-tabs not in flight; fetching
3724 silly cache add args [ 'react-native-drawer-layout@^4.2.2', null ]
3725 verbose cache add spec react-native-drawer-layout@^4.2.2
3726 silly cache add parsed spec Result {
3726 silly cache add   raw: 'react-native-drawer-layout@^4.2.2',
3726 silly cache add   scope: null,
3726 silly cache add   name: 'react-native-drawer-layout',
3726 silly cache add   rawSpec: '^4.2.2',
3726 silly cache add   spec: '>=4.2.2 <5.0.0',
3726 silly cache add   type: 'range'
3726 silly cache add }
3727 silly addNamed react-native-drawer-layout@>=4.2.2 <5.0.0
3728 verbose addNamed ">=4.2.2 <5.0.0" is a valid semver range for react-native-drawer-layout
3729 silly addNameRange {
3729 silly addNameRange   name: 'react-native-drawer-layout',
3729 silly addNameRange   range: '>=4.2.2 <5.0.0',
3729 silly addNameRange   hasData: false
3729 silly addNameRange }
3730 silly mapToRegistry name react-native-drawer-layout
3731 silly mapToRegistry using default registry
3732 silly mapToRegistry registry https://registry.npmjs.org/
3733 silly mapToRegistry data Result {
3733 silly mapToRegistry   raw: 'react-native-drawer-layout',
3733 silly mapToRegistry   scope: null,
3733 silly mapToRegistry   name: 'react-native-drawer-layout',
3733 silly mapToRegistry   rawSpec: '',
3733 silly mapToRegistry   spec: 'latest',
3733 silly mapToRegistry   type: 'tag'
3733 silly mapToRegistry }
3734 silly mapToRegistry uri https://registry.npmjs.org/react-native-drawer-layout
3735 verbose addNameRange registry:https://registry.npmjs.org/react-native-drawer-layout not in flight; fetching
3736 verbose request uri https://registry.npmjs.org/standard-navigation
3737 verbose request no auth needed
3738 info attempt registry request try #1 at 12:33:42 PM
3739 http request GET https://registry.npmjs.org/standard-navigation
3740 silly cache add args [ '@react-native-masked-view/masked-view@^0.3.2', null ]
3741 verbose cache add spec @react-native-masked-view/masked-view@^0.3.2
3742 silly cache add parsed spec Result {
3742 silly cache add   raw: '@react-native-masked-view/masked-view@^0.3.2',
3742 silly cache add   scope: '@react-native-masked-view',
3742 silly cache add   name: '@react-native-masked-view/masked-view',
3742 silly cache add   rawSpec: '^0.3.2',
3742 silly cache add   spec: '>=0.3.2 <0.4.0',
3742 silly cache add   type: 'range'
3742 silly cache add }
3743 silly addNamed @react-native-masked-view/masked-view@>=0.3.2 <0.4.0
3744 verbose addNamed ">=0.3.2 <0.4.0" is a valid semver range for @react-native-masked-view/masked-view
3745 silly addNameRange {
3745 silly addNameRange   name: '@react-native-masked-view/masked-view',
3745 silly addNameRange   range: '>=0.3.2 <0.4.0',
3745 silly addNameRange   hasData: false
3745 silly addNameRange }
3746 silly mapToRegistry name @react-native-masked-view/masked-view
3747 silly mapToRegistry scope (from package name) @react-native-masked-view
3748 verbose mapToRegistry no registry URL found in name for scope @react-native-masked-view
3749 silly mapToRegistry using default registry
3750 silly mapToRegistry registry https://registry.npmjs.org/
3751 silly mapToRegistry data Result {
3751 silly mapToRegistry   raw: '@react-native-masked-view/masked-view',
3751 silly mapToRegistry   scope: '@react-native-masked-view',
3751 silly mapToRegistry   name: '@react-native-masked-view/masked-view',
3751 silly mapToRegistry   rawSpec: '',
3751 silly mapToRegistry   spec: 'latest',
3751 silly mapToRegistry   type: 'tag'
3751 silly mapToRegistry }
3752 silly mapToRegistry uri https://registry.npmjs.org/@react-native-masked-view%2fmasked-view
3753 verbose addNameRange registry:https://registry.npmjs.org/@react-native-masked-view%2fmasked-view not in flight; fetching
3754 verbose request uri https://registry.npmjs.org/@expo%2fmetro-runtime
3755 verbose request no auth needed
3756 info attempt registry request try #1 at 12:33:42 PM
3757 verbose etag W/"6296837d5c6e674e07abc1d46b951c18"
3758 verbose lastModified Tue, 14 Apr 2026 11:49:43 GMT
3759 http request GET https://registry.npmjs.org/@expo%2fmetro-runtime
3760 verbose request uri https://registry.npmjs.org/@expo%2fschema-utils
3761 verbose request no auth needed
3762 info attempt registry request try #1 at 12:33:42 PM
3763 verbose etag W/"8f8e46898553bd5ea0edf7c695e20e1c"
3764 verbose lastModified Fri, 01 May 2026 16:30:40 GMT
3765 http request GET https://registry.npmjs.org/@expo%2fschema-utils
3766 verbose request uri https://registry.npmjs.org/react-native-drawer-layout
3767 verbose request no auth needed
3768 info attempt registry request try #1 at 12:33:42 PM
3769 verbose etag W/"ab87fb86c550f5e6c35dbef6db10ddfa"
3770 verbose lastModified Mon, 13 Apr 2026 21:56:35 GMT
3771 http request GET https://registry.npmjs.org/react-native-drawer-layout
3772 verbose request uri https://registry.npmjs.org/@react-native-masked-view%2fmasked-view
3773 verbose request no auth needed
3774 info attempt registry request try #1 at 12:33:42 PM
3775 verbose etag W/"895bafca6538d2625f52f3ebdaf4cfd0"
3776 verbose lastModified Tue, 09 Sep 2025 06:12:34 GMT
3777 http request GET https://registry.npmjs.org/@react-native-masked-view%2fmasked-view
3778 verbose request uri https://registry.npmjs.org/@radix-ui%2freact-tabs
3779 verbose request no auth needed
3780 info attempt registry request try #1 at 12:33:42 PM
3781 verbose etag W/"6bc36c8cbbebf0986d5b829f5edbc391"
3782 verbose lastModified Wed, 24 Dec 2025 01:26:03 GMT
3783 http request GET https://registry.npmjs.org/@radix-ui%2freact-tabs
3784 http 200 https://registry.npmjs.org/query-string
3785 verbose headers {
3785 verbose headers   date: 'Tue, 29 Sep 2026 10:33:42 GMT',
3785 verbose headers   'content-type': 'application/json',
3785 verbose headers   'transfer-encoding': 'chunked',
3785 verbose headers   connection: 'keep-alive',
3785 verbose headers   'set-cookie': [
3785 verbose headers     '__cf_bm=CCUeh00i3a.1xPgpAeFpuOjlwiTs9KoJcd4tY0a8WeQ-1790678022.1288555-1.0.1.1-1iObYOpZwF4tiT8wp5kyW4By6pXzSMB7m2RWRyAxX4cafpWNOYM45HXU8tXXoSj9dy_N5CzncAzVuKIPvQA1umnu12HlgS7ewGSke5eh.UdLyVBjQt32t2ARt8FUzmAO; HttpOnly; SameSite=None; Secure; Path=/; Domain=npmjs.org; Expires=Tue, 29 Sep 2026 11:03:42 GMT',
3785 verbose headers     '_cfuvid=k3g8hsuVO3lEklve2Q7FYlf7MmOnPsrcx_9LlmVMJLU-1790678022.1288555-1.0.1.1-JA65ni5hwO.VrN4jSEO6oajgAeUMANPwMEkQa0l145Y; HttpOnly; SameSite=None; Secure; Path=/; Domain=npmjs.org'
3785 verbose headers   ],
3785 verbose headers   'cf-ray': 'a42a54c64ac7b000-ARN',
3785 verbose headers   'cf-cache-status': 'HIT',
3785 verbose headers   etag: 'W/"457a456399751a6706e045d35d6d686f"',
3785 verbose headers   'access-control-allow-origin': '*',
3785 verbose headers   age: '121',
3785 verbose headers   'cache-control': 'public, max-age=300',
3785 verbose headers   'last-modified': 'Tue, 01 Sep 2026 11:14:08 GMT',
3785 verbose headers   server: 'cloudflare',
3785 verbose headers   vary: 'accept-encoding, accept',
3785 verbose headers   'content-encoding': 'gzip'
3785 verbose headers }
3786 silly get cb [
3786 silly get   200,
3786 silly get   {
3786 silly get     date: 'Tue, 29 Sep 2026 10:33:42 GMT',
3786 silly get     'content-type': 'application/json',
3786 silly get     'transfer-encoding': 'chunked',
3786 silly get     connection: 'keep-alive',
3786 silly get     'set-cookie': [
3786 silly get       '__cf_bm=CCUeh00i3a.1xPgpAeFpuOjlwiTs9KoJcd4tY0a8WeQ-1790678022.1288555-1.0.1.1-1iObYOpZwF4tiT8wp5kyW4By6pXzSMB7m2RWRyAxX4cafpWNOYM45HXU8tXXoSj9dy_N5CzncAzVuKIPvQA1umnu12HlgS7ewGSke5eh.UdLyVBjQt32t2ARt8FUzmAO; HttpOnly; SameSite=None; Secure; Path=/; Domain=npmjs.org; Expires=Tue, 29 Sep 2026 11:03:42 GMT',
3786 silly get       '_cfuvid=k3g8hsuVO3lEklve2Q7FYlf7MmOnPsrcx_9LlmVMJLU-1790678022.1288555-1.0.1.1-JA65ni5hwO.VrN4jSEO6oajgAeUMANPwMEkQa0l145Y; HttpOnly; SameSite=None; Secure; Path=/; Domain=npmjs.org'
3786 silly get     ],
3786 silly get     'cf-ray': 'a42a54c64ac7b000-ARN',
3786 silly get     'cf-cache-status': 'HIT',
3786 silly get     etag: 'W/"457a456399751a6706e045d35d6d686f"',
3786 silly get     'access-control-allow-origin': '*',
3786 silly get     age: '121',
3786 silly get     'cache-control': 'public, max-age=300',
3786 silly get     'last-modified': 'Tue, 01 Sep 2026 11:14:08 GMT',
3786 silly get     server: 'cloudflare',
3786 silly get     vary: 'accept-encoding, accept',
3786 silly get     'content-encoding': 'gzip'
3786 silly get   }
3786 silly get ]
3787 verbose get saving query-string to /Users/hanna/.npm/registry.npmjs.org/query-string/.cache.json
3788 verbose correctMkdir /Users/hanna/.npm correctMkdir not in flight; initializing
3789 silly addNameRange number 2 { name: 'query-string', range: '>=7.1.3 <8.0.0', hasData: true }
3790 silly addNameRange versions [
3790 silly addNameRange   'query-string',
3790 silly addNameRange   [
3790 silly addNameRange     '0.1.0',  '0.1.1',  '0.2.0',  '0.3.0',  '0.3.1',  '0.4.0',
3790 silly addNameRange     '0.4.1',  '1.0.0',  '1.0.1',  '2.0.0',  '2.1.0',  '2.2.0',
3790 silly addNameRange     '2.3.0',  '2.4.0',  '2.4.1',  '2.4.2',  '3.0.0',  '3.0.1',
3790 silly addNameRange     '3.0.2',  '3.0.3',  '4.0.0',  '4.0.2',  '4.1.0',  '4.2.0',
3790 silly addNameRange     '4.2.1',  '4.2.2',  '4.2.3',  '4.3.0',  '4.3.1',  '4.3.2',
3790 silly addNameRange     '4.3.3',  '4.3.4',  '5.0.0',  '5.0.1',  '5.1.0',  '5.1.1',
3790 silly addNameRange     '6.0.0',  '6.1.0',  '6.2.0',  '6.3.0',  '6.4.0',  '6.4.2',
3790 silly addNameRange     '6.5.0',  '6.6.0',  '6.7.0',  '6.8.0',  '6.8.1',  '6.8.2',
3790 silly addNameRange     '6.8.3',  '6.9.0',  '6.10.0', '6.10.1', '6.11.0', '6.11.1',
3790 silly addNameRange     '6.12.0', '6.12.1', '6.13.0', '6.13.1', '6.13.2', '6.13.3',
3790 silly addNameRange     '6.13.4', '6.13.5', '6.13.6', '6.13.7', '6.13.8', '6.14.0',
3790 silly addNameRange     '6.14.1', '7.0.0',  '7.0.1',  '7.1.0',  '7.1.1',  '7.1.2',
3790 silly addNameRange     '7.1.3',  '8.0.0',  '8.0.1',  '8.0.2',  '8.0.3',  '8.1.0',
3790 silly addNameRange     '8.2.0',  '9.0.0',  '9.1.0',  '9.1.1',  '9.1.2',  '9.2.0',
3790 silly addNameRange     '9.2.1',  '9.2.2',  '9.3.0',  '9.3.1',  '9.4.0',  '9.4.1',
3790 silly addNameRange     '9.5.0',  '9.5.1'
3790 silly addNameRange   ]
3790 silly addNameRange ]
3791 silly addNamed query-string@7.1.3
3792 verbose addNamed "7.1.3" is a plain semver version for query-string
3793 silly cache afterAdd query-string@7.1.3
3794 verbose afterAdd /Users/hanna/.npm/query-string/7.1.3/package/package.json not in flight; writing
3795 verbose correctMkdir /Users/hanna/.npm correctMkdir not in flight; initializing
3796 verbose afterAdd /Users/hanna/.npm/query-string/7.1.3/package/package.json written
3797 http 200 https://registry.npmjs.org/@expo%2fschema-utils
3798 verbose headers {
3798 verbose headers   date: 'Tue, 29 Sep 2026 10:33:42 GMT',
3798 verbose headers   'content-type': 'application/json',
3798 verbose headers   'transfer-encoding': 'chunked',
3798 verbose headers   connection: 'keep-alive',
3798 verbose headers   'set-cookie': [
3798 verbose headers     '__cf_bm=ZcUxg_7dHznllroLjhkTAmzimKd15v5jqJwBc36gh3c-1790678022.2595665-1.0.1.1-eM1eL9MQjuPfoZxQ0J73I_NzqwZMMUVNh.F84_U0.MDoVm6eWr7tg0B64drhigYbuVohz10TgJ3kGSBiKNAz0lirtQa4lKGUyXlgOaqh8NvFi_hwP8T4n0jZTVht5Kxj; HttpOnly; SameSite=None; Secure; Path=/; Domain=npmjs.org; Expires=Tue, 29 Sep 2026 11:03:42 GMT',
3798 verbose headers     '_cfuvid=phAz7snPiynT.TEX7A1lJbIMw.Xm.ZTFODdzP_MJEpk-1790678022.2595665-1.0.1.1-Odu6ngRwAmJiL1ILiG.RUCIbD2CkKsdyAnZK7vOD0As; HttpOnly; SameSite=None; Secure; Path=/; Domain=npmjs.org'
3798 verbose headers   ],
3798 verbose headers   'cf-ray': 'a42a54c719c845dd-ARN',
3798 verbose headers   'cf-cache-status': 'HIT',
3798 verbose headers   etag: 'W/"f8096d6667bae8625bfbf3e042163010"',
3798 verbose headers   'access-control-allow-origin': '*',
3798 verbose headers   age: '236',
3798 verbose headers   'cache-control': 'public, max-age=300',
3798 verbose headers   'last-modified': 'Wed, 23 Sep 2026 11:26:47 GMT',
3798 verbose headers   server: 'cloudflare',
3798 verbose headers   vary: 'accept-encoding, accept',
3798 verbose headers   'content-encoding': 'gzip'
3798 verbose headers }
3799 silly get cb [
3799 silly get   200,
3799 silly get   {
3799 silly get     date: 'Tue, 29 Sep 2026 10:33:42 GMT',
3799 silly get     'content-type': 'application/json',
3799 silly get     'transfer-encoding': 'chunked',
3799 silly get     connection: 'keep-alive',
3799 silly get     'set-cookie': [
3799 silly get       '__cf_bm=ZcUxg_7dHznllroLjhkTAmzimKd15v5jqJwBc36gh3c-1790678022.2595665-1.0.1.1-eM1eL9MQjuPfoZxQ0J73I_NzqwZMMUVNh.F84_U0.MDoVm6eWr7tg0B64drhigYbuVohz10TgJ3kGSBiKNAz0lirtQa4lKGUyXlgOaqh8NvFi_hwP8T4n0jZTVht5Kxj; HttpOnly; SameSite=None; Secure; Path=/; Domain=npmjs.org; Expires=Tue, 29 Sep 2026 11:03:42 GMT',
3799 silly get       '_cfuvid=phAz7snPiynT.TEX7A1lJbIMw.Xm.ZTFODdzP_MJEpk-1790678022.2595665-1.0.1.1-Odu6ngRwAmJiL1ILiG.RUCIbD2CkKsdyAnZK7vOD0As; HttpOnly; SameSite=None; Secure; Path=/; Domain=npmjs.org'
3799 silly get     ],
3799 silly get     'cf-ray': 'a42a54c719c845dd-ARN',
3799 silly get     'cf-cache-status': 'HIT',
3799 silly get     etag: 'W/"f8096d6667bae8625bfbf3e042163010"',
3799 silly get     'access-control-allow-origin': '*',
3799 silly get     age: '236',
3799 silly get     'cache-control': 'public, max-age=300',
3799 silly get     'last-modified': 'Wed, 23 Sep 2026 11:26:47 GMT',
3799 silly get     server: 'cloudflare',
3799 silly get     vary: 'accept-encoding, accept',
3799 silly get     'content-encoding': 'gzip'
3799 silly get   }
3799 silly get ]
3800 verbose get saving @expo/schema-utils to /Users/hanna/.npm/registry.npmjs.org/_40expo_252fschema-utils/.cache.json
3801 verbose correctMkdir /Users/hanna/.npm correctMkdir not in flight; initializing
3802 http 304 https://registry.npmjs.org/@react-native-masked-view%2fmasked-view
3803 verbose headers {
3803 verbose headers   date: 'Tue, 29 Sep 2026 10:33:42 GMT',
3803 verbose headers   connection: 'keep-alive',
3803 verbose headers   'set-cookie': [
3803 verbose headers     '__cf_bm=eENnWpAM9lA8WBW.E8Roj8mgJh1mNEShXIkIT7KXGCw-1790678022.2942717-1.0.1.1-4ocNJ9wPbzF5y8PWfUhhmfA9zhqud4WpzVJfaB3Vk1Rhs5Eu4TWBk4vP9GAbOc758OGzZvDgcJ4IZd6LIH8Fh_fn8eFejGmMwVua8ABLHxxmqCVB.upZ727gkgqQBpBR; HttpOnly; SameSite=None; Secure; Path=/; Domain=npmjs.org; Expires=Tue, 29 Sep 2026 11:03:42 GMT',
3803 verbose headers     '_cfuvid=0CIxX.eL28mrfziQojLjxlBlVyn_yecKSvBkVEEDI9s-1790678022.2942717-1.0.1.1-gLE2.cMKq5XnhdQprWnmT_6k2ZN5LzbExs0gzBGc5NI; HttpOnly; SameSite=None; Secure; Path=/; Domain=npmjs.org'
3803 verbose headers   ],
3803 verbose headers   'cf-ray': 'a42a54c75aa95318-ARN',
3803 verbose headers   'cf-cache-status': 'HIT',
3803 verbose headers   'access-control-allow-origin': '*',
3803 verbose headers   age: '112',
3803 verbose headers   'cache-control': 'public, max-age=300',
3803 verbose headers   etag: '"895bafca6538d2625f52f3ebdaf4cfd0"',
3803 verbose headers   'last-modified': 'Tue, 09 Sep 2025 06:12:34 GMT',
3803 verbose headers   server: 'cloudflare'
3803 verbose headers }
3804 silly get cb [
3804 silly get   304,
3804 silly get   {
3804 silly get     date: 'Tue, 29 Sep 2026 10:33:42 GMT',
3804 silly get     connection: 'keep-alive',
3804 silly get     'set-cookie': [
3804 silly get       '__cf_bm=eENnWpAM9lA8WBW.E8Roj8mgJh1mNEShXIkIT7KXGCw-1790678022.2942717-1.0.1.1-4ocNJ9wPbzF5y8PWfUhhmfA9zhqud4WpzVJfaB3Vk1Rhs5Eu4TWBk4vP9GAbOc758OGzZvDgcJ4IZd6LIH8Fh_fn8eFejGmMwVua8ABLHxxmqCVB.upZ727gkgqQBpBR; HttpOnly; SameSite=None; Secure; Path=/; Domain=npmjs.org; Expires=Tue, 29 Sep 2026 11:03:42 GMT',
3804 silly get       '_cfuvid=0CIxX.eL28mrfziQojLjxlBlVyn_yecKSvBkVEEDI9s-1790678022.2942717-1.0.1.1-gLE2.cMKq5XnhdQprWnmT_6k2ZN5LzbExs0gzBGc5NI; HttpOnly; SameSite=None; Secure; Path=/; Domain=npmjs.org'
3804 silly get     ],
3804 silly get     'cf-ray': 'a42a54c75aa95318-ARN',
3804 silly get     'cf-cache-status': 'HIT',
3804 silly get     'access-control-allow-origin': '*',
3804 silly get     age: '112',
3804 silly get     'cache-control': 'public, max-age=300',
3804 silly get     etag: '"895bafca6538d2625f52f3ebdaf4cfd0"',
3804 silly get     'last-modified': 'Tue, 09 Sep 2025 06:12:34 GMT',
3804 silly get     server: 'cloudflare'
3804 silly get   }
3804 silly get ]
3805 verbose etag https://registry.npmjs.org/@react-native-masked-view%2fmasked-view from cache
3806 verbose get saving @react-native-masked-view/masked-view to /Users/hanna/.npm/registry.npmjs.org/_40react-native-masked-view_252fmasked-view/.cache.json
3807 verbose correctMkdir /Users/hanna/.npm correctMkdir not in flight; initializing
3808 silly addNameRange number 2 {
3808 silly addNameRange   name: '@expo/schema-utils',
3808 silly addNameRange   range: '>=57.0.2 <58.0.0',
3808 silly addNameRange   hasData: true
3808 silly addNameRange }
3809 silly addNameRange versions [
3809 silly addNameRange   '@expo/schema-utils',
3809 silly addNameRange   [
3809 silly addNameRange     '0.1.0',
3809 silly addNameRange     '0.1.1',
3809 silly addNameRange     '0.1.2',
3809 silly addNameRange     '0.1.3',
3809 silly addNameRange     '0.1.4-canary-20250826-f475166',
3809 silly addNameRange     '0.1.4',
3809 silly addNameRange     '0.1.5-canary-20250830-81bb199',
3809 silly addNameRange     '0.1.5',
3809 silly addNameRange     '0.1.6',
3809 silly addNameRange     '0.1.7',
3809 silly addNameRange     '0.1.8-canary-20250912-b5ce2a8',
3809 silly addNameRange     '0.1.8-canary-20250919-7a31b96',
3809 silly addNameRange     '0.1.8-canary-20250930-9dc59d3',
3809 silly addNameRange     '0.1.8-canary-20251003-7b9d7ff',
3809 silly addNameRange     '0.1.8-canary-20251008-6acbc1c',
3809 silly addNameRange     '0.1.8-canary-20251008-f2d1b4a',
3809 silly addNameRange     '0.1.8-canary-20251009-9919e08',
3809 silly addNameRange     '0.1.8-canary-20251013-623c5a6',
3809 silly addNameRange     '0.1.8-canary-20251015-a6a1272',
3809 silly addNameRange     '0.1.8-canary-20251023-4c86f95',
3809 silly addNameRange     '0.1.8-canary-20251031-b135dff',
3809 silly addNameRange     '0.1.8-canary-20251118-8f7ee64',
3809 silly addNameRange     '0.1.8-canary-20251119-961a032',
3809 silly addNameRange     '0.1.8-canary-20251120-e46b3cc',
3809 silly addNameRange     '0.1.8-canary-20251127-587bc53',
3809 silly addNameRange     '0.1.8',
3809 silly addNameRange     '0.1.9-canary-20251205-756eb7a',
3809 silly addNameRange     '0.1.9-canary-20251205-a1dedc6',
3809 silly addNameRange     '0.1.9-canary-20251206-615dec1',
3809 silly addNameRange     '0.1.9-canary-20251210-1f163e3',
3809 silly addNameRange     '0.1.9-canary-20251211-7da85ea',
3809 silly addNameRange     '0.1.9-canary-20251212-acb11f2',
3809 silly addNameRange     '0.1.9-canary-20251216-6e1f9a7',
3809 silly addNameRange     '0.1.9-canary-20251216-3f01dbf',
3809 silly addNameRange     '0.1.9-canary-20251223-b83b31e',
3809 silly addNameRange     '0.1.9-canary-20251230-fc48ddc',
3809 silly addNameRange     '0.1.9-canary-20260105-6b962e6',
3809 silly addNameRange     '0.1.9-canary-20260114-d8e19f5',
3809 silly addNameRange     '0.1.9-canary-20260119-70f7c28',
3809 silly addNameRange     '0.1.9-canary-20260119-17896bf',
3809 silly addNameRange     '0.1.9-canary-20260120-bb71700',
3809 silly addNameRange     '0.1.9-canary-20260121-a63c0dd',
3809 silly addNameRange     '55.0.0',
3809 silly addNameRange     '55.0.1',
3809 silly addNameRange     '55.0.2',
3809 silly addNameRange     '55.0.3-canary-20260128-67ce8d5',
3809 silly addNameRange     '56.0.0-canary-20260212-4f61309',
3809 silly addNameRange     '55.0.0-canary-20260223-05214f1',
3809 silly addNameRange     '56.0.0-canary-20260305-5163746',
3809 silly addNameRange     '55.0.3-canary-20260327-0789fbc',
3809 silly addNameRange     '55.0.3-canary-20260328-2049187',
3809 silly addNameRange     '55.0.3-canary-20260328-bdc6273',
3809 silly addNameRange     '55.0.3-canary-20260401-5e87ef7',
3809 silly addNameRange     '56.0.0-canary-20260402-87c5ce2',
3809 silly addNameRange     '55.0.3-canary-20260402-9da566b',
3809 silly addNameRange     '55.0.3',
3809 silly addNameRange     '56.0.0-canary-20260409-6fc2991',
3809 silly addNameRange     '56.0.0-canary-20260414-e3dbafd',
3809 silly addNameRange     '56.0.0-canary-20260417-141204f',
3809 silly addNameRange     '56.0.0-canary-20260420-2ac87c0',
3809 silly addNameRange     '56.0.0-canary-20260423-c31bd8e',
3809 silly addNameRange     '55.0.3-canary-20260424-7bedc9d',
3809 silly addNameRange     '55.0.3-canary-20260429-a5e59cf',
3809 silly addNameRange     '56.0.0-canary-20260501-870dcba',
3809 silly addNameRange     '56.0.0-canary-20260501-15d3529',
3809 silly addNameRange     '55.0.4',
3809 silly addNameRange     '56.0.0-canary-20260505-84af74c',
3809 silly addNameRange     '56.0.0',
3809 silly addNameRange     '56.0.0-canary-20260506-964f25d',
3809 silly addNameRange     '56.0.0-canary-20260506-326540f',
3809 silly addNameRange     '56.0.0-canary-20260506-1b0052a',
3809 silly addNameRange     '56.0.1',
3809 silly addNameRange     '56.0.0-canary-20260506-03817f5',
3809 silly addNameRange     '57.0.0-canary-20260526-13e89ca',
3809 silly addNameRange     '56.0.2-canary-20260526-6cd5e37',
3809 silly addNameRange     '56.0.2-canary-20260606-4d4666c',
3809 silly addNameRange     '56.0.2-canary-20260624-9d83b81',
3809 silly addNameRange     '57.0.0',
3809 silly addNameRange     '57.0.0-canary-20260629-3010085',
3809 silly addNameRange     '56.0.2-canary-20260701-9100865',
3809 silly addNameRange     '57.0.1',
3809 silly addNameRange     '56.0.2',
3809 silly addNameRange     '57.0.2',
3809 silly addNameRange     '55.0.5',
3809 silly addNameRange     '0.1.9',
3809 silly addNameRange     '57.0.0-canary-20260716-381e806',
3809 silly addNameRange     '57.0.0-canary-20260718-7cbcda5',
3809 silly addNameRange     '57.0.0-canary-20260720-b6d63bc',
3809 silly addNameRange     '57.0.0-canary-20260723-64edab9',
3809 silly addNameRange     '58.0.0-canary-20260806-8c2d007',
3809 silly addNameRange     '58.0.0-canary-20260812-27f94d4',
3809 silly addNameRange     '58.0.0-canary-20260902-26df09e',
3809 silly addNameRange     '58.0.0-canary-20260909-ea7a89a',
3809 silly addNameRange     '58.0.0'
3809 silly addNameRange   ]
3809 silly addNameRange ]
3810 silly addNamed @expo/schema-utils@57.0.2
3811 verbose addNamed "57.0.2" is a plain semver version for @expo/schema-utils
3812 silly addNameRange number 2 {
3812 silly addNameRange   name: '@react-native-masked-view/masked-view',
3812 silly addNameRange   range: '>=0.3.2 <0.4.0',
3812 silly addNameRange   hasData: true
3812 silly addNameRange }
3813 silly addNameRange versions [
3813 silly addNameRange   '@react-native-masked-view/masked-view',
3813 silly addNameRange   [
3813 silly addNameRange     '0.2.0', '0.2.1',
3813 silly addNameRange     '0.2.2', '0.2.3',
3813 silly addNameRange     '0.2.4', '0.2.5',
3813 silly addNameRange     '0.2.6', '0.2.7',
3813 silly addNameRange     '0.2.8', '0.2.9',
3813 silly addNameRange     '0.3.0', '0.3.1',
3813 silly addNameRange     '0.3.2'
3813 silly addNameRange   ]
3813 silly addNameRange ]
3814 silly addNamed @react-native-masked-view/masked-view@0.3.2
3815 verbose addNamed "0.3.2" is a plain semver version for @react-native-masked-view/masked-view
3816 silly mapToRegistry name @expo/schema-utils
3817 silly mapToRegistry scope (from package name) @expo
3818 verbose mapToRegistry no registry URL found in name for scope @expo
3819 silly mapToRegistry using default registry
3820 silly mapToRegistry registry https://registry.npmjs.org/
3821 silly mapToRegistry data Result {
3821 silly mapToRegistry   raw: '@expo/schema-utils',
3821 silly mapToRegistry   scope: '@expo',
3821 silly mapToRegistry   name: '@expo/schema-utils',
3821 silly mapToRegistry   rawSpec: '',
3821 silly mapToRegistry   spec: 'latest',
3821 silly mapToRegistry   type: 'tag'
3821 silly mapToRegistry }
3822 silly mapToRegistry uri https://registry.npmjs.org/@expo%2fschema-utils
3823 verbose addRemoteTarball https://registry.npmjs.org/@expo/schema-utils/-/schema-utils-57.0.2.tgz not in flight; adding
3824 verbose addRemoteTarball [
3824 verbose addRemoteTarball   'https://registry.npmjs.org/@expo/schema-utils/-/schema-utils-57.0.2.tgz',
3824 verbose addRemoteTarball   'abbce2902bd23a338691d600815a6093cc6f4403'
3824 verbose addRemoteTarball ]
3825 info retry fetch attempt 1 at 12:33:42 PM
3826 info attempt registry request try #1 at 12:33:42 PM
3827 http fetch GET https://registry.npmjs.org/@expo/schema-utils/-/schema-utils-57.0.2.tgz
3828 silly cache afterAdd @react-native-masked-view/masked-view@0.3.2
3829 verbose afterAdd /Users/hanna/.npm/@react-native-masked-view/masked-view/0.3.2/package/package.json not in flight; writing
3830 verbose correctMkdir /Users/hanna/.npm correctMkdir not in flight; initializing
3831 verbose afterAdd /Users/hanna/.npm/@react-native-masked-view/masked-view/0.3.2/package/package.json written
3832 http 200 https://registry.npmjs.org/@expo%2fmetro-runtime
3833 verbose headers {
3833 verbose headers   date: 'Tue, 29 Sep 2026 10:33:42 GMT',
3833 verbose headers   'content-type': 'application/json',
3833 verbose headers   'transfer-encoding': 'chunked',
3833 verbose headers   connection: 'keep-alive',
3833 verbose headers   'set-cookie': [
3833 verbose headers     '__cf_bm=oMwO2ELPGXsJH.SNojjlMMGn5K_B4utUpIaYBeNWsYM-1790678022.2563465-1.0.1.1-P3tGhGIocDCPYwpQoj_uFVDaxJBdS0oRGQfLC_KcobO1uZlZUU58JcfPwhk0jBnUB6C.8ZPsnChyzf7w2wdx4f6Js0hRBeNSjp1x1sUr3_BHAYHLZ8oDrR6mRGt1Qtiw; HttpOnly; SameSite=None; Secure; Path=/; Domain=npmjs.org; Expires=Tue, 29 Sep 2026 11:03:42 GMT',
3833 verbose headers     '_cfuvid=0HzQ2gsI6ZsAVQ79aYAE0vLQyFzeZXwciopeR.oh1l4-1790678022.2563465-1.0.1.1-5V3gKd3fbdM1crwnIT3nTiMC2Geupgo.QJDJOVpqRyc; HttpOnly; SameSite=None; Secure; Path=/; Domain=npmjs.org'
3833 verbose headers   ],
3833 verbose headers   'cf-ray': 'a42a54c718f37dde-ARN',
3833 verbose headers   'cf-cache-status': 'HIT',
3833 verbose headers   etag: 'W/"d3d9f15b9fbceb9690327e8f7f702e05"',
3833 verbose headers   'access-control-allow-origin': '*',
3833 verbose headers   age: '214',
3833 verbose headers   'cache-control': 'public, max-age=300',
3833 verbose headers   'last-modified': 'Mon, 28 Sep 2026 12:24:23 GMT',
3833 verbose headers   server: 'cloudflare',
3833 verbose headers   vary: 'accept-encoding, accept',
3833 verbose headers   'content-encoding': 'gzip'
3833 verbose headers }
3834 silly get cb [
3834 silly get   200,
3834 silly get   {
3834 silly get     date: 'Tue, 29 Sep 2026 10:33:42 GMT',
3834 silly get     'content-type': 'application/json',
3834 silly get     'transfer-encoding': 'chunked',
3834 silly get     connection: 'keep-alive',
3834 silly get     'set-cookie': [
3834 silly get       '__cf_bm=oMwO2ELPGXsJH.SNojjlMMGn5K_B4utUpIaYBeNWsYM-1790678022.2563465-1.0.1.1-P3tGhGIocDCPYwpQoj_uFVDaxJBdS0oRGQfLC_KcobO1uZlZUU58JcfPwhk0jBnUB6C.8ZPsnChyzf7w2wdx4f6Js0hRBeNSjp1x1sUr3_BHAYHLZ8oDrR6mRGt1Qtiw; HttpOnly; SameSite=None; Secure; Path=/; Domain=npmjs.org; Expires=Tue, 29 Sep 2026 11:03:42 GMT',
3834 silly get       '_cfuvid=0HzQ2gsI6ZsAVQ79aYAE0vLQyFzeZXwciopeR.oh1l4-1790678022.2563465-1.0.1.1-5V3gKd3fbdM1crwnIT3nTiMC2Geupgo.QJDJOVpqRyc; HttpOnly; SameSite=None; Secure; Path=/; Domain=npmjs.org'
3834 silly get     ],
3834 silly get     'cf-ray': 'a42a54c718f37dde-ARN',
3834 silly get     'cf-cache-status': 'HIT',
3834 silly get     etag: 'W/"d3d9f15b9fbceb9690327e8f7f702e05"',
3834 silly get     'access-control-allow-origin': '*',
3834 silly get     age: '214',
3834 silly get     'cache-control': 'public, max-age=300',
3834 silly get     'last-modified': 'Mon, 28 Sep 2026 12:24:23 GMT',
3834 silly get     server: 'cloudflare',
3834 silly get     vary: 'accept-encoding, accept',
3834 silly get     'content-encoding': 'gzip'
3834 silly get   }
3834 silly get ]
3835 verbose get saving @expo/metro-runtime to /Users/hanna/.npm/registry.npmjs.org/_40expo_252fmetro-runtime/.cache.json
3836 verbose correctMkdir /Users/hanna/.npm correctMkdir not in flight; initializing
3837 silly addNameRange number 2 {
3837 silly addNameRange   name: '@expo/metro-runtime',
3837 silly addNameRange   range: '>=57.0.16 <58.0.0',
3837 silly addNameRange   hasData: true
3837 silly addNameRange }
3838 silly addNameRange versions [
3838 silly addNameRange   '@expo/metro-runtime',
3838 silly addNameRange   [
3838 silly addNameRange     '0.0.0',
3838 silly addNameRange     '0.0.1',
3838 silly addNameRange     '1.0.0',
3838 silly addNameRange     '1.0.1',
3838 silly addNameRange     '1.1.0',
3838 silly addNameRange     '1.1.1',
3838 silly addNameRange     '2.0.0',
3838 silly addNameRange     '2.0.1',
3838 silly addNameRange     '2.0.2',
3838 silly addNameRange     '2.0.3',
3838 silly addNameRange     '2.0.4',
3838 silly addNameRange     '2.0.5',
3838 silly addNameRange     '2.0.6',
3838 silly addNameRange     '2.1.0',
3838 silly addNameRange     '2.1.1',
3838 silly addNameRange     '2.1.2',
3838 silly addNameRange     '2.1.3',
3838 silly addNameRange     '2.1.4',
3838 silly addNameRange     '2.1.5',
3838 silly addNameRange     '2.1.6',
3838 silly addNameRange     '2.1.7',
3838 silly addNameRange     '2.1.8',
3838 silly addNameRange     '2.1.9',
3838 silly addNameRange     '2.1.10',
3838 silly addNameRange     '2.2.0',
3838 silly addNameRange     '2.2.1',
3838 silly addNameRange     '2.2.2',
3838 silly addNameRange     '2.2.3',
3838 silly addNameRange     '2.2.4',
3838 silly addNameRange     '3.0.0',
3838 silly addNameRange     '2.2.5',
3838 silly addNameRange     '2.2.6',
3838 silly addNameRange     '2.2.7',
3838 silly addNameRange     '3.0.1',
3838 silly addNameRange     '2.2.8',
3838 silly addNameRange     '3.0.2',
3838 silly addNameRange     '2.2.9',
3838 silly addNameRange     '2.2.10',
3838 silly addNameRange     '2.2.11',
3838 silly addNameRange     '3.0.3',
3838 silly addNameRange     '2.2.12',
3838 silly addNameRange     '2.2.13',
3838 silly addNameRange     '2.2.14',
3838 silly addNameRange     '3.0.4',
3838 silly addNameRange     '2.2.15',
3838 silly addNameRange     '0.0.0-canary-20231122-1af9191',
3838 silly addNameRange     '0.0.0-canary-20231123-1b19f96',
3838 silly addNameRange     '2.2.16',
3838 silly addNameRange     '0.0.1-canary-20231125-d600e44',
3838 silly addNameRange     '0.0.1-canary-20231129-c0ec023',
3838 silly addNameRange     '0.0.1-canary-20231130-ede75a7',
3838 silly addNameRange     '0.0.1-canary-20231130-ede75a7-1',
3838 silly addNameRange     '0.0.1-canary-20231130-c8a9bf9',
3838 silly addNameRange     '0.0.1-canary-20231205-250b31f',
3838 silly addNameRange     '3.1.0',
3838 silly addNameRange     '0.0.1-canary-20240109-93608d8',
3838 silly addNameRange     '3.1.1',
3838 silly addNameRange     '3.1.2',
3838 silly addNameRange     '3.1.3',
3838 silly addNameRange     '0.0.1-canary-20240222-c729a13',
3838 silly addNameRange     '0.0.1-canary-20240228-7cee619',
3838 silly addNameRange     '0.0.1-canary-20240305-e60019e',
3838 silly addNameRange     '0.0.1-canary-20240308-6715875',
3838 silly addNameRange     '0.0.1-canary-20240315-ce71005',
3838 silly addNameRange     '0.0.1-canary-20240318-53194f5',
3838 silly addNameRange     '0.0.1-canary-20240318-af634b1',
3838 silly addNameRange     '0.0.1-canary-20240318-dd8f245',
3838 silly addNameRange     '0.0.1-canary-20240320-8a10e09',
3838 silly addNameRange     '0.0.1-canary-20240327-a7302d9',
3838 silly addNameRange     '0.0.1-canary-20240328-24ecc5e',
3838 silly addNameRange     '0.0.1-canary-20240404-e2b8743',
3838 silly addNameRange     '0.0.1-canary-20240405-cdfd9c1',
3838 silly addNameRange     '0.0.1-canary-20240406-a4950c7',
3838 silly addNameRange     '0.0.1-canary-20240411-33a7dc1',
3838 silly addNameRange     '0.0.1-canary-20240411-55a0085',
3838 silly addNameRange     '0.0.1-canary-20240415-0868fc4',
3838 silly addNameRange     '0.0.1-canary-20240415-cca04d8',
3838 silly addNameRange     '0.0.1-canary-20240418-8d74597',
3838 silly addNameRange     '3.2.0',
3838 silly addNameRange     '3.2.1',
3838 silly addNameRange     '3.3.0-canary-20240625-2333e70',
3838 silly addNameRange     '3.3.0-canary-20240627-1402f4b',
3838 silly addNameRange     '3.3.0-canary-20240628-1ba8152',
3838 silly addNameRange     '3.3.0-canary-20240719-83ee47b',
3838 silly addNameRange     '3.3.0-canary-20240814-ce0f7d5',
3838 silly addNameRange     '3.2.2',
3838 silly addNameRange     '3.2.3',
3838 silly addNameRange     '3.3.0-canary-20240904-69100c1',
3838 silly addNameRange     '3.3.0-canary-20240912-1059f85',
3838 silly addNameRange     '3.3.0-canary-20240927-ab8a962',
3838 silly addNameRange     '3.3.0-canary-20241008-90b13ad',
3838 silly addNameRange     '3.3.0-canary-20241018-4f8243a',
3838 silly addNameRange     '3.3.0-canary-20241018-75a0b25',
3838 silly addNameRange     '3.3.0-canary-20241018-2a482e3',
3838 silly addNameRange     '3.3.0-canary-20241018-ebd377a',
3838 silly addNameRange     '3.3.0-canary-20241021-7aba813',
3838 silly addNameRange     '3.3.0-canary-20241021-c4b5a93',
3838 silly addNameRange     '4.0.0-preview.0',
3838 silly addNameRange     '4.0.0-preview.1',
3838 silly addNameRange     '4.0.0-preview.2',
3838 silly addNameRange     ... 178 more items
3838 silly addNameRange   ]
3838 silly addNameRange ]
3839 silly addNamed @expo/metro-runtime@57.0.16
3840 verbose addNamed "57.0.16" is a plain semver version for @expo/metro-runtime
3841 silly mapToRegistry name @expo/metro-runtime
3842 silly mapToRegistry scope (from package name) @expo
3843 verbose mapToRegistry no registry URL found in name for scope @expo
3844 silly mapToRegistry using default registry
3845 silly mapToRegistry registry https://registry.npmjs.org/
3846 silly mapToRegistry data Result {
3846 silly mapToRegistry   raw: '@expo/metro-runtime',
3846 silly mapToRegistry   scope: '@expo',
3846 silly mapToRegistry   name: '@expo/metro-runtime',
3846 silly mapToRegistry   rawSpec: '',
3846 silly mapToRegistry   spec: 'latest',
3846 silly mapToRegistry   type: 'tag'
3846 silly mapToRegistry }
3847 silly mapToRegistry uri https://registry.npmjs.org/@expo%2fmetro-runtime
3848 verbose addRemoteTarball https://registry.npmjs.org/@expo/metro-runtime/-/metro-runtime-57.0.16.tgz not in flight; adding
3849 verbose addRemoteTarball [
3849 verbose addRemoteTarball   'https://registry.npmjs.org/@expo/metro-runtime/-/metro-runtime-57.0.16.tgz',
3849 verbose addRemoteTarball   '01570c6564c53e2529f4d4c81ea6c3dd862b8e88'
3849 verbose addRemoteTarball ]
3850 info retry fetch attempt 1 at 12:33:42 PM
3851 info attempt registry request try #1 at 12:33:42 PM
3852 http fetch GET https://registry.npmjs.org/@expo/metro-runtime/-/metro-runtime-57.0.16.tgz
3853 http fetch 200 https://registry.npmjs.org/@expo/schema-utils/-/schema-utils-57.0.2.tgz
3854 silly fetchAndShaCheck shasum abbce2902bd23a338691d600815a6093cc6f4403
3855 verbose addTmpTarball /var/folders/98/czfgjzdn52gb8g1hmddyjnh00000gn/T/npm-32998-821ad59c/registry.npmjs.org/_40expo/schema-utils/-/schema-utils-57.0.2.tgz not in flight; adding
3856 verbose addTmpTarball already have metadata; skipping unpack for @expo/schema-utils@57.0.2
3857 verbose correctMkdir /Users/hanna/.npm correctMkdir not in flight; initializing
3858 silly cache afterAdd @expo/schema-utils@57.0.2
3859 verbose afterAdd /Users/hanna/.npm/@expo/schema-utils/57.0.2/package/package.json not in flight; writing
3860 verbose correctMkdir /Users/hanna/.npm correctMkdir not in flight; initializing
3861 verbose afterAdd /Users/hanna/.npm/@expo/schema-utils/57.0.2/package/package.json written
3862 http 200 https://registry.npmjs.org/@radix-ui%2freact-tabs
3863 verbose headers {
3863 verbose headers   date: 'Tue, 29 Sep 2026 10:33:42 GMT',
3863 verbose headers   'content-type': 'application/json',
3863 verbose headers   'transfer-encoding': 'chunked',
3863 verbose headers   connection: 'keep-alive',
3863 verbose headers   'set-cookie': [
3863 verbose headers     '__cf_bm=5443C8XsSrS_U0RaakXzqCFAfe6Gv7sDPnbr4BmOWwc-1790678022.29685-1.0.1.1-nAFKI3BzDbTpjej34e_Llhpy95Rms2WdKMTddTCwUzt7uFHz6MZbXKp4xbKJKfmdD4aTqqVfFBWg1kG.T8m1_jxiHVB.czk2hGexposeswJNN9x7.rq7KlY_IfeE1T8S; HttpOnly; SameSite=None; Secure; Path=/; Domain=npmjs.org; Expires=Tue, 29 Sep 2026 11:03:42 GMT',
3863 verbose headers     '_cfuvid=whqRw7yrTz6yRT5rBwO7sKkBnQ7xHB0qERsT2KugsRA-1790678022.29685-1.0.1.1-ut1tIclGwDCWu7cOZZBbQQ_qj2txUtRKjFJzTaSzlCA; HttpOnly; SameSite=None; Secure; Path=/; Domain=npmjs.org'
3863 verbose headers   ],
3863 verbose headers   'cf-ray': 'a42a54c75fcf4e58-ARN',
3863 verbose headers   'cf-cache-status': 'HIT',
3863 verbose headers   etag: 'W/"16fedbcb146ee8336ad9d6fc83d57306"',
3863 verbose headers   'access-control-allow-origin': '*',
3863 verbose headers   age: '27',
3863 verbose headers   'cache-control': 'public, max-age=300',
3863 verbose headers   'last-modified': 'Fri, 31 Jul 2026 15:50:32 GMT',
3863 verbose headers   server: 'cloudflare',
3863 verbose headers   vary: 'accept-encoding, accept',
3863 verbose headers   'content-encoding': 'gzip'
3863 verbose headers }
3864 silly get cb [
3864 silly get   200,
3864 silly get   {
3864 silly get     date: 'Tue, 29 Sep 2026 10:33:42 GMT',
3864 silly get     'content-type': 'application/json',
3864 silly get     'transfer-encoding': 'chunked',
3864 silly get     connection: 'keep-alive',
3864 silly get     'set-cookie': [
3864 silly get       '__cf_bm=5443C8XsSrS_U0RaakXzqCFAfe6Gv7sDPnbr4BmOWwc-1790678022.29685-1.0.1.1-nAFKI3BzDbTpjej34e_Llhpy95Rms2WdKMTddTCwUzt7uFHz6MZbXKp4xbKJKfmdD4aTqqVfFBWg1kG.T8m1_jxiHVB.czk2hGexposeswJNN9x7.rq7KlY_IfeE1T8S; HttpOnly; SameSite=None; Secure; Path=/; Domain=npmjs.org; Expires=Tue, 29 Sep 2026 11:03:42 GMT',
3864 silly get       '_cfuvid=whqRw7yrTz6yRT5rBwO7sKkBnQ7xHB0qERsT2KugsRA-1790678022.29685-1.0.1.1-ut1tIclGwDCWu7cOZZBbQQ_qj2txUtRKjFJzTaSzlCA; HttpOnly; SameSite=None; Secure; Path=/; Domain=npmjs.org'
3864 silly get     ],
3864 silly get     'cf-ray': 'a42a54c75fcf4e58-ARN',
3864 silly get     'cf-cache-status': 'HIT',
3864 silly get     etag: 'W/"16fedbcb146ee8336ad9d6fc83d57306"',
3864 silly get     'access-control-allow-origin': '*',
3864 silly get     age: '27',
3864 silly get     'cache-control': 'public, max-age=300',
3864 silly get     'last-modified': 'Fri, 31 Jul 2026 15:50:32 GMT',
3864 silly get     server: 'cloudflare',
3864 silly get     vary: 'accept-encoding, accept',
3864 silly get     'content-encoding': 'gzip'
3864 silly get   }
3864 silly get ]
3865 verbose get saving @radix-ui/react-tabs to /Users/hanna/.npm/registry.npmjs.org/_40radix-ui_252freact-tabs/.cache.json
3866 verbose correctMkdir /Users/hanna/.npm correctMkdir not in flight; initializing
3867 silly addNameRange number 2 {
3867 silly addNameRange   name: '@radix-ui/react-tabs',
3867 silly addNameRange   range: '>=1.1.12 <2.0.0',
3867 silly addNameRange   hasData: true
3867 silly addNameRange }
3868 silly addNameRange versions [
3868 silly addNameRange   '@radix-ui/react-tabs',
3868 silly addNameRange   [
3868 silly addNameRange     '0.0.1',       '0.0.2',       '0.0.3',       '0.0.4',       '0.0.5',
3868 silly addNameRange     '0.0.6',       '0.0.7',       '0.0.8',       '0.0.9',       '0.0.10',
3868 silly addNameRange     '0.0.11',      '0.0.12',      '0.0.13',      '0.0.14',      '0.0.15',
3868 silly addNameRange     '0.0.16',      '0.1.0-rc.1',  '0.1.0-rc.2',  '0.1.0',       '0.1.1-rc.1',
3868 silly addNameRange     '0.1.1-rc.2',  '0.1.1-rc.3',  '0.1.1-rc.4',  '0.1.1-rc.5',  '0.1.1-rc.6',
3868 silly addNameRange     '0.1.1-rc.7',  '0.1.1-rc.8',  '0.1.1-rc.9',  '0.1.1-rc.10', '0.1.1-rc.11',
3868 silly addNameRange     '0.1.1-rc.12', '0.1.1-rc.13', '0.1.1-rc.14', '0.1.1-rc.15', '0.1.1-rc.16',
3868 silly addNameRange     '0.1.1-rc.17', '0.1.1-rc.18', '0.1.1-rc.19', '0.1.1',       '0.1.2-rc.1',
3868 silly addNameRange     '0.1.2-rc.2',  '0.1.2-rc.3',  '0.1.2-rc.4',  '0.1.2-rc.5',  '0.1.2-rc.6',
3868 silly addNameRange     '0.1.2-rc.7',  '0.1.2-rc.8',  '0.1.2-rc.9',  '0.1.2-rc.10', '0.1.2-rc.11',
3868 silly addNameRange     '0.1.2-rc.12', '0.1.2-rc.13', '0.1.2-rc.14', '0.1.2-rc.15', '0.1.2',
3868 silly addNameRange     '0.1.3-rc.1',  '0.1.3',       '0.1.4',       '0.1.4-rc.1',  '0.1.5-rc.1',
3868 silly addNameRange     '0.1.5-rc.2',  '0.1.5-rc.3',  '0.1.5-rc.4',  '0.1.5-rc.5',  '0.1.5-rc.6',
3868 silly addNameRange     '0.1.5-rc.7',  '0.1.5-rc.8',  '0.1.5-rc.9',  '0.1.5-rc.10', '0.1.5-rc.11',
3868 silly addNameRange     '0.1.5-rc.12', '0.1.5-rc.13', '0.1.5-rc.14', '0.1.5-rc.15', '0.1.5-rc.16',
3868 silly addNameRange     '0.1.5-rc.17', '0.1.5-rc.18', '0.1.5-rc.19', '0.1.5-rc.20', '0.1.5-rc.21',
3868 silly addNameRange     '0.1.5-rc.22', '0.1.5-rc.23', '0.1.5-rc.24', '0.1.5-rc.25', '0.1.5-rc.26',
3868 silly addNameRange     '0.1.5',       '0.1.6-rc.1',  '0.1.6-rc.2',  '0.1.6-rc.3',  '0.1.6-rc.4',
3868 silly addNameRange     '0.1.6-rc.5',  '0.1.6-rc.6',  '0.1.6-rc.7',  '0.1.6-rc.8',  '0.1.6-rc.9',
3868 silly addNameRange     '0.1.6-rc.10', '0.1.6-rc.11', '0.1.6-rc.12', '0.1.6-rc.13', '0.1.6-rc.14',
3868 silly addNameRange     ... 263 more items
3868 silly addNameRange   ]
3868 silly addNameRange ]
3869 silly addNamed @radix-ui/react-tabs@1.1.21
3870 verbose addNamed "1.1.21" is a plain semver version for @radix-ui/react-tabs
3871 silly mapToRegistry name @radix-ui/react-tabs
3872 silly mapToRegistry scope (from package name) @radix-ui
3873 verbose mapToRegistry no registry URL found in name for scope @radix-ui
3874 silly mapToRegistry using default registry
3875 silly mapToRegistry registry https://registry.npmjs.org/
3876 silly mapToRegistry data Result {
3876 silly mapToRegistry   raw: '@radix-ui/react-tabs',
3876 silly mapToRegistry   scope: '@radix-ui',
3876 silly mapToRegistry   name: '@radix-ui/react-tabs',
3876 silly mapToRegistry   rawSpec: '',
3876 silly mapToRegistry   spec: 'latest',
3876 silly mapToRegistry   type: 'tag'
3876 silly mapToRegistry }
3877 silly mapToRegistry uri https://registry.npmjs.org/@radix-ui%2freact-tabs
3878 verbose addRemoteTarball https://registry.npmjs.org/@radix-ui/react-tabs/-/react-tabs-1.1.21.tgz not in flight; adding
3879 verbose addRemoteTarball [
3879 verbose addRemoteTarball   'https://registry.npmjs.org/@radix-ui/react-tabs/-/react-tabs-1.1.21.tgz',
3879 verbose addRemoteTarball   'db7eb9b33f25d645a6a21028e9e0047d457c49a0'
3879 verbose addRemoteTarball ]
3880 info retry fetch attempt 1 at 12:33:42 PM
3881 info attempt registry request try #1 at 12:33:42 PM
3882 http fetch GET https://registry.npmjs.org/@radix-ui/react-tabs/-/react-tabs-1.1.21.tgz
3883 http fetch 200 https://registry.npmjs.org/@expo/metro-runtime/-/metro-runtime-57.0.16.tgz
3884 silly fetchAndShaCheck shasum 01570c6564c53e2529f4d4c81ea6c3dd862b8e88
3885 verbose addTmpTarball /var/folders/98/czfgjzdn52gb8g1hmddyjnh00000gn/T/npm-32998-821ad59c/registry.npmjs.org/_40expo/metro-runtime/-/metro-runtime-57.0.16.tgz not in flight; adding
3886 verbose addTmpTarball already have metadata; skipping unpack for @expo/metro-runtime@57.0.16
3887 verbose correctMkdir /Users/hanna/.npm correctMkdir not in flight; initializing
3888 silly cache afterAdd @expo/metro-runtime@57.0.16
3889 verbose afterAdd /Users/hanna/.npm/@expo/metro-runtime/57.0.16/package/package.json not in flight; writing
3890 verbose correctMkdir /Users/hanna/.npm correctMkdir not in flight; initializing
3891 verbose afterAdd /Users/hanna/.npm/@expo/metro-runtime/57.0.16/package/package.json written
3892 http 200 https://registry.npmjs.org/standard-navigation
3893 verbose headers {
3893 verbose headers   date: 'Tue, 29 Sep 2026 10:33:42 GMT',
3893 verbose headers   'content-type': 'application/json',
3893 verbose headers   'transfer-encoding': 'chunked',
3893 verbose headers   connection: 'keep-alive',
3893 verbose headers   'set-cookie': [
3893 verbose headers     '__cf_bm=ngeZ3J.RI3P.J70CimisJDkK6mGnINBHTusuoUtm9dg-1790678022.3003364-1.0.1.1-yj97F.FyO9KrQOwwK3C6T7AUYP7CikdBZ_ich1PYDhf.KFnULkuRu7mma9VgPYsBpP97Cr6oupQvFcEDP.xQxzad8e1G3Csw5qSZNb26wYA2yEP3tlF12da1d_S7LJkQ; HttpOnly; SameSite=None; Secure; Path=/; Domain=npmjs.org; Expires=Tue, 29 Sep 2026 11:03:42 GMT',
3893 verbose headers     '_cfuvid=EiGjLdyGe0eVmQWyIzj39d_Ah5HijsP9Keab9TXHIt0-1790678022.3003364-1.0.1.1-fe0xZx6Rjm1maD2cMigeEtE_ChZbTLdDGJZwXIB7sog; HttpOnly; SameSite=None; Secure; Path=/; Domain=npmjs.org'
3893 verbose headers   ],
3893 verbose headers   'cf-ray': 'a42a54c75a7321e9-ARN',
3893 verbose headers   'cf-cache-status': 'HIT',
3893 verbose headers   etag: 'W/"fa5b13a925ed7a333ba71ad2a8c849fa"',
3893 verbose headers   'access-control-allow-origin': '*',
3893 verbose headers   'cache-control': 'public, max-age=300',
3893 verbose headers   'last-modified': 'Thu, 06 Aug 2026 20:42:21 GMT',
3893 verbose headers   server: 'cloudflare',
3893 verbose headers   vary: 'accept-encoding, accept',
3893 verbose headers   'content-encoding': 'gzip'
3893 verbose headers }
3894 silly get cb [
3894 silly get   200,
3894 silly get   {
3894 silly get     date: 'Tue, 29 Sep 2026 10:33:42 GMT',
3894 silly get     'content-type': 'application/json',
3894 silly get     'transfer-encoding': 'chunked',
3894 silly get     connection: 'keep-alive',
3894 silly get     'set-cookie': [
3894 silly get       '__cf_bm=ngeZ3J.RI3P.J70CimisJDkK6mGnINBHTusuoUtm9dg-1790678022.3003364-1.0.1.1-yj97F.FyO9KrQOwwK3C6T7AUYP7CikdBZ_ich1PYDhf.KFnULkuRu7mma9VgPYsBpP97Cr6oupQvFcEDP.xQxzad8e1G3Csw5qSZNb26wYA2yEP3tlF12da1d_S7LJkQ; HttpOnly; SameSite=None; Secure; Path=/; Domain=npmjs.org; Expires=Tue, 29 Sep 2026 11:03:42 GMT',
3894 silly get       '_cfuvid=EiGjLdyGe0eVmQWyIzj39d_Ah5HijsP9Keab9TXHIt0-1790678022.3003364-1.0.1.1-fe0xZx6Rjm1maD2cMigeEtE_ChZbTLdDGJZwXIB7sog; HttpOnly; SameSite=None; Secure; Path=/; Domain=npmjs.org'
3894 silly get     ],
3894 silly get     'cf-ray': 'a42a54c75a7321e9-ARN',
3894 silly get     'cf-cache-status': 'HIT',
3894 silly get     etag: 'W/"fa5b13a925ed7a333ba71ad2a8c849fa"',
3894 silly get     'access-control-allow-origin': '*',
3894 silly get     'cache-control': 'public, max-age=300',
3894 silly get     'last-modified': 'Thu, 06 Aug 2026 20:42:21 GMT',
3894 silly get     server: 'cloudflare',
3894 silly get     vary: 'accept-encoding, accept',
3894 silly get     'content-encoding': 'gzip'
3894 silly get   }
3894 silly get ]
3895 verbose get saving standard-navigation to /Users/hanna/.npm/registry.npmjs.org/standard-navigation/.cache.json
3896 verbose correctMkdir /Users/hanna/.npm correctMkdir not in flight; initializing
3897 silly addNameRange number 2 { name: 'standard-navigation', range: '>=0.0.5 <0.0.6', hasData: true }
3898 silly addNameRange versions [
3898 silly addNameRange   'standard-navigation',
3898 silly addNameRange   [
3898 silly addNameRange     '0.0.1', '0.0.2',
3898 silly addNameRange     '0.0.3', '0.0.4',
3898 silly addNameRange     '0.0.5', '0.0.6',
3898 silly addNameRange     '0.0.7', '0.0.8',
3898 silly addNameRange     '0.0.9'
3898 silly addNameRange   ]
3898 silly addNameRange ]
3899 silly addNamed standard-navigation@0.0.5
3900 verbose addNamed "0.0.5" is a plain semver version for standard-navigation
3901 silly mapToRegistry name standard-navigation
3902 silly mapToRegistry using default registry
3903 silly mapToRegistry registry https://registry.npmjs.org/
3904 silly mapToRegistry data Result {
3904 silly mapToRegistry   raw: 'standard-navigation',
3904 silly mapToRegistry   scope: null,
3904 silly mapToRegistry   name: 'standard-navigation',
3904 silly mapToRegistry   rawSpec: '',
3904 silly mapToRegistry   spec: 'latest',
3904 silly mapToRegistry   type: 'tag'
3904 silly mapToRegistry }
3905 silly mapToRegistry uri https://registry.npmjs.org/standard-navigation
3906 verbose addRemoteTarball https://registry.npmjs.org/standard-navigation/-/standard-navigation-0.0.5.tgz not in flight; adding
3907 verbose addRemoteTarball [
3907 verbose addRemoteTarball   'https://registry.npmjs.org/standard-navigation/-/standard-navigation-0.0.5.tgz',
3907 verbose addRemoteTarball   '8ce5fef5a251991f58ed69283bee5cc1d242625e'
3907 verbose addRemoteTarball ]
3908 info retry fetch attempt 1 at 12:33:42 PM
3909 info attempt registry request try #1 at 12:33:42 PM
3910 http fetch GET https://registry.npmjs.org/standard-navigation/-/standard-navigation-0.0.5.tgz
3911 http 200 https://registry.npmjs.org/react-native-drawer-layout
3912 verbose headers {
3912 verbose headers   date: 'Tue, 29 Sep 2026 10:33:42 GMT',
3912 verbose headers   'content-type': 'application/json',
3912 verbose headers   'transfer-encoding': 'chunked',
3912 verbose headers   connection: 'keep-alive',
3912 verbose headers   'set-cookie': [
3912 verbose headers     '__cf_bm=YKif6AP1ZxbfbCn5oXnh9CjMXjVuD420inv4XXLUiR0-1790678022.2979236-1.0.1.1-hSJOMOSu_eQTvYUmhRhX47PaHvRUJkgCakBrrYULSKmMJcNuPapB2fTiITHVkrG9l2xowhn9kHAL0Ey0REFzRYk0oaHHJdald.tPp4PHkGpZCygNYtZ6gbv1zxv64wju; HttpOnly; SameSite=None; Secure; Path=/; Domain=npmjs.org; Expires=Tue, 29 Sep 2026 11:03:42 GMT',
3912 verbose headers     '_cfuvid=PAPU42q_A.aoleVQ4n5hu9iLfkMSO1f_D4mL_EMRu9g-1790678022.2979236-1.0.1.1-P1Kb.rK19aADKmE2oyU39YHXlCzw2l6_mKcK.ndy5dw; HttpOnly; SameSite=None; Secure; Path=/; Domain=npmjs.org'
3912 verbose headers   ],
3912 verbose headers   'cf-ray': 'a42a54c758da0d2b-ARN',
3912 verbose headers   'cf-cache-status': 'HIT',
3912 verbose headers   etag: 'W/"2ce787dcbb68b2d8cd57707ae7eadd55"',
3912 verbose headers   'access-control-allow-origin': '*',
3912 verbose headers   'cache-control': 'public, max-age=300',
3912 verbose headers   'last-modified': 'Sat, 19 Sep 2026 10:41:14 GMT',
3912 verbose headers   server: 'cloudflare',
3912 verbose headers   vary: 'accept-encoding, accept',
3912 verbose headers   'content-encoding': 'gzip'
3912 verbose headers }
3913 silly get cb [
3913 silly get   200,
3913 silly get   {
3913 silly get     date: 'Tue, 29 Sep 2026 10:33:42 GMT',
3913 silly get     'content-type': 'application/json',
3913 silly get     'transfer-encoding': 'chunked',
3913 silly get     connection: 'keep-alive',
3913 silly get     'set-cookie': [
3913 silly get       '__cf_bm=YKif6AP1ZxbfbCn5oXnh9CjMXjVuD420inv4XXLUiR0-1790678022.2979236-1.0.1.1-hSJOMOSu_eQTvYUmhRhX47PaHvRUJkgCakBrrYULSKmMJcNuPapB2fTiITHVkrG9l2xowhn9kHAL0Ey0REFzRYk0oaHHJdald.tPp4PHkGpZCygNYtZ6gbv1zxv64wju; HttpOnly; SameSite=None; Secure; Path=/; Domain=npmjs.org; Expires=Tue, 29 Sep 2026 11:03:42 GMT',
3913 silly get       '_cfuvid=PAPU42q_A.aoleVQ4n5hu9iLfkMSO1f_D4mL_EMRu9g-1790678022.2979236-1.0.1.1-P1Kb.rK19aADKmE2oyU39YHXlCzw2l6_mKcK.ndy5dw; HttpOnly; SameSite=None; Secure; Path=/; Domain=npmjs.org'
3913 silly get     ],
3913 silly get     'cf-ray': 'a42a54c758da0d2b-ARN',
3913 silly get     'cf-cache-status': 'HIT',
3913 silly get     etag: 'W/"2ce787dcbb68b2d8cd57707ae7eadd55"',
3913 silly get     'access-control-allow-origin': '*',
3913 silly get     'cache-control': 'public, max-age=300',
3913 silly get     'last-modified': 'Sat, 19 Sep 2026 10:41:14 GMT',
3913 silly get     server: 'cloudflare',
3913 silly get     vary: 'accept-encoding, accept',
3913 silly get     'content-encoding': 'gzip'
3913 silly get   }
3913 silly get ]
3914 verbose get saving react-native-drawer-layout to /Users/hanna/.npm/registry.npmjs.org/react-native-drawer-layout/.cache.json
3915 verbose correctMkdir /Users/hanna/.npm correctMkdir not in flight; initializing
3916 silly addNameRange number 2 {
3916 silly addNameRange   name: 'react-native-drawer-layout',
3916 silly addNameRange   range: '>=4.2.2 <5.0.0',
3916 silly addNameRange   hasData: true
3916 silly addNameRange }
3917 silly addNameRange versions [
3917 silly addNameRange   'react-native-drawer-layout',
3917 silly addNameRange   [
3917 silly addNameRange     '0.1.0',         '0.1.1',         '0.1.2',         '0.1.4',
3917 silly addNameRange     '0.2.0',         '0.2.1',         '0.3.0',         '0.3.1',
3917 silly addNameRange     '0.3.3',         '0.3.4',         '0.3.5',         '0.3.6',
3917 silly addNameRange     '0.4.0',         '0.4.2',         '0.5.0',         '0.5.1',
3917 silly addNameRange     '1.0.0',         '1.1.0',         '1.1.1-0',       '1.1.1-1',
3917 silly addNameRange     '1.1.1',         '1.1.2',         '1.1.3',         '1.1.4-0',
3917 silly addNameRange     '1.1.4',         '1.1.5-0',       '1.1.5-1',       '1.1.5',
3917 silly addNameRange     '1.1.6',         '1.1.7-0',       '1.2.0-0',       '1.2.0',
3917 silly addNameRange     '1.3.0',         '1.3.1-0',       '1.3.1',         '1.3.2',
3917 silly addNameRange     '2.0.0',         '3.0.0',         '3.1.0',         '3.2.0',
3917 silly addNameRange     '3.2.1',         '4.0.0-alpha.0', '4.0.0-alpha.1', '3.2.2',
3917 silly addNameRange     '4.0.0-alpha.2', '4.0.0-alpha.3', '4.0.0-alpha.4', '4.0.0-alpha.5',
3917 silly addNameRange     '4.0.0-alpha.6', '4.0.0-alpha.7', '3.3.0',         '4.0.0-alpha.8',
3917 silly addNameRange     '4.0.0-alpha.9', '4.0.0-rc.0',    '4.0.0-rc.1',    '4.0.0-rc.2',
3917 silly addNameRange     '4.0.0-rc.3',    '4.0.0-rc.4',    '4.0.0-rc.5',    '4.0.0-rc.6',
3917 silly addNameRange     '4.0.0-rc.7',    '3.3.1',         '4.0.0-rc.8',    '3.3.2',
3917 silly addNameRange     '4.0.0-rc.9',    '4.0.0-rc.10',   '4.0.0-rc.11',   '4.0.0',
3917 silly addNameRange     '4.0.1',         '4.0.2',         '4.0.3',         '4.0.4',
3917 silly addNameRange     '4.1.0',         '4.1.1',         '4.1.2',         '4.1.3',
3917 silly addNameRange     '4.1.4',         '4.1.5',         '4.1.6',         '4.1.7',
3917 silly addNameRange     '4.1.8',         '4.1.9',         '4.1.10',        '4.1.11',
3917 silly addNameRange     '4.1.12',        '4.1.13',        '4.2.0',         '4.2.1',
3917 silly addNameRange     '5.0.0-alpha.0', '4.2.2',         '5.0.0-alpha.1', '5.0.0-alpha.2',
3917 silly addNameRange     '5.0.0-alpha.3', '5.0.0-alpha.4', '5.0.0-alpha.5', '5.0.0-alpha.6',
3917 silly addNameRange     '5.0.0-alpha.7', '4.2.3',         '5.0.0-alpha.8', '5.0.0-alpha.9',
3917 silly addNameRange     ... 17 more items
3917 silly addNameRange   ]
3917 silly addNameRange ]
3918 silly addNamed react-native-drawer-layout@4.2.10
3919 verbose addNamed "4.2.10" is a plain semver version for react-native-drawer-layout
3920 http fetch 200 https://registry.npmjs.org/@radix-ui/react-tabs/-/react-tabs-1.1.21.tgz
3921 silly mapToRegistry name react-native-drawer-layout
3922 silly mapToRegistry using default registry
3923 silly mapToRegistry registry https://registry.npmjs.org/
3924 silly mapToRegistry data Result {
3924 silly mapToRegistry   raw: 'react-native-drawer-layout',
3924 silly mapToRegistry   scope: null,
3924 silly mapToRegistry   name: 'react-native-drawer-layout',
3924 silly mapToRegistry   rawSpec: '',
3924 silly mapToRegistry   spec: 'latest',
3924 silly mapToRegistry   type: 'tag'
3924 silly mapToRegistry }
3925 silly mapToRegistry uri https://registry.npmjs.org/react-native-drawer-layout
3926 verbose addRemoteTarball https://registry.npmjs.org/react-native-drawer-layout/-/react-native-drawer-layout-4.2.10.tgz not in flight; adding
3927 verbose addRemoteTarball [
3927 verbose addRemoteTarball   'https://registry.npmjs.org/react-native-drawer-layout/-/react-native-drawer-layout-4.2.10.tgz',
3927 verbose addRemoteTarball   '80eb37b6cce4bca95a2b58ca7efc7003ea2a3cdb'
3927 verbose addRemoteTarball ]
3928 info retry fetch attempt 1 at 12:33:42 PM
3929 info attempt registry request try #1 at 12:33:42 PM
3930 http fetch GET https://registry.npmjs.org/react-native-drawer-layout/-/react-native-drawer-layout-4.2.10.tgz
3931 silly fetchAndShaCheck shasum db7eb9b33f25d645a6a21028e9e0047d457c49a0
3932 verbose addTmpTarball /var/folders/98/czfgjzdn52gb8g1hmddyjnh00000gn/T/npm-32998-821ad59c/registry.npmjs.org/_40radix-ui/react-tabs/-/react-tabs-1.1.21.tgz not in flight; adding
3933 verbose addTmpTarball already have metadata; skipping unpack for @radix-ui/react-tabs@1.1.21
3934 verbose correctMkdir /Users/hanna/.npm correctMkdir not in flight; initializing
3935 silly cache afterAdd @radix-ui/react-tabs@1.1.21
3936 verbose afterAdd /Users/hanna/.npm/@radix-ui/react-tabs/1.1.21/package/package.json not in flight; writing
3937 verbose correctMkdir /Users/hanna/.npm correctMkdir not in flight; initializing
3938 verbose afterAdd /Users/hanna/.npm/@radix-ui/react-tabs/1.1.21/package/package.json written
3939 http fetch 200 https://registry.npmjs.org/standard-navigation/-/standard-navigation-0.0.5.tgz
3940 http fetch 200 https://registry.npmjs.org/react-native-drawer-layout/-/react-native-drawer-layout-4.2.10.tgz
3941 silly fetchAndShaCheck shasum 8ce5fef5a251991f58ed69283bee5cc1d242625e
3942 verbose addTmpTarball /var/folders/98/czfgjzdn52gb8g1hmddyjnh00000gn/T/npm-32998-821ad59c/registry.npmjs.org/standard-navigation/-/standard-navigation-0.0.5.tgz not in flight; adding
3943 verbose addTmpTarball already have metadata; skipping unpack for standard-navigation@0.0.5
3944 verbose correctMkdir /Users/hanna/.npm correctMkdir not in flight; initializing
3945 silly fetchAndShaCheck shasum 80eb37b6cce4bca95a2b58ca7efc7003ea2a3cdb
3946 verbose addTmpTarball /var/folders/98/czfgjzdn52gb8g1hmddyjnh00000gn/T/npm-32998-821ad59c/registry.npmjs.org/react-native-drawer-layout/-/react-native-drawer-layout-4.2.10.tgz not in flight; adding
3947 verbose addTmpTarball already have metadata; skipping unpack for react-native-drawer-layout@4.2.10
3948 verbose correctMkdir /Users/hanna/.npm correctMkdir not in flight; initializing
3949 silly cache afterAdd standard-navigation@0.0.5
3950 verbose afterAdd /Users/hanna/.npm/standard-navigation/0.0.5/package/package.json not in flight; writing
3951 verbose correctMkdir /Users/hanna/.npm correctMkdir not in flight; initializing
3952 silly cache afterAdd react-native-drawer-layout@4.2.10
3953 verbose afterAdd /Users/hanna/.npm/react-native-drawer-layout/4.2.10/package/package.json not in flight; writing
3954 verbose correctMkdir /Users/hanna/.npm correctMkdir not in flight; initializing
3955 verbose afterAdd /Users/hanna/.npm/standard-navigation/0.0.5/package/package.json written
3956 verbose afterAdd /Users/hanna/.npm/react-native-drawer-layout/4.2.10/package/package.json written
3957 silly install resolved [
3957 silly install resolved   {
3957 silly install resolved     name: 'query-string',
3957 silly install resolved     version: '7.1.3',
3957 silly install resolved     keywords: [
3957 silly install resolved       'browser',      'querystring',
3957 silly install resolved       'query',        'string',
3957 silly install resolved       'qs',           'param',
3957 silly install resolved       'parameter',    'url',
3957 silly install resolved       'parse',        'stringify',
3957 silly install resolved       'encode',       'decode',
3957 silly install resolved       'searchparams', 'filter'
3957 silly install resolved     ],
3957 silly install resolved     author: {
3957 silly install resolved       name: 'Sindre Sorhus',
3957 silly install resolved       email: 'sindresorhus@gmail.com',
3957 silly install resolved       url: 'https://sindresorhus.com'
3957 silly install resolved     },
3957 silly install resolved     license: 'MIT',
3957 silly install resolved     _id: 'query-string@7.1.3',
3957 silly install resolved     maintainers: [ [Object] ],
3957 silly install resolved     homepage: 'https://github.com/sindresorhus/query-string#readme',
3957 silly install resolved     bugs: { url: 'https://github.com/sindresorhus/query-string/issues' },
3957 silly install resolved     dist: {
3957 silly install resolved       shasum: 'a1cf90e994abb113a325804a972d98276fe02328',
3957 silly install resolved       tarball: 'https://registry.npmjs.org/query-string/-/query-string-7.1.3.tgz',
3957 silly install resolved       fileCount: 5,
3957 silly install resolved       integrity: 'sha512-hh2WYhq4fi8+b+/2Kg9CEge4fDPvHS534aOOvOZeQ3+Vf2mCFsaFBYj0i+iXcAq6I9Vzp5fjMFBlONvayDC1qg==',
3957 silly install resolved       signatures: [Array],
3957 silly install resolved       unpackedSize: 46243,
3957 silly install resolved       'npm-signature': '-----BEGIN PGP SIGNATURE-----\r\n' +
3957 silly install resolved         'Version: OpenPGP.js v4.10.10\r\n' +
3957 silly install resolved         'Comment: https://openpgpjs.org\r\n' +
3957 silly install resolved         '\r\n' +
3957 silly install resolved         'wsFzBAEBCAAGBQJjijnDACEJED1NWxICdlZqFiEECWMYAoorWMhJKdjhPU1b\r\n' +
3957 silly install resolved         'EgJ2Vmq6AQ//fxUhkz9jL7dMnUq82amVPnUU9kWOLoAY4lJuELcu+K866olQ\r\n' +
3957 silly install resolved         'HCEI7yn7HrNTT0c3C52Hc/4TONvF0dwC6XmMu7kRgJ+yd8d3zpwaEg28+Dyx\r\n' +
3957 silly install resolved         'b8lHtrmureZ3TycokDWSloVpnSOOTRK4/RfTF34s3b/NK9ht91jUsHOLAyh2\r\n' +
3957 silly install resolved         'g/Z5MuOZwP3Z2cW6/hIgEEKoHit/YnXmJr6sbYkc34ca+ZbqDxHLIoG0LsdZ\r\n' +
3957 silly install resolved         'qzGxaWuvpeB43BOBkoaTBuDK5fvxtT/HzFJrLYn4vKlAjke5W7Lvl8JfDu0j\r\n' +
3957 silly install resolved         '2MkLSz+n2O7cZ/t3LAEAW2l28KuePp5J70stTVgbl23SzTpo73lTWIeYp6c3\r\n' +
3957 silly install resolved         'eArl+aqJaBtnAdIYBdWf9sjG4frZnsPFUdWcRfa1HcWChtBSmIRtc2RnRQwl\r\n' +
3957 silly install resolved         'G3y8xxVECSLlarG1eu8fEX5JclfmSDF+cOxSMFtCvRmhjnPNZ9Z5rG50eO2R\r\n' +
3957 silly install resolved         'dufhBscN2RDZlZMTMNVSRH2dPn8Wm6Q5P92xaY0S9sklt+hRZWnKu9ZttYph\r\n' +
3957 silly install resolved         'NYPdhitV4lkB74vY2VIhf29ITkAgeakqGteNSignxg+8tvYNEeDBBsUTy1n8\r\n' +
3957 silly install resolved         'zxSXESptBOGzoaxkJFo4BlUzjGVhkufOhbWLuoCeRFg+Wes+PYhp7THymcJ3\r\n' +
3957 silly install resolved         'pEq/l4G/ox6/TlP6JxcvjY55a3mT3T5XBSU=\r\n' +
3957 silly install resolved         '=35Qx\r\n' +
3957 silly install resolved         '-----END PGP SIGNATURE-----\r\n'
3957 silly install resolved     },
3957 silly install resolved     types: './index.d.ts',
3957 silly install resolved     engines: { node: '>=6' },
3957 silly install resolved     funding: 'https://github.com/sponsors/sindresorhus',
3957 silly install resolved     gitHead: '5beef41d37f18916dc15bded8fac803a33153aa2',
3957 silly install resolved     scripts: { test: 'xo && ava && tsd', benchmark: 'node benchmark.js' },
3957 silly install resolved     _npmUser: { name: 'sindresorhus', email: 'sindresorhus@gmail.com' },
3957 silly install resolved     repository: {
3957 silly install resolved       url: 'git+https://github.com/sindresorhus/query-string.git',
3957 silly install resolved       type: 'git'
3957 silly install resolved     },
3957 silly install resolved     _npmVersion: '8.19.2',
3957 silly install resolved     description: 'Parse and stringify URL query strings',
3957 silly install resolved     directories: {},
3957 silly install resolved     _nodeVersion: '14.21.1',
3957 silly install resolved     dependencies: {
3957 silly install resolved       'filter-obj': '^1.1.0',
3957 silly install resolved       'split-on-first': '^1.0.0',
3957 silly install resolved       'strict-uri-encode': '^2.0.0',
3957 silly install resolved       'decode-uri-component': '^0.2.2'
3957 silly install resolved     },
3957 silly install resolved     _hasShrinkwrap: false,
3957 silly install resolved     devDependencies: {
3957 silly install resolved       xo: '^0.24.0',
3957 silly install resolved       ava: '^1.4.1',
3957 silly install resolved       tsd: '^0.7.3',
3957 silly install resolved       benchmark: '^2.1.4',
3957 silly install resolved       'deep-equal': '^1.0.1',
3957 silly install resolved       'fast-check': '^1.5.0'
3957 silly install resolved     },
3957 silly install resolved     _npmOperationalInternal: {
3957 silly install resolved       tmp: 'tmp/query-string_7.1.3_1670003138936_0.15323484522629038',
3957 silly install resolved       host: 's3://npm-registry-packages'
3957 silly install resolved     },
3957 silly install resolved     _shasum: 'a1cf90e994abb113a325804a972d98276fe02328',
3957 silly install resolved     _resolved: 'https://registry.npmjs.org/query-string/-/query-string-7.1.3.tgz',
3957 silly install resolved     _from: 'query-string@>=7.1.3 <8.0.0',
3957 silly install resolved     readme: 'ERROR: No README data found!'
3957 silly install resolved   },
3957 silly install resolved   {
3957 silly install resolved     name: '@react-native-masked-view/masked-view',
3957 silly install resolved     version: '0.3.2',
3957 silly install resolved     keywords: [ 'react-native', 'react native', 'masked-view', 'masked view' ],
3957 silly install resolved     author: { name: 'Mike Nedosekin', email: 'crespo8800@gmail.com' },
3957 silly install resolved     license: 'MIT',
3957 silly install resolved     _id: '@react-native-masked-view/masked-view@0.3.2',
3957 silly install resolved     maintainers: [ [Object], [Object] ],
3957 silly install resolved     homepage: 'https://github.com/react-native-masked-view/masked-view#readme',
3957 silly install resolved     bugs: {
3957 silly install resolved       url: 'https://github.com/react-native-masked-view/masked-view/issues'
3957 silly install resolved     },
3957 silly install resolved     dist: {
3957 silly install resolved       shasum: '7064533a573e3539ec912f59c1f457371bf49dd9',
3957 silly install resolved       tarball: 'https://registry.npmjs.org/@react-native-masked-view/masked-view/-/masked-view-0.3.2.tgz',
3957 silly install resolved       fileCount: 20,
3957 silly install resolved       integrity: 'sha512-XwuQoW7/GEgWRMovOQtX3A4PrXhyaZm0lVUiY8qJDvdngjLms9Cpdck6SmGAUNqQwcj2EadHC1HwL0bEyoa/SQ==',
3957 silly install resolved       signatures: [Array],
3957 silly install resolved       unpackedSize: 59004
3957 silly install resolved     },
3957 silly install resolved     main: 'index.js',
3957 silly install resolved     types: './types/index.d.ts',
3957 silly install resolved     gitHead: 'fdd8808dc3ca075224b9f04eea8b588e2ed6ed84',
3957 silly install resolved     scripts: {
3957 silly install resolved       'test:js': 'echo 0',
3957 silly install resolved       'test:flow': 'flow check',
3957 silly install resolved       'test:lint': 'eslint ./',
3957 silly install resolved       'test:prettier': "prettier --check './**/*.js'",
3957 silly install resolved       'test:typescript': 'tsc -noEmit'
3957 silly install resolved     },
3957 silly install resolved     _npmUser: { name: 'naturalclar', email: 'jesse.katsumata@gmail.com' },
3957 silly install resolved     repository: {
3957 silly install resolved       url: 'git+https://github.com/react-native-masked-view/masked-view.git',
3957 silly install resolved       type: 'git'
3957 silly install resolved     },
3957 silly install resolved     _npmVersion: '10.1.0',
3957 silly install resolved     description: 'React Native MaskedView component',
3957 silly install resolved     directories: {},
3957 silly install resolved     _nodeVersion: '20.8.1',
3957 silly install resolved     publishConfig: { access: 'public' },
3957 silly install resolved     _hasShrinkwrap: false,
3957 silly install resolved     packageManager: 'yarn@1.22.22+sha256.c17d3797fb9a9115bf375e31bfd30058cac6bc9c3b8807a3d8cb2094794b51ca',
3957 silly install resolved     devDependencies: {
3957 silly install resolved       eslint: '8',
3957 silly install resolved       'flow-bin': '^0.246.0',
3957 silly install resolved       prettier: '^3.3.3',
3957 silly install resolved       typescript: '5.3.2',
3957 silly install resolved       'react-native': '0.75.3',
3957 silly install resolved       '@types/react-native': '^0.72.8',
3957 silly install resolved       'eslint-plugin-ft-flow': '^3.0.11',
3957 silly install resolved       'react-native-test-app': '^3.10.5',
3957 silly install resolved       '@react-native/eslint-config': '^0.76.1'
3957 silly install resolved     },
3957 silly install resolved     peerDependencies: { react: '>=16', 'react-native': '>=0.57' },
3957 silly install resolved     _npmOperationalInternal: {
3957 silly install resolved       tmp: 'tmp/masked-view_0.3.2_1730688741494_0.7518040670422144',
3957 silly install resolved       host: 's3://npm-registry-packages'
3957 silly install resolved     },
3957 silly install resolved     _shasum: '7064533a573e3539ec912f59c1f457371bf49dd9',
3957 silly install resolved     _resolved: 'https://registry.npmjs.org/@react-native-masked-view/masked-view/-/masked-view-0.3.2.tgz',
3957 silly install resolved     _from: '@react-native-masked-view/masked-view@>=0.3.2 <0.4.0',
3957 silly install resolved     readme: 'ERROR: No README data found!'
3957 silly install resolved   },
3957 silly install resolved   {
3957 silly install resolved     name: '@expo/schema-utils',
3957 silly install resolved     version: '57.0.2',
3957 silly install resolved     license: 'MIT',
3957 silly install resolved     _id: '@expo/schema-utils@57.0.2',
3957 silly install resolved     maintainers: [
3957 silly install resolved       [Object], [Object],
3957 silly install resolved       [Object], [Object],
3957 silly install resolved       [Object], [Object],
3957 silly install resolved       [Object], [Object],
3957 silly install resolved       [Object], [Object],
3957 silly install resolved       [Object]
3957 silly install resolved     ],
3957 silly install resolved     homepage: 'https://github.com/expo/expo/tree/main/packages/@expo/schema-utils#readme',
3957 silly install resolved     bugs: { url: 'https://github.com/expo/expo/issues' },
3957 silly install resolved     dist: {
3957 silly install resolved       shasum: 'abbce2902bd23a338691d600815a6093cc6f4403',
3957 silly install resolved       tarball: 'https://registry.npmjs.org/@expo/schema-utils/-/schema-utils-57.0.2.tgz',
3957 silly install resolved       fileCount: 15,
3957 silly install resolved       integrity: 'sha512-fMu/jyN0l1Wzv7XkeWR4IYCx1M8ryui3FdBNGrWwbRgJ7EhxXxK8E2jxP2W3pbgUwUY0V3hG8+GyfCZwny+Lxw==',
3957 silly install resolved       signatures: [Array],
3957 silly install resolved       unpackedSize: 94065
3957 silly install resolved     },
3957 silly install resolved     main: './build/index.js',
3957 silly install resolved     _from: '@expo/schema-utils@>=57.0.2 <58.0.0',
3957 silly install resolved     types: './build/index.d.ts',
3957 silly install resolved     gitHead: 'b9503d06b8e130abfca1bc16f671dbefb41ad709',
3957 silly install resolved     scripts: {
3957 silly install resolved       lint: 'expo-module lint',
3957 silly install resolved       test: 'expo-module test',
3957 silly install resolved       build: 'tsc --emitDeclarationOnly && babel src --out-dir build --extensions ".ts" --source-maps --ignore "src/**/__mocks__/*","src/**/__tests__/*"',
3957 silly install resolved       clean: 'expo-module clean',
3957 silly install resolved       generate: 'node ./scripts/generate.js',
3957 silly install resolved       typecheck: 'expo-module typecheck'
3957 silly install resolved     },
3957 silly install resolved     _npmUser: { name: 'alanhughes', email: 'hughesno1@gmail.com' },
3957 silly install resolved     _resolved: 'https://registry.npmjs.org/@expo/schema-utils/-/schema-utils-57.0.2.tgz',
3957 silly install resolved     _integrity: 'sha512-fMu/jyN0l1Wzv7XkeWR4IYCx1M8ryui3FdBNGrWwbRgJ7EhxXxK8E2jxP2W3pbgUwUY0V3hG8+GyfCZwny+Lxw==',
3957 silly install resolved     repository: {
3957 silly install resolved       url: 'git+https://github.com/expo/expo.git',
3957 silly install resolved       type: 'git',
3957 silly install resolved       directory: 'packages/@expo/schema-utils'
3957 silly install resolved     },
3957 silly install resolved     _npmVersion: '11.11.0',
3957 silly install resolved     description: 'Reusable JSON Schema (Draft 04) validation library for Expo',
3957 silly install resolved     directories: {},
3957 silly install resolved     _nodeVersion: '22.17.0',
3957 silly install resolved     publishConfig: { access: 'public' },
3957 silly install resolved     _hasShrinkwrap: false,
3957 silly install resolved     devDependencies: {
3957 silly install resolved       '@babel/cli': '^7.23.4',
3957 silly install resolved       '@types/node': '^22.14.0',
3957 silly install resolved       'expo-module-scripts': '56.0.3',
3957 silly install resolved       'json-schema-to-typescript': '^15.0.0'
3957 silly install resolved     },
3957 silly install resolved     _npmOperationalInternal: {
3957 silly install resolved       tmp: 'tmp/schema-utils_57.0.2_1784109554744_0.5379786105436841',
3957 silly install resolved       host: 's3://npm-registry-packages-npm-production'
3957 silly install resolved     },
3957 silly install resolved     _shasum: 'abbce2902bd23a338691d600815a6093cc6f4403'
3957 silly install resolved   },
3957 silly install resolved   {
3957 silly install resolved     name: '@expo/metro-runtime',
3957 silly install resolved     version: '57.0.16',
3957 silly install resolved     keywords: [],
3957 silly install resolved     author: { name: '650 Industries, Inc.' },
3957 silly install resolved     license: 'MIT',
3957 silly install resolved     _id: '@expo/metro-runtime@57.0.16',
3957 silly install resolved     maintainers: [
3957 silly install resolved       [Object], [Object],
3957 silly install resolved       [Object], [Object],
3957 silly install resolved       [Object], [Object],
3957 silly install resolved       [Object], [Object],
3957 silly install resolved       [Object], [Object],
3957 silly install resolved       [Object], [Object]
3957 silly install resolved     ],
3957 silly install resolved     homepage: 'https://github.com/expo/expo/tree/main/packages/@expo/metro-runtime',
3957 silly install resolved     bugs: { url: 'https://github.com/expo/expo/issues' },
3957 silly install resolved     dist: {
3957 silly install resolved       shasum: '01570c6564c53e2529f4d4c81ea6c3dd862b8e88',
3957 silly install resolved       tarball: 'https://registry.npmjs.org/@expo/metro-runtime/-/metro-runtime-57.0.16.tgz',
3957 silly install resolved       fileCount: 48,
3957 silly install resolved       integrity: 'sha512-x43WgZoICpp37BhDV7vixe0bNxbVPPGaBLHYc98ZJ8MU+UC2dk39Y2XvkfYMRRbAUSIkCIJiwdERnptlPg0Ckw==',
3957 silly install resolved       signatures: [Array],
3957 silly install resolved       unpackedSize: 32858
3957 silly install resolved     },
3957 silly install resolved     main: 'src/index.ts',
3957 silly install resolved     _from: '@expo/metro-runtime@>=57.0.16 <58.0.0',
3957 silly install resolved     types: 'build',
3957 silly install resolved     exports: {
3957 silly install resolved       '.': [Object],
3957 silly install resolved       './rsc/runtime': './rsc/runtime.js',
3957 silly install resolved       './package.json': './package.json',
3957 silly install resolved       './rsc/runtime.js': './rsc/runtime.js'
3957 silly install resolved     },
3957 silly install resolved     gitHead: '7687b07947a5c866adeb11abbceae72403ccb188',
3957 silly install resolved     scripts: {
3957 silly install resolved       lint: 'expo-module lint',
3957 silly install resolved       test: 'expo-module test',
3957 silly install resolved       build: 'expo-module build',
3957 silly install resolved       clean: 'expo-module clean',
3957 silly install resolved       'expo-module': 'expo-module'
3957 silly install resolved     },
3957 silly install resolved     _npmUser: { name: 'alanhughes', email: 'hughesno1@gmail.com' },
3957 silly install resolved     _resolved: 'https://registry.npmjs.org/@expo/metro-runtime/-/metro-runtime-57.0.16.tgz',
3957 silly install resolved     _integrity: 'sha512-x43WgZoICpp37BhDV7vixe0bNxbVPPGaBLHYc98ZJ8MU+UC2dk39Y2XvkfYMRRbAUSIkCIJiwdERnptlPg0Ckw==',
3957 silly install resolved     repository: { url: 'git+https://github.com/expo/expo.git', type: 'git' },
3957 silly install resolved     _npmVersion: '10.9.8',
3957 silly install resolved     description: 'Tools for making advanced Metro bundler features work',
3957 silly install resolved     directories: {},
3957 silly install resolved     sideEffects: true,
3957 silly install resolved     _nodeVersion: '22.23.2',
3957 silly install resolved     dependencies: {
3957 silly install resolved       anser: '^1.4.9',
3957 silly install resolved       'whatwg-fetch': '^3.0.0',
3957 silly install resolved       '@expo/log-box': '^57.0.4',
3957 silly install resolved       'pretty-format': '^29.7.0',
3957 silly install resolved       'stacktrace-parser': '^0.1.10'
3957 silly install resolved     },
3957 silly install resolved     _hasShrinkwrap: false,
3957 silly install resolved     devDependencies: {
3957 silly install resolved       expo: '57.0.24',
3957 silly install resolved       'react-dom': '19.2.3',
3957 silly install resolved       '@types/react': '~19.2.0',
3957 silly install resolved       'expo-constants': '57.0.19',
3957 silly install resolved       'expo-module-scripts': '56.0.3'
3957 silly install resolved     },
3957 silly install resolved     peerDependencies: {
3957 silly install resolved       expo: '*',
3957 silly install resolved       react: '*',
3957 silly install resolved       'react-dom': '*',
3957 silly install resolved       'react-native': '*',
3957 silly install resolved       '@expo/log-box': '^57.0.4'
3957 silly install resolved     },
3957 silly install resolved     peerDependenciesMeta: { 'react-dom': [Object] },
3957 silly install resolved     _npmOperationalInternal: {
3957 silly install resolved       tmp: 'tmp/metro-runtime_57.0.16_1789719190457_0.2888534301400243',
3957 silly install resolved       host: 's3://npm-registry-packages-npm-production'
3957 silly install resolved     },
3957 silly install resolved     _shasum: '01570c6564c53e2529f4d4c81ea6c3dd862b8e88'
3957 silly install resolved   },
3957 silly install resolved   {
3957 silly install resolved     name: '@radix-ui/react-tabs',
3957 silly install resolved     version: '1.1.21',
3957 silly install resolved     license: 'MIT',
3957 silly install resolved     _id: '@radix-ui/react-tabs@1.1.21',
3957 silly install resolved     maintainers: [ [Object], [Object], [Object], [Object] ],
3957 silly install resolved     homepage: 'https://radix-ui.com/primitives',
3957 silly install resolved     bugs: { url: 'https://github.com/radix-ui/primitives/issues' },
3957 silly install resolved     dist: {
3957 silly install resolved       shasum: 'db7eb9b33f25d645a6a21028e9e0047d457c49a0',
3957 silly install resolved       tarball: 'https://registry.npmjs.org/@radix-ui/react-tabs/-/react-tabs-1.1.21.tgz',
3957 silly install resolved       fileCount: 9,
3957 silly install resolved       integrity: 'sha512-UKxJlZid7FVtsk/WTxj4i4uSEgj2Au+KBbS7SQyTlzMhhn+86Cz3tISZdTa87bfEfcuvZezf2ZsxD4xuEKtkog==',
3957 silly install resolved       signatures: [Array],
3957 silly install resolved       attestations: [Object],
3957 silly install resolved       unpackedSize: 54303
3957 silly install resolved     },
3957 silly install resolved     main: './dist/index.js',
3957 silly install resolved     types: './dist/index.d.ts',
3957 silly install resolved     module: './dist/index.mjs',
3957 silly install resolved     source: './src/index.ts',
3957 silly install resolved     exports: { '.': [Object] },
3957 silly install resolved     scripts: {
3957 silly install resolved       lint: 'oxlint --max-warnings 0 src',
3957 silly install resolved       build: 'radix-build',
3957 silly install resolved       clean: 'rm -rf dist',
3957 silly install resolved       reset: 'rm -rf dist node_modules',
3957 silly install resolved       typecheck: 'tsc --noEmit'
3957 silly install resolved     },
3957 silly install resolved     _npmUser: {
3957 silly install resolved       name: 'GitHub Actions',
3957 silly install resolved       email: 'npm-oidc-no-reply@github.com',
3957 silly install resolved       trustedPublisher: [Object]
3957 silly install resolved     },
3957 silly install resolved     repository: {
3957 silly install resolved       url: 'git+https://github.com/radix-ui/primitives.git',
3957 silly install resolved       type: 'git',
3957 silly install resolved       directory: 'packages/react/tabs'
3957 silly install resolved     },
3957 silly install resolved     directories: {},
3957 silly install resolved     sideEffects: false,
3957 silly install resolved     _nodeVersion: '24.18.0',
3957 silly install resolved     dependencies: {
3957 silly install resolved       '@radix-ui/react-id': '1.1.4',
3957 silly install resolved       '@radix-ui/primitive': '1.1.7',
3957 silly install resolved       '@radix-ui/react-context': '1.2.2',
3957 silly install resolved       '@radix-ui/react-presence': '1.1.10',
3957 silly install resolved       '@radix-ui/react-direction': '1.1.4',
3957 silly install resolved       '@radix-ui/react-primitive': '2.1.10',
3957 silly install resolved       '@radix-ui/react-roving-focus': '1.1.19',
3957 silly install resolved       '@radix-ui/react-use-controllable-state': '1.2.6'
3957 silly install resolved     },
3957 silly install resolved     _hasShrinkwrap: false,
3957 silly install resolved     devDependencies: {
3957 silly install resolved       react: '^19.2.0',
3957 silly install resolved       'react-dom': '^19.2.0',
3957 silly install resolved       typescript: '^5.9.3',
3957 silly install resolved       '@types/react': '^19.2.2',
3957 silly install resolved       '@repo/builder': '0.0.0',
3957 silly install resolved       '@types/react-dom': '^19.2.2',
3957 silly install resolved       '@repo/typescript-config': '0.0.0'
3957 silly install resolved     },
3957 silly install resolved     peerDependencies: {
3957 silly install resolved       react: '^16.8 || ^17.0 || ^18.0 || ^19.0 || ^19.0.0-rc',
3957 silly install resolved       'react-dom': '^16.8 || ^17.0 || ^18.0 || ^19.0 || ^19.0.0-rc',
3957 silly install resolved       '@types/react': '*',
3957 silly install resolved       '@types/react-dom': '*'
3957 silly install resolved     },
3957 silly install resolved     peerDependenciesMeta: { '@types/react': [Object], '@types/react-dom': [Object] },
3957 silly install resolved     _npmOperationalInternal: {
3957 silly install resolved       tmp: 'tmp/react-tabs_1.1.21_1784937093511_0.09090885235109925',
3957 silly install resolved       host: 's3://npm-registry-packages-npm-production'
3957 silly install resolved     },
3957 silly install resolved     _shasum: 'db7eb9b33f25d645a6a21028e9e0047d457c49a0',
3957 silly install resolved     _resolved: 'https://registry.npmjs.org/@radix-ui/react-tabs/-/react-tabs-1.1.21.tgz',
3957 silly install resolved     _from: '@radix-ui/react-tabs@>=1.1.12 <2.0.0'
3957 silly install resolved   },
3957 silly install resolved   {
3957 silly install resolved     name: 'standard-navigation',
3957 silly install resolved     version: '0.0.5',
3957 silly install resolved     keywords: [ 'react-navigation', 'expo-router' ],
3957 silly install resolved     author: { name: 'Satyajit Sahoo', email: 'satyajit.happy@gmail.com' },
3957 silly install resolved     license: 'MIT',
3957 silly install resolved     _id: 'standard-navigation@0.0.5',
3957 silly install resolved     maintainers: [ [Object] ],
3957 silly install resolved     homepage: 'https://github.com/react-navigation/standard-navigation#readme',
3957 silly install resolved     bugs: {
3957 silly install resolved       url: 'https://github.com/react-navigation/standard-navigation/issues'
3957 silly install resolved     },
3957 silly install resolved     dist: {
3957 silly install resolved       shasum: '8ce5fef5a251991f58ed69283bee5cc1d242625e',
3957 silly install resolved       tarball: 'https://registry.npmjs.org/standard-navigation/-/standard-navigation-0.0.5.tgz',
3957 silly install resolved       fileCount: 4,
3957 silly install resolved       integrity: 'sha512-YAmzwAiiQVocZxO/VGPFiQHcu5pKiz09QIGC0MK6aRMoa3E0QkoTQgcqJr7ZZ3OMiNhu4DkaGElFI5htjOIDbw==',
3957 silly install resolved       signatures: [Array],
3957 silly install resolved       unpackedSize: 7991
3957 silly install resolved     },
3957 silly install resolved     main: 'lib/src/index.js',
3957 silly install resolved     type: 'module',
3957 silly install resolved     types: 'lib/src/index.d.ts',
3957 silly install resolved     gitHead: '0016fae7800b9f27bab91326697b740a6d2266dc',
3957 silly install resolved     scripts: { prepare: 'tsc' },
3957 silly install resolved     _npmUser: { name: 'satya164', email: 'satyajit.happy@gmail.com' },
3957 silly install resolved     repository: {
3957 silly install resolved       url: 'git+ssh://git@github.com/react-navigation/standard-navigation.git',
3957 silly install resolved       type: 'git'
3957 silly install resolved     },
3957 silly install resolved     _npmVersion: '11.6.2',
3957 silly install resolved     description: 'Standard navigation API for navigation libraries',
3957 silly install resolved     directories: {},
3957 silly install resolved     _nodeVersion: '24.13.0',
3957 silly install resolved     _hasShrinkwrap: false,
3957 silly install resolved     devDependencies: { typescript: '^6.0.3', '@types/react': '^19.2.14' },
3957 silly install resolved     _npmOperationalInternal: {
3957 silly install resolved       tmp: 'tmp/standard-navigation_0.0.5_1779811867979_0.32650304161651444',
3957 silly install resolved       host: 's3://npm-registry-packages-npm-production'
3957 silly install resolved     },
3957 silly install resolved     _shasum: '8ce5fef5a251991f58ed69283bee5cc1d242625e',
3957 silly install resolved     _resolved: 'https://registry.npmjs.org/standard-navigation/-/standard-navigation-0.0.5.tgz',
3957 silly install resolved     _from: 'standard-navigation@>=0.0.5 <0.0.6'
3957 silly install resolved   },
3957 silly install resolved   {
3957 silly install resolved     name: 'react-native-drawer-layout',
3957 silly install resolved     version: '4.2.10',
3957 silly install resolved     keywords: [
3957 silly install resolved       'react-native-component',
3957 silly install resolved       'react-component',
3957 silly install resolved       'react-native',
3957 silly install resolved       'ios',
3957 silly install resolved       'android',
3957 silly install resolved       'drawer',
3957 silly install resolved       'swipe'
3957 silly install resolved     ],
3957 silly install resolved     license: 'MIT',
3957 silly install resolved     _id: 'react-native-drawer-layout@4.2.10',
3957 silly install resolved     maintainers: [ [Object], [Object], [Object], [Object], [Object], [Object] ],
3957 silly install resolved     homepage: 'https://reactnavigation.org/docs/drawer-layout/',
3957 silly install resolved     bugs: {
3957 silly install resolved       url: 'https://github.com/react-navigation/react-navigation/issues'
3957 silly install resolved     },
3957 silly install resolved     dist: {
3957 silly install resolved       shasum: '80eb37b6cce4bca95a2b58ca7efc7003ea2a3cdb',
3957 silly install resolved       tarball: 'https://registry.npmjs.org/react-native-drawer-layout/-/react-native-drawer-layout-4.2.10.tgz',
3957 silly install resolved       fileCount: 90,
3957 silly install resolved       integrity: 'sha512-O6TQdZ5LSm3dqnuR4rX9KPtE+9dVg7jsezEYz1l01rkQTe4fQvYZIoPu2sZFl5X2N70uhRdjnPULySVR3sBUwA==',
3957 silly install resolved       signatures: [Array],
3957 silly install resolved       unpackedSize: 113659
3957 silly install resolved     },
3957 silly install resolved     main: './lib/module/index.js',
3957 silly install resolved     types: './lib/typescript/src/index.d.ts',
3957 silly install resolved     exports: { '.': [Object], './package.json': './package.json' },
3957 silly install resolved     gitHead: 'aaed3158d351868788ef14aeb66b3fcca5a2de35',
3957 silly install resolved     scripts: { clean: 'del lib', prepack: 'bob build' },
3957 silly install resolved     _npmUser: { name: 'satya164', email: 'satyajit.happy@gmail.com' },
3957 silly install resolved     repository: {
3957 silly install resolved       url: 'git+https://github.com/react-navigation/react-navigation.git',
3957 silly install resolved       type: 'git',
3957 silly install resolved       directory: 'packages/react-native-drawer-layout'
3957 silly install resolved     },
3957 silly install resolved     _npmVersion: 'lerna/4.11.0/node@v24.13.0+arm64 (darwin)',
3957 silly install resolved     description: 'Drawer component for React Native',
3957 silly install resolved     directories: {},
3957 silly install resolved     sideEffects: false,
3957 silly install resolved     _nodeVersion: '24.13.0',
3957 silly install resolved     dependencies: { color: '^4.2.3', 'use-latest-callback': '^0.2.4' },
3957 silly install resolved     _hasShrinkwrap: false,
3957 silly install resolved     devDependencies: {
3957 silly install resolved       react: '19.2.3',
3957 silly install resolved       'del-cli': '^6.0.0',
3957 silly install resolved       typescript: '~6.0.3',
3957 silly install resolved       '@babel/core': '^7.29.0',
3957 silly install resolved       '@types/color': '^4.2.0',
3957 silly install resolved       '@types/react': '~19.2.4',
3957 silly install resolved       'react-native': '0.85.3',
3957 silly install resolved       '@jest/globals': '^30.0.0',
3957 silly install resolved       'react-native-worklets': '0.8.3',
3957 silly install resolved       'react-native-reanimated': '4.3.1',
3957 silly install resolved       'react-native-builder-bob': '^0.42.1',
3957 silly install resolved       '@react-native/metro-config': '0.85.3',
3957 silly install resolved       '@testing-library/react-native': '^13.2.1'
3957 silly install resolved     },
3957 silly install resolved     peerDependencies: {
3957 silly install resolved       react: '>= 18.2.0',
3957 silly install resolved       'react-native': '*',
3957 silly install resolved       'react-native-reanimated': '>= 2.0.0',
3957 silly install resolved       'react-native-gesture-handler': '>= 2.0.0'
3957 silly install resolved     },
3957 silly install resolved     _npmOperationalInternal: {
3957 silly install resolved       tmp: 'tmp/react-native-drawer-layout_4.2.10_1785806487326_0.5370430772759704',
3957 silly install resolved       host: 's3://npm-registry-packages-npm-production'
3957 silly install resolved     },
3957 silly install resolved     'react-native-builder-bob': { output: 'lib', source: 'src', targets: [Array] },
3957 silly install resolved     _shasum: '80eb37b6cce4bca95a2b58ca7efc7003ea2a3cdb',
3957 silly install resolved     _resolved: 'https://registry.npmjs.org/react-native-drawer-layout/-/react-native-drawer-layout-4.2.10.tgz',
3957 silly install resolved     _from: 'react-native-drawer-layout@>=4.2.2 <5.0.0'
3957 silly install resolved   }
3957 silly install resolved ]
3958 info install query-string@7.1.3 into /Users/hanna/Documents/PUMA/puma/node_modules/expo-router
3959 info install @react-native-masked-view/masked-view@0.3.2 into /Users/hanna/Documents/PUMA/puma/node_modules/expo-router
3960 info install @expo/schema-utils@57.0.2 into /Users/hanna/Documents/PUMA/puma/node_modules/expo-router
3961 info install @expo/metro-runtime@57.0.16 into /Users/hanna/Documents/PUMA/puma/node_modules/expo-router
3962 info install @radix-ui/react-tabs@1.1.21 into /Users/hanna/Documents/PUMA/puma/node_modules/expo-router
3963 info install standard-navigation@0.0.5 into /Users/hanna/Documents/PUMA/puma/node_modules/expo-router
3964 info install react-native-drawer-layout@4.2.10 into /Users/hanna/Documents/PUMA/puma/node_modules/expo-router
3965 info installOne query-string@7.1.3
3966 verbose installOne of query-string to /Users/hanna/Documents/PUMA/puma/node_modules/expo-router not in flight; installing
3967 verbose correctMkdir /Users/hanna/.npm/_locks correctMkdir not in flight; initializing
3968 info installOne @react-native-masked-view/masked-view@0.3.2
3969 verbose installOne of @react-native-masked-view/masked-view to /Users/hanna/Documents/PUMA/puma/node_modules/expo-router not in flight; installing
3970 verbose correctMkdir /Users/hanna/.npm/_locks correctMkdir not in flight; initializing
3971 info installOne @expo/schema-utils@57.0.2
3972 verbose installOne of @expo/schema-utils to /Users/hanna/Documents/PUMA/puma/node_modules/expo-router not in flight; installing
3973 verbose correctMkdir /Users/hanna/.npm/_locks correctMkdir not in flight; initializing
3974 info installOne @expo/metro-runtime@57.0.16
3975 verbose installOne of @expo/metro-runtime to /Users/hanna/Documents/PUMA/puma/node_modules/expo-router not in flight; installing
3976 verbose correctMkdir /Users/hanna/.npm/_locks correctMkdir not in flight; initializing
3977 info installOne @radix-ui/react-tabs@1.1.21
3978 verbose installOne of @radix-ui/react-tabs to /Users/hanna/Documents/PUMA/puma/node_modules/expo-router not in flight; installing
3979 verbose correctMkdir /Users/hanna/.npm/_locks correctMkdir not in flight; initializing
3980 info installOne standard-navigation@0.0.5
3981 verbose installOne of standard-navigation to /Users/hanna/Documents/PUMA/puma/node_modules/expo-router not in flight; installing
3982 verbose correctMkdir /Users/hanna/.npm/_locks correctMkdir not in flight; initializing
3983 info installOne react-native-drawer-layout@4.2.10
3984 verbose installOne of react-native-drawer-layout to /Users/hanna/Documents/PUMA/puma/node_modules/expo-router not in flight; installing
3985 verbose correctMkdir /Users/hanna/.npm/_locks correctMkdir not in flight; initializing
3986 verbose lock using /Users/hanna/.npm/_locks/expo-schema-utils-aafffb15ba42bff9.lock for /Users/hanna/Documents/PUMA/puma/node_modules/expo-router/node_modules/@expo/schema-utils
3987 verbose lock using /Users/hanna/.npm/_locks/query-string-cdd513cc4d3ca5f6.lock for /Users/hanna/Documents/PUMA/puma/node_modules/expo-router/node_modules/query-string
3988 verbose lock using /Users/hanna/.npm/_locks/react-native-masked-view-0cb45d885fd1c84d.lock for /Users/hanna/Documents/PUMA/puma/node_modules/expo-router/node_modules/@react-native-masked-view/masked-view
3989 verbose lock using /Users/hanna/.npm/_locks/expo-metro-runtime-627145081cdea78b.lock for /Users/hanna/Documents/PUMA/puma/node_modules/expo-router/node_modules/@expo/metro-runtime
3990 silly install write writing @expo/schema-utils 57.0.2 to /Users/hanna/Documents/PUMA/puma/node_modules/expo-router/node_modules/@expo/schema-utils
3991 silly install write writing query-string 7.1.3 to /Users/hanna/Documents/PUMA/puma/node_modules/expo-router/node_modules/query-string
3992 verbose lock using /Users/hanna/.npm/_locks/react-native-drawer-layo-21278a80df6e9104.lock for /Users/hanna/Documents/PUMA/puma/node_modules/expo-router/node_modules/react-native-drawer-layout
3993 verbose lock using /Users/hanna/.npm/_locks/radix-ui-react-tabs-0cc9681d1c0898a1.lock for /Users/hanna/Documents/PUMA/puma/node_modules/expo-router/node_modules/@radix-ui/react-tabs
3994 silly install write writing @react-native-masked-view/masked-view 0.3.2 to /Users/hanna/Documents/PUMA/puma/node_modules/expo-router/node_modules/@react-native-masked-view/masked-view
3995 silly install write writing @expo/metro-runtime 57.0.16 to /Users/hanna/Documents/PUMA/puma/node_modules/expo-router/node_modules/@expo/metro-runtime
3996 verbose lock using /Users/hanna/.npm/_locks/standard-navigation-abcbb22fd03d6ab5.lock for /Users/hanna/Documents/PUMA/puma/node_modules/expo-router/node_modules/standard-navigation
3997 silly install write writing react-native-drawer-layout 4.2.10 to /Users/hanna/Documents/PUMA/puma/node_modules/expo-router/node_modules/react-native-drawer-layout
3998 silly install write writing @radix-ui/react-tabs 1.1.21 to /Users/hanna/Documents/PUMA/puma/node_modules/expo-router/node_modules/@radix-ui/react-tabs
3999 silly install write writing standard-navigation 0.0.5 to /Users/hanna/Documents/PUMA/puma/node_modules/expo-router/node_modules/standard-navigation
4000 verbose unbuild node_modules/expo-router/node_modules/query-string
4001 verbose unbuild node_modules/expo-router/node_modules/@react-native-masked-view/masked-view
4002 verbose unbuild node_modules/expo-router/node_modules/@expo/metro-runtime
4003 verbose unbuild node_modules/expo-router/node_modules/@expo/schema-utils
4004 verbose unbuild node_modules/expo-router/node_modules/react-native-drawer-layout
4005 silly gentlyRm /Users/hanna/Documents/PUMA/puma/node_modules/expo-router/node_modules/query-string is being purged from base /Users/hanna/Documents/PUMA/puma
4006 verbose gentlyRm don't care about contents; nuking /Users/hanna/Documents/PUMA/puma/node_modules/expo-router/node_modules/query-string
4007 silly gentlyRm /Users/hanna/Documents/PUMA/puma/node_modules/expo-router/node_modules/@react-native-masked-view/masked-view is being purged from base /Users/hanna/Documents/PUMA/puma
4008 verbose gentlyRm don't care about contents; nuking /Users/hanna/Documents/PUMA/puma/node_modules/expo-router/node_modules/@react-native-masked-view/masked-view
4009 silly gentlyRm /Users/hanna/Documents/PUMA/puma/node_modules/expo-router/node_modules/@expo/metro-runtime is being purged from base /Users/hanna/Documents/PUMA/puma
4010 verbose gentlyRm don't care about contents; nuking /Users/hanna/Documents/PUMA/puma/node_modules/expo-router/node_modules/@expo/metro-runtime
4011 silly gentlyRm /Users/hanna/Documents/PUMA/puma/node_modules/expo-router/node_modules/@expo/schema-utils is being purged from base /Users/hanna/Documents/PUMA/puma
4012 verbose gentlyRm don't care about contents; nuking /Users/hanna/Documents/PUMA/puma/node_modules/expo-router/node_modules/@expo/schema-utils
4013 verbose unbuild node_modules/expo-router/node_modules/standard-navigation
4014 verbose unbuild node_modules/expo-router/node_modules/@radix-ui/react-tabs
4015 silly gentlyRm /Users/hanna/Documents/PUMA/puma/node_modules/expo-router/node_modules/react-native-drawer-layout is being purged from base /Users/hanna/Documents/PUMA/puma
4016 verbose gentlyRm don't care about contents; nuking /Users/hanna/Documents/PUMA/puma/node_modules/expo-router/node_modules/react-native-drawer-layout
4017 verbose tar unpack /Users/hanna/.npm/query-string/7.1.3/package.tgz
4018 verbose tar unpacking to /Users/hanna/Documents/PUMA/puma/node_modules/expo-router/node_modules/query-string
4019 silly gentlyRm /Users/hanna/Documents/PUMA/puma/node_modules/expo-router/node_modules/query-string is being purged
4020 verbose gentlyRm don't care about contents; nuking /Users/hanna/Documents/PUMA/puma/node_modules/expo-router/node_modules/query-string
4021 verbose tar unpack /Users/hanna/.npm/@react-native-masked-view/masked-view/0.3.2/package.tgz
4022 verbose tar unpacking to /Users/hanna/Documents/PUMA/puma/node_modules/expo-router/node_modules/@react-native-masked-view/masked-view
4023 silly gentlyRm /Users/hanna/Documents/PUMA/puma/node_modules/expo-router/node_modules/@react-native-masked-view/masked-view is being purged
4024 verbose gentlyRm don't care about contents; nuking /Users/hanna/Documents/PUMA/puma/node_modules/expo-router/node_modules/@react-native-masked-view/masked-view
4025 verbose tar unpack /Users/hanna/.npm/@expo/metro-runtime/57.0.16/package.tgz
4026 verbose tar unpacking to /Users/hanna/Documents/PUMA/puma/node_modules/expo-router/node_modules/@expo/metro-runtime
4027 silly gentlyRm /Users/hanna/Documents/PUMA/puma/node_modules/expo-router/node_modules/@expo/metro-runtime is being purged
4028 verbose gentlyRm don't care about contents; nuking /Users/hanna/Documents/PUMA/puma/node_modules/expo-router/node_modules/@expo/metro-runtime
4029 verbose tar unpack /Users/hanna/.npm/@expo/schema-utils/57.0.2/package.tgz
4030 verbose tar unpacking to /Users/hanna/Documents/PUMA/puma/node_modules/expo-router/node_modules/@expo/schema-utils
4031 silly gentlyRm /Users/hanna/Documents/PUMA/puma/node_modules/expo-router/node_modules/@expo/schema-utils is being purged
4032 verbose gentlyRm don't care about contents; nuking /Users/hanna/Documents/PUMA/puma/node_modules/expo-router/node_modules/@expo/schema-utils
4033 verbose tar unpack /Users/hanna/.npm/react-native-drawer-layout/4.2.10/package.tgz
4034 verbose tar unpacking to /Users/hanna/Documents/PUMA/puma/node_modules/expo-router/node_modules/react-native-drawer-layout
4035 silly gentlyRm /Users/hanna/Documents/PUMA/puma/node_modules/expo-router/node_modules/react-native-drawer-layout is being purged
4036 verbose gentlyRm don't care about contents; nuking /Users/hanna/Documents/PUMA/puma/node_modules/expo-router/node_modules/react-native-drawer-layout
4037 silly gunzTarPerm modes [ '755', '644' ]
4038 silly gunzTarPerm modes [ '755', '644' ]
4039 silly gunzTarPerm modes [ '755', '644' ]
4040 silly gunzTarPerm modes [ '755', '644' ]
4041 silly gunzTarPerm modes [ '755', '644' ]
4042 silly gentlyRm /Users/hanna/Documents/PUMA/puma/node_modules/expo-router/node_modules/@radix-ui/react-tabs is being purged from base /Users/hanna/Documents/PUMA/puma
4043 verbose gentlyRm don't care about contents; nuking /Users/hanna/Documents/PUMA/puma/node_modules/expo-router/node_modules/@radix-ui/react-tabs
4044 silly gentlyRm /Users/hanna/Documents/PUMA/puma/node_modules/expo-router/node_modules/standard-navigation is being purged from base /Users/hanna/Documents/PUMA/puma
4045 verbose gentlyRm don't care about contents; nuking /Users/hanna/Documents/PUMA/puma/node_modules/expo-router/node_modules/standard-navigation
4046 verbose tar unpack /Users/hanna/.npm/@radix-ui/react-tabs/1.1.21/package.tgz
4047 verbose tar unpacking to /Users/hanna/Documents/PUMA/puma/node_modules/expo-router/node_modules/@radix-ui/react-tabs
4048 silly gentlyRm /Users/hanna/Documents/PUMA/puma/node_modules/expo-router/node_modules/@radix-ui/react-tabs is being purged
4049 verbose gentlyRm don't care about contents; nuking /Users/hanna/Documents/PUMA/puma/node_modules/expo-router/node_modules/@radix-ui/react-tabs
4050 verbose tar unpack /Users/hanna/.npm/standard-navigation/0.0.5/package.tgz
4051 verbose tar unpacking to /Users/hanna/Documents/PUMA/puma/node_modules/expo-router/node_modules/standard-navigation
4052 silly gentlyRm /Users/hanna/Documents/PUMA/puma/node_modules/expo-router/node_modules/standard-navigation is being purged
4053 verbose gentlyRm don't care about contents; nuking /Users/hanna/Documents/PUMA/puma/node_modules/expo-router/node_modules/standard-navigation
4054 silly gunzTarPerm modes [ '755', '644' ]
4055 silly gunzTarPerm modes [ '755', '644' ]
4056 silly gunzTarPerm extractEntry license
4057 silly gunzTarPerm extractEntry LICENSE
4058 silly gunzTarPerm extractEntry LICENSE
4059 silly gunzTarPerm extractEntry dist/index.js
4060 silly gunzTarPerm extractEntry LICENSE
4061 silly gunzTarPerm extractEntry lib/src/index.js
4062 silly gunzTarPerm extractEntry rsc/runtime.js
4063 silly gunzTarPerm extractEntry lib/module/views/Drawer.js
4064 silly gunzTarPerm extractEntry lib/module/views/Drawer.native.js
4065 silly gunzTarPerm extractEntry android/build.gradle
4066 silly gunzTarPerm extractEntry ios/RNCMaskedView.h
4067 silly gunzTarPerm extractEntry index.js
4068 silly gunzTarPerm extractEntry package.json
4069 silly gunzTarPerm extractEntry package.json
4070 silly gunzTarPerm extractEntry build/getDevServer.d.ts.map
4071 silly gunzTarPerm extractEntry build/deref.js
4072 silly gunzTarPerm extractEntry build/index.js
4073 silly gunzTarPerm extractEntry package.json
4074 silly gunzTarPerm extractEntry dist/index.js.map
4075 silly gunzTarPerm extractEntry package.json
4076 silly gunzTarPerm extractEntry README.md
4077 silly gunzTarPerm extractEntry readme.md
4078 silly gunzTarPerm extractEntry index.d.ts
4079 silly gunzTarPerm extractEntry build/JSONSchema.js
4080 silly gunzTarPerm extractEntry build/validate.js
4081 silly gunzTarPerm extractEntry ios/RNCMaskedViewManager.h
4082 silly gunzTarPerm extractEntry android/src/main/java/org/reactnative/maskedview/RNCMaskedView.java
4083 silly gunzTarPerm extractEntry lib/module/utils/DrawerGestureContext.js
4084 silly gunzTarPerm extractEntry build/getDevServer.native.d.ts.map
4085 silly gunzTarPerm extractEntry build/ExceptionsManager/index.d.ts.map
4086 silly gunzTarPerm extractEntry dist/index.mjs.map
4087 silly gunzTarPerm extractEntry lib/src/index.d.ts
4088 silly gunzTarPerm extractEntry package.json
4089 silly gunzTarPerm extractEntry build/index.d.ts.map
4090 silly gunzTarPerm extractEntry build/ExceptionsManager/index.native.d.ts.map
4091 silly gunzTarPerm extractEntry android/src/main/java/org/reactnative/maskedview/RNCMaskedViewManager.java
4092 silly gunzTarPerm extractEntry android/src/main/java/org/reactnative/maskedview/RNCMaskedViewPackage.java
4093 silly gunzTarPerm extractEntry README.md
4094 silly gunzTarPerm extractEntry dist/index.mjs
4095 silly gunzTarPerm extractEntry lib/module/utils/DrawerProgressContext.js
4096 silly gunzTarPerm extractEntry lib/module/views/GestureHandler.android.js
4097 silly gunzTarPerm extractEntry build/deref.js.map
4098 silly gunzTarPerm extractEntry build/index.js.map
4099 silly gunzTarPerm extractEntry build/location/install.d.ts.map
4100 silly gunzTarPerm extractEntry build/location/install.native.d.ts.map
4101 silly gunzTarPerm extractEntry index.js
4102 silly gunzTarPerm extractEntry js/MaskedView.js
4103 silly gunzTarPerm extractEntry dist/index.d.mts
4104 silly gunzTarPerm extractEntry build/JSONSchema.js.map
4105 silly gunzTarPerm extractEntry lib/module/views/GestureHandler.ios.js
4106 silly gunzTarPerm extractEntry lib/module/views/GestureHandler.js
4107 silly gunzTarPerm extractEntry build/location/Location.d.ts.map
4108 silly gunzTarPerm extractEntry build/location/Location.native.d.ts.map
4109 silly gunzTarPerm extractEntry dist/index.d.ts
4110 silly gunzTarPerm extractEntry LICENSE
4111 silly gunzTarPerm extractEntry build/validate.js.map
4112 silly gunzTarPerm extractEntry README.md
4113 silly gunzTarPerm extractEntry lib/module/views/GestureHandlerNative.js
4114 silly gunzTarPerm extractEntry lib/module/utils/getDrawerWidth.js
4115 verbose write writing to /Users/hanna/Documents/PUMA/puma/node_modules/expo-router/node_modules/query-string/package.json
4116 silly gunzTarPerm extractEntry build/deref.d.ts
4117 silly gunzTarPerm extractEntry build/index.d.ts
4118 verbose write writing to /Users/hanna/Documents/PUMA/puma/node_modules/expo-router/node_modules/standard-navigation/package.json
4119 silly gunzTarPerm extractEntry build/metroServerLogs.d.ts.map
4120 silly gunzTarPerm extractEntry build/metroServerLogs.native.d.ts.map
4121 silly gunzTarPerm extractEntry lib/module/index.js
4122 silly gunzTarPerm extractEntry lib/module/views/InteractionManager.js
4123 silly gunzTarPerm extractEntry js/MaskedView.web.js
4124 info preinstall query-string@7.1.3
4125 info preinstall standard-navigation@0.0.5
4126 verbose readDependencies loading dependencies from /Users/hanna/Documents/PUMA/puma/node_modules/expo-router/node_modules/query-string/package.json
4127 verbose readDependencies loading dependencies from /Users/hanna/Documents/PUMA/puma/node_modules/expo-router/node_modules/standard-navigation/package.json
4128 silly gunzTarPerm extractEntry build/JSONSchema.d.ts
4129 silly gunzTarPerm extractEntry build/validate.d.ts
4130 silly gunzTarPerm extractEntry build/ExceptionsManager/parseErrorStack.d.ts.map
4131 silly gunzTarPerm extractEntry build/promiseRejectionTracking.d.ts.map
4132 silly gunzTarPerm extractEntry lib/module/views/InteractionManager.native.js
4133 silly gunzTarPerm extractEntry lib/module/views/Overlay.js
4134 silly prepareForInstallMany adding filter-obj@^1.1.0 from query-string dependencies
4135 silly prepareForInstallMany adding split-on-first@^1.0.0 from query-string dependencies
4136 silly prepareForInstallMany adding strict-uri-encode@^2.0.0 from query-string dependencies
4137 silly prepareForInstallMany adding decode-uri-component@^0.2.2 from query-string dependencies
4138 verbose readDependencies loading dependencies from /Users/hanna/Documents/PUMA/puma/node_modules/expo-router/node_modules/query-string/package.json
4139 verbose readDependencies loading dependencies from /Users/hanna/Documents/PUMA/puma/node_modules/expo-router/node_modules/standard-navigation/package.json
4140 silly gunzTarPerm extractEntry build/promiseRejectionTracking.native.d.ts.map
4141 silly gunzTarPerm extractEntry README.md
4142 silly gunzTarPerm extractEntry lib/module/views/Overlay.native.js
4143 silly gunzTarPerm extractEntry lib/module/types.js
4144 silly cache add args [ 'filter-obj@^1.1.0', null ]
4145 verbose cache add spec filter-obj@^1.1.0
4146 silly cache add parsed spec Result {
4146 silly cache add   raw: 'filter-obj@^1.1.0',
4146 silly cache add   scope: null,
4146 silly cache add   name: 'filter-obj',
4146 silly cache add   rawSpec: '^1.1.0',
4146 silly cache add   spec: '>=1.1.0 <2.0.0',
4146 silly cache add   type: 'range'
4146 silly cache add }
4147 silly addNamed filter-obj@>=1.1.0 <2.0.0
4148 verbose addNamed ">=1.1.0 <2.0.0" is a valid semver range for filter-obj
4149 silly addNameRange { name: 'filter-obj', range: '>=1.1.0 <2.0.0', hasData: false }
4150 silly mapToRegistry name filter-obj
4151 silly mapToRegistry using default registry
4152 silly mapToRegistry registry https://registry.npmjs.org/
4153 silly mapToRegistry data Result {
4153 silly mapToRegistry   raw: 'filter-obj',
4153 silly mapToRegistry   scope: null,
4153 silly mapToRegistry   name: 'filter-obj',
4153 silly mapToRegistry   rawSpec: '',
4153 silly mapToRegistry   spec: 'latest',
4153 silly mapToRegistry   type: 'tag'
4153 silly mapToRegistry }
4154 silly mapToRegistry uri https://registry.npmjs.org/filter-obj
4155 verbose addNameRange registry:https://registry.npmjs.org/filter-obj not in flight; fetching
4156 silly cache add args [ 'split-on-first@^1.0.0', null ]
4157 verbose cache add spec split-on-first@^1.0.0
4158 silly cache add parsed spec Result {
4158 silly cache add   raw: 'split-on-first@^1.0.0',
4158 silly cache add   scope: null,
4158 silly cache add   name: 'split-on-first',
4158 silly cache add   rawSpec: '^1.0.0',
4158 silly cache add   spec: '>=1.0.0 <2.0.0',
4158 silly cache add   type: 'range'
4158 silly cache add }
4159 silly addNamed split-on-first@>=1.0.0 <2.0.0
4160 verbose addNamed ">=1.0.0 <2.0.0" is a valid semver range for split-on-first
4161 silly addNameRange { name: 'split-on-first', range: '>=1.0.0 <2.0.0', hasData: false }
4162 silly mapToRegistry name split-on-first
4163 silly mapToRegistry using default registry
4164 silly mapToRegistry registry https://registry.npmjs.org/
4165 silly mapToRegistry data Result {
4165 silly mapToRegistry   raw: 'split-on-first',
4165 silly mapToRegistry   scope: null,
4165 silly mapToRegistry   name: 'split-on-first',
4165 silly mapToRegistry   rawSpec: '',
4165 silly mapToRegistry   spec: 'latest',
4165 silly mapToRegistry   type: 'tag'
4165 silly mapToRegistry }
4166 silly mapToRegistry uri https://registry.npmjs.org/split-on-first
4167 verbose addNameRange registry:https://registry.npmjs.org/split-on-first not in flight; fetching
4168 silly gunzTarPerm extractEntry js/MaskedViewTypes.js
4169 silly gunzTarPerm extractEntry package.json
4170 silly cache add args [ 'strict-uri-encode@^2.0.0', null ]
4171 verbose cache add spec strict-uri-encode@^2.0.0
4172 silly cache add parsed spec Result {
4172 silly cache add   raw: 'strict-uri-encode@^2.0.0',
4172 silly cache add   scope: null,
4172 silly cache add   name: 'strict-uri-encode',
4172 silly cache add   rawSpec: '^2.0.0',
4172 silly cache add   spec: '>=2.0.0 <3.0.0',
4172 silly cache add   type: 'range'
4172 silly cache add }
4173 silly addNamed strict-uri-encode@>=2.0.0 <3.0.0
4174 verbose addNamed ">=2.0.0 <3.0.0" is a valid semver range for strict-uri-encode
4175 silly addNameRange { name: 'strict-uri-encode', range: '>=2.0.0 <3.0.0', hasData: false }
4176 silly mapToRegistry name strict-uri-encode
4177 silly mapToRegistry using default registry
4178 silly mapToRegistry registry https://registry.npmjs.org/
4179 silly mapToRegistry data Result {
4179 silly mapToRegistry   raw: 'strict-uri-encode',
4179 silly mapToRegistry   scope: null,
4179 silly mapToRegistry   name: 'strict-uri-encode',
4179 silly mapToRegistry   rawSpec: '',
4179 silly mapToRegistry   spec: 'latest',
4179 silly mapToRegistry   type: 'tag'
4179 silly mapToRegistry }
4180 silly mapToRegistry uri https://registry.npmjs.org/strict-uri-encode
4181 verbose addNameRange registry:https://registry.npmjs.org/strict-uri-encode not in flight; fetching
4182 silly gunzTarPerm extractEntry lib/module/utils/useDrawerProgress.js
4183 silly gunzTarPerm extractEntry lib/module/utils/useFakeSharedValue.js
4184 silly install resolved []
4185 verbose about to build /Users/hanna/Documents/PUMA/puma/node_modules/expo-router/node_modules/standard-navigation
4186 info build /Users/hanna/Documents/PUMA/puma/node_modules/expo-router/node_modules/standard-navigation
4187 verbose request uri https://registry.npmjs.org/filter-obj
4188 verbose request no auth needed
4189 info attempt registry request try #1 at 12:33:42 PM
4190 verbose etag W/"32accb612c57c0a5baf115b8b754bce1"
4191 verbose lastModified Mon, 27 May 2024 10:48:45 GMT
4192 http request GET https://registry.npmjs.org/filter-obj
4193 verbose request uri https://registry.npmjs.org/split-on-first
4194 verbose request no auth needed
4195 info attempt registry request try #1 at 12:33:42 PM
4196 verbose etag W/"797819718cccf7dd112d2c28c7d05a39"
4197 verbose lastModified Wed, 20 Aug 2025 09:12:13 GMT
4198 http request GET https://registry.npmjs.org/split-on-first
4199 silly cache add args [ 'decode-uri-component@^0.2.2', null ]
4200 verbose cache add spec decode-uri-component@^0.2.2
4201 silly cache add parsed spec Result {
4201 silly cache add   raw: 'decode-uri-component@^0.2.2',
4201 silly cache add   scope: null,
4201 silly cache add   name: 'decode-uri-component',
4201 silly cache add   rawSpec: '^0.2.2',
4201 silly cache add   spec: '>=0.2.2 <0.3.0',
4201 silly cache add   type: 'range'
4201 silly cache add }
4202 silly addNamed decode-uri-component@>=0.2.2 <0.3.0
4203 verbose addNamed ">=0.2.2 <0.3.0" is a valid semver range for decode-uri-component
4204 silly addNameRange {
4204 silly addNameRange   name: 'decode-uri-component',
4204 silly addNameRange   range: '>=0.2.2 <0.3.0',
4204 silly addNameRange   hasData: false
4204 silly addNameRange }
4205 silly mapToRegistry name decode-uri-component
4206 silly mapToRegistry using default registry
4207 silly mapToRegistry registry https://registry.npmjs.org/
4208 silly mapToRegistry data Result {
4208 silly mapToRegistry   raw: 'decode-uri-component',
4208 silly mapToRegistry   scope: null,
4208 silly mapToRegistry   name: 'decode-uri-component',
4208 silly mapToRegistry   rawSpec: '',
4208 silly mapToRegistry   spec: 'latest',
4208 silly mapToRegistry   type: 'tag'
4208 silly mapToRegistry }
4209 silly mapToRegistry uri https://registry.npmjs.org/decode-uri-component
4210 verbose addNameRange registry:https://registry.npmjs.org/decode-uri-component not in flight; fetching
4211 silly gunzTarPerm extractEntry build/getDevServer.d.ts
4212 silly gunzTarPerm extractEntry build/getDevServer.native.d.ts
4213 silly gunzTarPerm extractEntry ios/RNCMaskedView.m
4214 silly gunzTarPerm extractEntry ios/RNCMaskedViewManager.m
4215 verbose request uri https://registry.npmjs.org/strict-uri-encode
4216 verbose request no auth needed
4217 info attempt registry request try #1 at 12:33:42 PM
4218 verbose etag W/"9a9fc224bab2ed571d78b5225c9801e6"
4219 verbose lastModified Mon, 27 Jun 2022 00:57:59 GMT
4220 http request GET https://registry.npmjs.org/strict-uri-encode
4221 verbose request uri https://registry.npmjs.org/decode-uri-component
4222 verbose request no auth needed
4223 info attempt registry request try #1 at 12:33:42 PM
4224 verbose etag W/"d52bc575449911cb6663f26a740985b2"
4225 verbose lastModified Mon, 19 Dec 2022 09:20:13 GMT
4226 http request GET https://registry.npmjs.org/decode-uri-component
4227 silly gunzTarPerm extractEntry lib/module/package.json
4228 silly gunzTarPerm extractEntry lib/typescript/package.json
4229 info linkStuff standard-navigation@0.0.5
4230 silly linkStuff standard-navigation@0.0.5 has /Users/hanna/Documents/PUMA/puma/node_modules/expo-router/node_modules as its parent node_modules
4231 silly gunzTarPerm extractEntry src/getDevServer.native.ts
4232 silly gunzTarPerm extractEntry src/getDevServer.ts
4233 silly gunzTarPerm extractEntry README.md
4234 silly gunzTarPerm extractEntry ios/RNCMaskedView.xcodeproj/project.pbxproj
4235 verbose write writing to /Users/hanna/Documents/PUMA/puma/node_modules/expo-router/node_modules/@radix-ui/react-tabs/package.json
4236 silly gunzTarPerm extractEntry package.json
4237 silly gunzTarPerm extractEntry lib/typescript/src/views/Drawer.d.ts.map
4238 silly gunzTarPerm extractEntry build/ExceptionsManager/index.d.ts
4239 silly gunzTarPerm extractEntry build/index.d.ts
4240 verbose linkBins standard-navigation@0.0.5
4241 verbose linkMans standard-navigation@0.0.5
4242 verbose rebuildBundles standard-navigation@0.0.5
4243 info install standard-navigation@0.0.5
4244 silly gunzTarPerm extractEntry android/src/main/ic_launcher-web.png
4245 silly gunzTarPerm extractEntry RNCMaskedView.podspec
4246 info preinstall @radix-ui/react-tabs@1.1.21
4247 info postinstall standard-navigation@0.0.5
4248 silly gunzTarPerm extractEntry lib/module/views/Drawer.js.map
4249 silly gunzTarPerm extractEntry lib/typescript/src/views/Drawer.native.d.ts.map
4250 verbose readDependencies loading dependencies from /Users/hanna/Documents/PUMA/puma/node_modules/expo-router/node_modules/@radix-ui/react-tabs/package.json
4251 silly gunzTarPerm extractEntry build/ExceptionsManager/index.native.d.ts
4252 silly gunzTarPerm extractEntry src/ExceptionsManager/index.native.ts
4253 verbose unlock done using /Users/hanna/.npm/_locks/standard-navigation-abcbb22fd03d6ab5.lock for /Users/hanna/Documents/PUMA/puma/node_modules/expo-router/node_modules/standard-navigation
4254 silly gunzTarPerm extractEntry types/index.d.ts
4255 silly gunzTarPerm extractEntry android/src/main/AndroidManifest.xml
4256 silly gunzTarPerm extractEntry lib/module/views/Drawer.native.js.map
4257 silly gunzTarPerm extractEntry lib/typescript/src/utils/DrawerGestureContext.d.ts.map
4258 silly gunzTarPerm extractEntry src/ExceptionsManager/index.ts
4259 silly gunzTarPerm extractEntry src/index.ts
4260 silly prepareForInstallMany adding @radix-ui/react-presence@1.1.10 from @radix-ui/react-tabs dependencies
4261 silly prepareForInstallMany adding @radix-ui/react-direction@1.1.4 from @radix-ui/react-tabs dependencies
4262 silly prepareForInstallMany adding @radix-ui/react-primitive@2.1.10 from @radix-ui/react-tabs dependencies
4263 silly prepareForInstallMany adding @radix-ui/react-roving-focus@1.1.19 from @radix-ui/react-tabs dependencies
4264 silly prepareForInstallMany adding @types/react-dom@* from @radix-ui/react-tabs peerDependencies
4265 warn peerDependencies The peer dependency @types/react-dom@* included from @radix-ui/react-tabs will no
4266 warn peerDependencies longer be automatically installed to fulfill the peerDependency
4267 warn peerDependencies in npm 3+. Your application will need to depend on it explicitly.
4268 verbose readDependencies loading dependencies from /Users/hanna/Documents/PUMA/puma/node_modules/expo-router/node_modules/@radix-ui/react-tabs/package.json
4269 silly gunzTarPerm extractEntry lib/module/utils/DrawerGestureContext.js.map
4270 silly gunzTarPerm extractEntry lib/typescript/src/utils/DrawerProgressContext.d.ts.map
4271 silly gunzTarPerm extractEntry build/location/install.d.ts
4272 silly gunzTarPerm extractEntry build/location/install.native.d.ts
4273 silly gunzTarPerm extractEntry lib/module/utils/DrawerProgressContext.js.map
4274 silly gunzTarPerm extractEntry lib/typescript/src/views/GestureHandler.android.d.ts.map
4275 silly gunzTarPerm extractEntry src/location/install.native.ts
4276 silly gunzTarPerm extractEntry src/location/install.ts
4277 verbose write writing to /Users/hanna/Documents/PUMA/puma/node_modules/expo-router/node_modules/@expo/schema-utils/package.json
4278 silly cache add args [ '@radix-ui/react-presence@1.1.10', null ]
4279 verbose cache add spec @radix-ui/react-presence@1.1.10
4280 silly cache add parsed spec Result {
4280 silly cache add   raw: '@radix-ui/react-presence@1.1.10',
4280 silly cache add   scope: '@radix-ui',
4280 silly cache add   name: '@radix-ui/react-presence',
4280 silly cache add   rawSpec: '1.1.10',
4280 silly cache add   spec: '1.1.10',
4280 silly cache add   type: 'version'
4280 silly cache add }
4281 silly addNamed @radix-ui/react-presence@1.1.10
4282 verbose addNamed "1.1.10" is a plain semver version for @radix-ui/react-presence
4283 silly mapToRegistry name @radix-ui/react-presence
4284 silly mapToRegistry scope (from package name) @radix-ui
4285 verbose mapToRegistry no registry URL found in name for scope @radix-ui
4286 silly mapToRegistry using default registry
4287 silly mapToRegistry registry https://registry.npmjs.org/
4288 silly mapToRegistry data Result {
4288 silly mapToRegistry   raw: '@radix-ui/react-presence',
4288 silly mapToRegistry   scope: '@radix-ui',
4288 silly mapToRegistry   name: '@radix-ui/react-presence',
4288 silly mapToRegistry   rawSpec: '',
4288 silly mapToRegistry   spec: 'latest',
4288 silly mapToRegistry   type: 'tag'
4288 silly mapToRegistry }
4289 silly mapToRegistry uri https://registry.npmjs.org/@radix-ui%2freact-presence
4290 verbose addNameVersion registry:https://registry.npmjs.org/@radix-ui%2freact-presence not in flight; fetching
4291 silly cache add args [ '@radix-ui/react-direction@1.1.4', null ]
4292 verbose cache add spec @radix-ui/react-direction@1.1.4
4293 silly cache add parsed spec Result {
4293 silly cache add   raw: '@radix-ui/react-direction@1.1.4',
4293 silly cache add   scope: '@radix-ui',
4293 silly cache add   name: '@radix-ui/react-direction',
4293 silly cache add   rawSpec: '1.1.4',
4293 silly cache add   spec: '1.1.4',
4293 silly cache add   type: 'version'
4293 silly cache add }
4294 silly addNamed @radix-ui/react-direction@1.1.4
4295 verbose addNamed "1.1.4" is a plain semver version for @radix-ui/react-direction
4296 silly mapToRegistry name @radix-ui/react-direction
4297 silly mapToRegistry scope (from package name) @radix-ui
4298 verbose mapToRegistry no registry URL found in name for scope @radix-ui
4299 silly mapToRegistry using default registry
4300 silly mapToRegistry registry https://registry.npmjs.org/
4301 silly mapToRegistry data Result {
4301 silly mapToRegistry   raw: '@radix-ui/react-direction',
4301 silly mapToRegistry   scope: '@radix-ui',
4301 silly mapToRegistry   name: '@radix-ui/react-direction',
4301 silly mapToRegistry   rawSpec: '',
4301 silly mapToRegistry   spec: 'latest',
4301 silly mapToRegistry   type: 'tag'
4301 silly mapToRegistry }
4302 silly mapToRegistry uri https://registry.npmjs.org/@radix-ui%2freact-direction
4303 verbose addNameVersion registry:https://registry.npmjs.org/@radix-ui%2freact-direction not in flight; fetching
4304 silly gunzTarPerm extractEntry lib/module/views/GestureHandler.android.js.map
4305 silly gunzTarPerm extractEntry lib/typescript/src/views/GestureHandler.d.ts.map
4306 info preinstall @expo/schema-utils@57.0.2
4307 silly cache add args [ '@radix-ui/react-primitive@2.1.10', null ]
4308 verbose cache add spec @radix-ui/react-primitive@2.1.10
4309 silly cache add parsed spec Result {
4309 silly cache add   raw: '@radix-ui/react-primitive@2.1.10',
4309 silly cache add   scope: '@radix-ui',
4309 silly cache add   name: '@radix-ui/react-primitive',
4309 silly cache add   rawSpec: '2.1.10',
4309 silly cache add   spec: '2.1.10',
4309 silly cache add   type: 'version'
4309 silly cache add }
4310 silly addNamed @radix-ui/react-primitive@2.1.10
4311 verbose addNamed "2.1.10" is a plain semver version for @radix-ui/react-primitive
4312 silly mapToRegistry name @radix-ui/react-primitive
4313 silly mapToRegistry scope (from package name) @radix-ui
4314 verbose mapToRegistry no registry URL found in name for scope @radix-ui
4315 silly mapToRegistry using default registry
4316 silly mapToRegistry registry https://registry.npmjs.org/
4317 silly mapToRegistry data Result {
4317 silly mapToRegistry   raw: '@radix-ui/react-primitive',
4317 silly mapToRegistry   scope: '@radix-ui',
4317 silly mapToRegistry   name: '@radix-ui/react-primitive',
4317 silly mapToRegistry   rawSpec: '',
4317 silly mapToRegistry   spec: 'latest',
4317 silly mapToRegistry   type: 'tag'
4317 silly mapToRegistry }
4318 silly mapToRegistry uri https://registry.npmjs.org/@radix-ui%2freact-primitive
4319 verbose addNameVersion registry:https://registry.npmjs.org/@radix-ui%2freact-primitive not in flight; fetching
4320 silly gunzTarPerm extractEntry build/location/Location.d.ts
4321 silly gunzTarPerm extractEntry build/location/Location.native.d.ts
4322 verbose readDependencies loading dependencies from /Users/hanna/Documents/PUMA/puma/node_modules/expo-router/node_modules/@expo/schema-utils/package.json
4323 verbose request uri https://registry.npmjs.org/@radix-ui%2freact-presence
4324 verbose request no auth needed
4325 info attempt registry request try #1 at 12:33:42 PM
4326 verbose etag W/"4d504b4bfb630c0145b8083f71425034"
4327 verbose lastModified Wed, 24 Dec 2025 01:25:39 GMT
4328 http request GET https://registry.npmjs.org/@radix-ui%2freact-presence
4329 silly cache add args [ '@radix-ui/react-roving-focus@1.1.19', null ]
4330 verbose cache add spec @radix-ui/react-roving-focus@1.1.19
4331 silly cache add parsed spec Result {
4331 silly cache add   raw: '@radix-ui/react-roving-focus@1.1.19',
4331 silly cache add   scope: '@radix-ui',
4331 silly cache add   name: '@radix-ui/react-roving-focus',
4331 silly cache add   rawSpec: '1.1.19',
4331 silly cache add   spec: '1.1.19',
4331 silly cache add   type: 'version'
4331 silly cache add }
4332 silly addNamed @radix-ui/react-roving-focus@1.1.19
4333 verbose addNamed "1.1.19" is a plain semver version for @radix-ui/react-roving-focus
4334 silly mapToRegistry name @radix-ui/react-roving-focus
4335 silly mapToRegistry scope (from package name) @radix-ui
4336 verbose mapToRegistry no registry URL found in name for scope @radix-ui
4337 silly mapToRegistry using default registry
4338 silly mapToRegistry registry https://registry.npmjs.org/
4339 silly mapToRegistry data Result {
4339 silly mapToRegistry   raw: '@radix-ui/react-roving-focus',
4339 silly mapToRegistry   scope: '@radix-ui',
4339 silly mapToRegistry   name: '@radix-ui/react-roving-focus',
4339 silly mapToRegistry   rawSpec: '',
4339 silly mapToRegistry   spec: 'latest',
4339 silly mapToRegistry   type: 'tag'
4339 silly mapToRegistry }
4340 silly mapToRegistry uri https://registry.npmjs.org/@radix-ui%2freact-roving-focus
4341 verbose addNameVersion registry:https://registry.npmjs.org/@radix-ui%2freact-roving-focus not in flight; fetching
4342 verbose request uri https://registry.npmjs.org/@radix-ui%2freact-direction
4343 verbose request no auth needed
4344 info attempt registry request try #1 at 12:33:42 PM
4345 verbose etag W/"6d047d6b0dfdd2ce8d6eee5628f0a975"
4346 verbose lastModified Wed, 24 Dec 2025 01:25:45 GMT
4347 http request GET https://registry.npmjs.org/@radix-ui%2freact-direction
4348 silly gunzTarPerm extractEntry lib/typescript/src/views/GestureHandler.ios.d.ts.map
4349 silly gunzTarPerm extractEntry lib/module/views/GestureHandler.ios.js.map
4350 silly gunzTarPerm extractEntry src/location/Location.native.ts
4351 silly gunzTarPerm extractEntry src/location/Location.ts
4352 verbose readDependencies loading dependencies from /Users/hanna/Documents/PUMA/puma/node_modules/expo-router/node_modules/@expo/schema-utils/package.json
4353 verbose request uri https://registry.npmjs.org/@radix-ui%2freact-primitive
4354 verbose request no auth needed
4355 info attempt registry request try #1 at 12:33:42 PM
4356 verbose etag W/"9dea7fb88ac66066173bd3fd24006727"
4357 verbose lastModified Wed, 24 Dec 2025 01:25:55 GMT
4358 http request GET https://registry.npmjs.org/@radix-ui%2freact-primitive
4359 silly gunzTarPerm extractEntry lib/module/views/GestureHandler.js.map
4360 verbose request uri https://registry.npmjs.org/@radix-ui%2freact-roving-focus
4361 verbose request no auth needed
4362 info attempt registry request try #1 at 12:33:42 PM
4363 verbose etag W/"64f69a370e8576a555e0fba5608d1e28"
4364 verbose lastModified Wed, 24 Dec 2025 01:25:43 GMT
4365 http request GET https://registry.npmjs.org/@radix-ui%2freact-roving-focus
4366 silly gunzTarPerm extractEntry build/metroServerLogs.d.ts
4367 silly install resolved []
4368 verbose about to build /Users/hanna/Documents/PUMA/puma/node_modules/expo-router/node_modules/@expo/schema-utils
4369 info build /Users/hanna/Documents/PUMA/puma/node_modules/expo-router/node_modules/@expo/schema-utils
4370 silly gunzTarPerm extractEntry lib/typescript/src/views/GestureHandlerNative.d.ts.map
4371 silly gunzTarPerm extractEntry lib/module/views/GestureHandlerNative.js.map
4372 silly gunzTarPerm extractEntry build/metroServerLogs.native.d.ts
4373 silly gunzTarPerm extractEntry src/metroServerLogs.native.ts
4374 info linkStuff @expo/schema-utils@57.0.2
4375 silly linkStuff @expo/schema-utils@57.0.2 has /Users/hanna/Documents/PUMA/puma/node_modules/expo-router/node_modules as its parent node_modules
4376 silly gunzTarPerm extractEntry lib/typescript/src/utils/getDrawerWidth.d.ts.map
4377 silly gunzTarPerm extractEntry lib/module/utils/getDrawerWidth.js.map
4378 silly gunzTarPerm extractEntry src/metroServerLogs.ts
4379 silly gunzTarPerm extractEntry build/ExceptionsManager/parseErrorStack.d.ts
4380 verbose linkBins @expo/schema-utils@57.0.2
4381 verbose linkMans @expo/schema-utils@57.0.2
4382 verbose rebuildBundles @expo/schema-utils@57.0.2
4383 info install @expo/schema-utils@57.0.2
4384 info postinstall @expo/schema-utils@57.0.2
4385 verbose unlock done using /Users/hanna/.npm/_locks/expo-schema-utils-aafffb15ba42bff9.lock for /Users/hanna/Documents/PUMA/puma/node_modules/expo-router/node_modules/@expo/schema-utils
4386 silly gunzTarPerm extractEntry lib/typescript/src/index.d.ts.map
4387 silly gunzTarPerm extractEntry lib/module/index.js.map
4388 silly gunzTarPerm extractEntry src/ExceptionsManager/parseErrorStack.ts
4389 silly gunzTarPerm extractEntry build/promiseRejectionTracking.d.ts
4390 silly gunzTarPerm extractEntry build/promiseRejectionTracking.native.d.ts
4391 silly gunzTarPerm extractEntry src/promiseRejectionTracking.native.ts
4392 silly gunzTarPerm extractEntry lib/typescript/src/views/InteractionManager.d.ts.map
4393 silly gunzTarPerm extractEntry lib/module/views/InteractionManager.js.map
4394 silly gunzTarPerm extractEntry src/promiseRejectionTracking.ts
4395 silly gunzTarPerm extractEntry src/ts-declarations/react-native-web.d.ts
4396 verbose write writing to /Users/hanna/Documents/PUMA/puma/node_modules/expo-router/node_modules/@react-native-masked-view/masked-view/package.json
4397 silly gunzTarPerm extractEntry lib/typescript/src/views/InteractionManager.native.d.ts.map
4398 silly gunzTarPerm extractEntry lib/module/views/InteractionManager.native.js.map
4399 silly gunzTarPerm extractEntry src/ts-declarations/react-native.d.ts
4400 silly gunzTarPerm extractEntry LICENSE
4401 info preinstall @react-native-masked-view/masked-view@0.3.2
4402 silly gunzTarPerm extractEntry lib/typescript/src/views/Overlay.d.ts.map
4403 silly gunzTarPerm extractEntry lib/module/views/Overlay.js.map
4404 verbose readDependencies loading dependencies from /Users/hanna/Documents/PUMA/puma/node_modules/expo-router/node_modules/@react-native-masked-view/masked-view/package.json
4405 verbose readDependencies loading dependencies from /Users/hanna/Documents/PUMA/puma/node_modules/expo-router/node_modules/@react-native-masked-view/masked-view/package.json
4406 silly gunzTarPerm extractEntry lib/typescript/src/views/Overlay.native.d.ts.map
4407 silly gunzTarPerm extractEntry lib/module/views/Overlay.native.js.map
4408 silly install resolved []
4409 verbose about to build /Users/hanna/Documents/PUMA/puma/node_modules/expo-router/node_modules/@react-native-masked-view/masked-view
4410 info build /Users/hanna/Documents/PUMA/puma/node_modules/expo-router/node_modules/@react-native-masked-view/masked-view
4411 info linkStuff @react-native-masked-view/masked-view@0.3.2
4412 silly linkStuff @react-native-masked-view/masked-view@0.3.2 has /Users/hanna/Documents/PUMA/puma/node_modules/expo-router/node_modules as its parent node_modules
4413 silly gunzTarPerm extractEntry lib/typescript/src/types.d.ts.map
4414 silly gunzTarPerm extractEntry lib/module/types.js.map
4415 verbose linkBins @react-native-masked-view/masked-view@0.3.2
4416 verbose linkMans @react-native-masked-view/masked-view@0.3.2
4417 verbose rebuildBundles @react-native-masked-view/masked-view@0.3.2
4418 silly gunzTarPerm extractEntry lib/typescript/src/utils/useDrawerProgress.d.ts.map
4419 silly gunzTarPerm extractEntry lib/module/utils/useDrawerProgress.js.map
4420 info install @react-native-masked-view/masked-view@0.3.2
4421 info postinstall @react-native-masked-view/masked-view@0.3.2
4422 verbose unlock done using /Users/hanna/.npm/_locks/react-native-masked-view-0cb45d885fd1c84d.lock for /Users/hanna/Documents/PUMA/puma/node_modules/expo-router/node_modules/@react-native-masked-view/masked-view
4423 silly gunzTarPerm extractEntry lib/typescript/src/utils/useFakeSharedValue.d.ts.map
4424 silly gunzTarPerm extractEntry lib/module/utils/useFakeSharedValue.js.map
4425 silly gunzTarPerm extractEntry README.md
4426 silly gunzTarPerm extractEntry lib/typescript/src/views/Drawer.d.ts
4427 silly gunzTarPerm extractEntry lib/typescript/src/views/Drawer.native.d.ts
4428 silly gunzTarPerm extractEntry lib/typescript/src/utils/DrawerGestureContext.d.ts
4429 silly gunzTarPerm extractEntry lib/typescript/src/utils/DrawerProgressContext.d.ts
4430 silly gunzTarPerm extractEntry lib/typescript/src/views/GestureHandler.android.d.ts
4431 silly gunzTarPerm extractEntry lib/typescript/src/views/GestureHandler.d.ts
4432 silly gunzTarPerm extractEntry lib/typescript/src/views/GestureHandler.ios.d.ts
4433 silly gunzTarPerm extractEntry lib/typescript/src/views/GestureHandlerNative.d.ts
4434 silly gunzTarPerm extractEntry lib/typescript/src/utils/getDrawerWidth.d.ts
4435 silly gunzTarPerm extractEntry lib/typescript/src/index.d.ts
4436 silly gunzTarPerm extractEntry lib/typescript/src/views/InteractionManager.d.ts
4437 silly gunzTarPerm extractEntry lib/typescript/src/views/InteractionManager.native.d.ts
4438 silly gunzTarPerm extractEntry lib/typescript/src/views/Overlay.d.ts
4439 silly gunzTarPerm extractEntry lib/typescript/src/views/Overlay.native.d.ts
4440 silly gunzTarPerm extractEntry lib/typescript/src/types.d.ts
4441 silly gunzTarPerm extractEntry lib/typescript/src/utils/useDrawerProgress.d.ts
4442 silly gunzTarPerm extractEntry lib/typescript/src/utils/useFakeSharedValue.d.ts
4443 silly gunzTarPerm extractEntry src/views/Drawer.native.tsx
4444 silly gunzTarPerm extractEntry src/views/Drawer.tsx
4445 silly gunzTarPerm extractEntry src/utils/DrawerGestureContext.tsx
4446 silly gunzTarPerm extractEntry src/utils/DrawerProgressContext.tsx
4447 silly gunzTarPerm extractEntry src/views/GestureHandler.android.tsx
4448 silly gunzTarPerm extractEntry src/views/GestureHandler.ios.tsx
4449 silly gunzTarPerm extractEntry src/views/GestureHandler.tsx
4450 silly gunzTarPerm extractEntry src/views/GestureHandlerNative.tsx
4451 silly gunzTarPerm extractEntry src/utils/getDrawerWidth.tsx
4452 silly gunzTarPerm extractEntry src/index.tsx
4453 silly gunzTarPerm extractEntry src/views/InteractionManager.native.tsx
4454 silly gunzTarPerm extractEntry src/views/InteractionManager.tsx
4455 silly gunzTarPerm extractEntry src/views/Overlay.native.tsx
4456 silly gunzTarPerm extractEntry src/views/Overlay.tsx
4457 silly gunzTarPerm extractEntry src/types.tsx
4458 silly gunzTarPerm extractEntry src/utils/useDrawerProgress.tsx
4459 silly gunzTarPerm extractEntry src/utils/useFakeSharedValue.tsx
4460 verbose write writing to /Users/hanna/Documents/PUMA/puma/node_modules/expo-router/node_modules/@expo/metro-runtime/package.json
4461 info preinstall @expo/metro-runtime@57.0.16
4462 verbose readDependencies loading dependencies from /Users/hanna/Documents/PUMA/puma/node_modules/expo-router/node_modules/@expo/metro-runtime/package.json
4463 verbose readDependencies loading dependencies from /Users/hanna/Documents/PUMA/puma/node_modules/expo-router/node_modules/@expo/metro-runtime/package.json
4464 silly install resolved []
4465 verbose about to build /Users/hanna/Documents/PUMA/puma/node_modules/expo-router/node_modules/@expo/metro-runtime
4466 info build /Users/hanna/Documents/PUMA/puma/node_modules/expo-router/node_modules/@expo/metro-runtime
4467 info linkStuff @expo/metro-runtime@57.0.16
4468 silly linkStuff @expo/metro-runtime@57.0.16 has /Users/hanna/Documents/PUMA/puma/node_modules/expo-router/node_modules as its parent node_modules
4469 verbose linkBins @expo/metro-runtime@57.0.16
4470 verbose linkMans @expo/metro-runtime@57.0.16
4471 verbose rebuildBundles @expo/metro-runtime@57.0.16
4472 info install @expo/metro-runtime@57.0.16
4473 info postinstall @expo/metro-runtime@57.0.16
4474 verbose unlock done using /Users/hanna/.npm/_locks/expo-metro-runtime-627145081cdea78b.lock for /Users/hanna/Documents/PUMA/puma/node_modules/expo-router/node_modules/@expo/metro-runtime
4475 verbose write writing to /Users/hanna/Documents/PUMA/puma/node_modules/expo-router/node_modules/react-native-drawer-layout/package.json
4476 info preinstall react-native-drawer-layout@4.2.10
4477 verbose readDependencies loading dependencies from /Users/hanna/Documents/PUMA/puma/node_modules/expo-router/node_modules/react-native-drawer-layout/package.json
4478 verbose readDependencies loading dependencies from /Users/hanna/Documents/PUMA/puma/node_modules/expo-router/node_modules/react-native-drawer-layout/package.json
4479 silly install resolved []
4480 verbose about to build /Users/hanna/Documents/PUMA/puma/node_modules/expo-router/node_modules/react-native-drawer-layout
4481 info build /Users/hanna/Documents/PUMA/puma/node_modules/expo-router/node_modules/react-native-drawer-layout
4482 info linkStuff react-native-drawer-layout@4.2.10
4483 silly linkStuff react-native-drawer-layout@4.2.10 has /Users/hanna/Documents/PUMA/puma/node_modules/expo-router/node_modules as its parent node_modules
4484 verbose linkBins react-native-drawer-layout@4.2.10
4485 verbose linkMans react-native-drawer-layout@4.2.10
4486 verbose rebuildBundles react-native-drawer-layout@4.2.10
4487 info install react-native-drawer-layout@4.2.10
4488 info postinstall react-native-drawer-layout@4.2.10
4489 verbose unlock done using /Users/hanna/.npm/_locks/react-native-drawer-layo-21278a80df6e9104.lock for /Users/hanna/Documents/PUMA/puma/node_modules/expo-router/node_modules/react-native-drawer-layout
4490 http 304 https://registry.npmjs.org/strict-uri-encode
4491 verbose headers {
4491 verbose headers   date: 'Tue, 29 Sep 2026 10:33:42 GMT',
4491 verbose headers   connection: 'keep-alive',
4491 verbose headers   'set-cookie': [
4491 verbose headers     '__cf_bm=X5J_sEzVz8P9uGjGdgCi1Oyz4i8v7IwK5powK2xTHCQ-1790678022.639045-1.0.1.1-CSF_xVNSsft_PtO3STlSa.L9B6TCim1b6hM0Aqdx.2SkB6o3RNeoCKphY2J2RkfzgzmRZKzs2wAOEtCaMeHoyGAdYeih3f0AHWGsqIXoX93v.ubSbeTQbujxBZ0LbkR1; HttpOnly; SameSite=None; Secure; Path=/; Domain=npmjs.org; Expires=Tue, 29 Sep 2026 11:03:42 GMT',
4491 verbose headers     '_cfuvid=eInKPZmtWoAfLB.yzy_e3D0NsFXU2bWshUGLiVL3dY4-1790678022.639045-1.0.1.1-FJ5t3CeDj7ko_fBEKWH9AlRWA65CsNTbwCTvuDdUdJg; HttpOnly; SameSite=None; Secure; Path=/; Domain=npmjs.org'
4491 verbose headers   ],
4491 verbose headers   'cf-ray': 'a42a54c97e0f0d2b-ARN',
4491 verbose headers   'cf-cache-status': 'HIT',
4491 verbose headers   'access-control-allow-origin': '*',
4491 verbose headers   age: '13',
4491 verbose headers   'cache-control': 'public, max-age=300',
4491 verbose headers   etag: '"9a9fc224bab2ed571d78b5225c9801e6"',
4491 verbose headers   'last-modified': 'Mon, 27 Jun 2022 00:57:59 GMT',
4491 verbose headers   server: 'cloudflare'
4491 verbose headers }
4492 silly get cb [
4492 silly get   304,
4492 silly get   {
4492 silly get     date: 'Tue, 29 Sep 2026 10:33:42 GMT',
4492 silly get     connection: 'keep-alive',
4492 silly get     'set-cookie': [
4492 silly get       '__cf_bm=X5J_sEzVz8P9uGjGdgCi1Oyz4i8v7IwK5powK2xTHCQ-1790678022.639045-1.0.1.1-CSF_xVNSsft_PtO3STlSa.L9B6TCim1b6hM0Aqdx.2SkB6o3RNeoCKphY2J2RkfzgzmRZKzs2wAOEtCaMeHoyGAdYeih3f0AHWGsqIXoX93v.ubSbeTQbujxBZ0LbkR1; HttpOnly; SameSite=None; Secure; Path=/; Domain=npmjs.org; Expires=Tue, 29 Sep 2026 11:03:42 GMT',
4492 silly get       '_cfuvid=eInKPZmtWoAfLB.yzy_e3D0NsFXU2bWshUGLiVL3dY4-1790678022.639045-1.0.1.1-FJ5t3CeDj7ko_fBEKWH9AlRWA65CsNTbwCTvuDdUdJg; HttpOnly; SameSite=None; Secure; Path=/; Domain=npmjs.org'
4492 silly get     ],
4492 silly get     'cf-ray': 'a42a54c97e0f0d2b-ARN',
4492 silly get     'cf-cache-status': 'HIT',
4492 silly get     'access-control-allow-origin': '*',
4492 silly get     age: '13',
4492 silly get     'cache-control': 'public, max-age=300',
4492 silly get     etag: '"9a9fc224bab2ed571d78b5225c9801e6"',
4492 silly get     'last-modified': 'Mon, 27 Jun 2022 00:57:59 GMT',
4492 silly get     server: 'cloudflare'
4492 silly get   }
4492 silly get ]
4493 verbose etag https://registry.npmjs.org/strict-uri-encode from cache
4494 verbose get saving strict-uri-encode to /Users/hanna/.npm/registry.npmjs.org/strict-uri-encode/.cache.json
4495 verbose correctMkdir /Users/hanna/.npm correctMkdir not in flight; initializing
4496 silly addNameRange number 2 { name: 'strict-uri-encode', range: '>=2.0.0 <3.0.0', hasData: true }
4497 silly addNameRange versions [
4497 silly addNameRange   'strict-uri-encode',
4497 silly addNameRange   [ '1.0.0', '1.0.1', '1.0.2', '1.1.0', '2.0.0' ]
4497 silly addNameRange ]
4498 silly addNamed strict-uri-encode@2.0.0
4499 verbose addNamed "2.0.0" is a plain semver version for strict-uri-encode
4500 http 200 https://registry.npmjs.org/decode-uri-component
4501 verbose headers {
4501 verbose headers   date: 'Tue, 29 Sep 2026 10:33:42 GMT',
4501 verbose headers   'content-type': 'application/json',
4501 verbose headers   'transfer-encoding': 'chunked',
4501 verbose headers   connection: 'keep-alive',
4501 verbose headers   'set-cookie': [
4501 verbose headers     '__cf_bm=SXmwxbYX7.IObs5AoH56NUosIZTuBt2nm0gpSoeS6vI-1790678022.6392431-1.0.1.1-H5oWIbzFzqyRGSG7R3FOm0aYZzKyMXDLnc5uwPYAwLwe4wPMulsx23jJDWE.WVHoMU9NZdey6DwD6k7keGHOIz5MVkRpANRllWs3vEuTzeYFmnbII8q2xgJ1uh7uB7Qi; HttpOnly; SameSite=None; Secure; Path=/; Domain=npmjs.org; Expires=Tue, 29 Sep 2026 11:03:42 GMT',
4501 verbose headers     '_cfuvid=K3.PwSOFigloJPxXY4ezIgLoWHiGmfSoNN0Vg6Dx6LE-1790678022.6392431-1.0.1.1-2aqjpXvzAG6C7NmwFu.w6HX5YzXafkY3j86ph617R0I; HttpOnly; SameSite=None; Secure; Path=/; Domain=npmjs.org'
4501 verbose headers   ],
4501 verbose headers   'cf-ray': 'a42a54c97af07dde-ARN',
4501 verbose headers   'cf-cache-status': 'HIT',
4501 verbose headers   etag: 'W/"188e9b3d8f36b7919e31d6af2204ab47"',
4501 verbose headers   'access-control-allow-origin': '*',
4501 verbose headers   age: '226',
4501 verbose headers   'cache-control': 'public, max-age=300',
4501 verbose headers   'last-modified': 'Mon, 29 Jun 2026 16:00:21 GMT',
4501 verbose headers   server: 'cloudflare',
4501 verbose headers   vary: 'accept-encoding, accept',
4501 verbose headers   'content-encoding': 'gzip'
4501 verbose headers }
4502 silly get cb [
4502 silly get   200,
4502 silly get   {
4502 silly get     date: 'Tue, 29 Sep 2026 10:33:42 GMT',
4502 silly get     'content-type': 'application/json',
4502 silly get     'transfer-encoding': 'chunked',
4502 silly get     connection: 'keep-alive',
4502 silly get     'set-cookie': [
4502 silly get       '__cf_bm=SXmwxbYX7.IObs5AoH56NUosIZTuBt2nm0gpSoeS6vI-1790678022.6392431-1.0.1.1-H5oWIbzFzqyRGSG7R3FOm0aYZzKyMXDLnc5uwPYAwLwe4wPMulsx23jJDWE.WVHoMU9NZdey6DwD6k7keGHOIz5MVkRpANRllWs3vEuTzeYFmnbII8q2xgJ1uh7uB7Qi; HttpOnly; SameSite=None; Secure; Path=/; Domain=npmjs.org; Expires=Tue, 29 Sep 2026 11:03:42 GMT',
4502 silly get       '_cfuvid=K3.PwSOFigloJPxXY4ezIgLoWHiGmfSoNN0Vg6Dx6LE-1790678022.6392431-1.0.1.1-2aqjpXvzAG6C7NmwFu.w6HX5YzXafkY3j86ph617R0I; HttpOnly; SameSite=None; Secure; Path=/; Domain=npmjs.org'
4502 silly get     ],
4502 silly get     'cf-ray': 'a42a54c97af07dde-ARN',
4502 silly get     'cf-cache-status': 'HIT',
4502 silly get     etag: 'W/"188e9b3d8f36b7919e31d6af2204ab47"',
4502 silly get     'access-control-allow-origin': '*',
4502 silly get     age: '226',
4502 silly get     'cache-control': 'public, max-age=300',
4502 silly get     'last-modified': 'Mon, 29 Jun 2026 16:00:21 GMT',
4502 silly get     server: 'cloudflare',
4502 silly get     vary: 'accept-encoding, accept',
4502 silly get     'content-encoding': 'gzip'
4502 silly get   }
4502 silly get ]
4503 verbose get saving decode-uri-component to /Users/hanna/.npm/registry.npmjs.org/decode-uri-component/.cache.json
4504 verbose correctMkdir /Users/hanna/.npm correctMkdir not in flight; initializing
4505 silly cache afterAdd strict-uri-encode@2.0.0
4506 verbose afterAdd /Users/hanna/.npm/strict-uri-encode/2.0.0/package/package.json not in flight; writing
4507 verbose correctMkdir /Users/hanna/.npm correctMkdir not in flight; initializing
4508 silly addNameRange number 2 {
4508 silly addNameRange   name: 'decode-uri-component',
4508 silly addNameRange   range: '>=0.2.2 <0.3.0',
4508 silly addNameRange   hasData: true
4508 silly addNameRange }
4509 silly addNameRange versions [
4509 silly addNameRange   'decode-uri-component',
4509 silly addNameRange   [
4509 silly addNameRange     '0.1.0', '0.2.0',
4509 silly addNameRange     '0.2.1', '0.2.2',
4509 silly addNameRange     '0.3.0', '0.4.0',
4509 silly addNameRange     '0.4.1', '0.5.0'
4509 silly addNameRange   ]
4509 silly addNameRange ]
4510 silly addNamed decode-uri-component@0.2.2
4511 verbose addNamed "0.2.2" is a plain semver version for decode-uri-component
4512 verbose afterAdd /Users/hanna/.npm/strict-uri-encode/2.0.0/package/package.json written
4513 silly cache afterAdd decode-uri-component@0.2.2
4514 verbose afterAdd /Users/hanna/.npm/decode-uri-component/0.2.2/package/package.json not in flight; writing
4515 verbose correctMkdir /Users/hanna/.npm correctMkdir not in flight; initializing
4516 verbose afterAdd /Users/hanna/.npm/decode-uri-component/0.2.2/package/package.json written
4517 http 304 https://registry.npmjs.org/filter-obj
4518 verbose headers {
4518 verbose headers   date: 'Tue, 29 Sep 2026 10:33:42 GMT',
4518 verbose headers   connection: 'keep-alive',
4518 verbose headers   'set-cookie': [
4518 verbose headers     '__cf_bm=jQotWQIBwlD8ktEYw3ZRVBJmYvkiWda7KktRMTff1s4-1790678022.6414137-1.0.1.1-IH2TAlFrX_i7VlpPZ7kJ5RWsoKwDO0v7wa1ktIZ5KObk94pTvCBmawWKaQ1mvQ4pt8TpqepWwflI3FTge2uNqF4Upr3wIqJDILUYTgK.9t0LfFEDplAqFWYtTjIbp09_; HttpOnly; SameSite=None; Secure; Path=/; Domain=npmjs.org; Expires=Tue, 29 Sep 2026 11:03:42 GMT',
4518 verbose headers     '_cfuvid=t_w_9MFk0O1OOZF6OaC9nwa_oG0NbG3Wl7yGwCKExaw-1790678022.6414137-1.0.1.1-5Nr1HPshFiKJmfD_TXDhVLj0dn7Gxt16UfMtLuh9GDs; HttpOnly; SameSite=None; Secure; Path=/; Domain=npmjs.org'
4518 verbose headers   ],
4518 verbose headers   'cf-ray': 'a42a54c988394e58-ARN',
4518 verbose headers   'cf-cache-status': 'HIT',
4518 verbose headers   'access-control-allow-origin': '*',
4518 verbose headers   age: '174',
4518 verbose headers   'cache-control': 'public, max-age=300',
4518 verbose headers   etag: '"32accb612c57c0a5baf115b8b754bce1"',
4518 verbose headers   'last-modified': 'Mon, 27 May 2024 10:48:45 GMT',
4518 verbose headers   server: 'cloudflare'
4518 verbose headers }
4519 silly get cb [
4519 silly get   304,
4519 silly get   {
4519 silly get     date: 'Tue, 29 Sep 2026 10:33:42 GMT',
4519 silly get     connection: 'keep-alive',
4519 silly get     'set-cookie': [
4519 silly get       '__cf_bm=jQotWQIBwlD8ktEYw3ZRVBJmYvkiWda7KktRMTff1s4-1790678022.6414137-1.0.1.1-IH2TAlFrX_i7VlpPZ7kJ5RWsoKwDO0v7wa1ktIZ5KObk94pTvCBmawWKaQ1mvQ4pt8TpqepWwflI3FTge2uNqF4Upr3wIqJDILUYTgK.9t0LfFEDplAqFWYtTjIbp09_; HttpOnly; SameSite=None; Secure; Path=/; Domain=npmjs.org; Expires=Tue, 29 Sep 2026 11:03:42 GMT',
4519 silly get       '_cfuvid=t_w_9MFk0O1OOZF6OaC9nwa_oG0NbG3Wl7yGwCKExaw-1790678022.6414137-1.0.1.1-5Nr1HPshFiKJmfD_TXDhVLj0dn7Gxt16UfMtLuh9GDs; HttpOnly; SameSite=None; Secure; Path=/; Domain=npmjs.org'
4519 silly get     ],
4519 silly get     'cf-ray': 'a42a54c988394e58-ARN',
4519 silly get     'cf-cache-status': 'HIT',
4519 silly get     'access-control-allow-origin': '*',
4519 silly get     age: '174',
4519 silly get     'cache-control': 'public, max-age=300',
4519 silly get     etag: '"32accb612c57c0a5baf115b8b754bce1"',
4519 silly get     'last-modified': 'Mon, 27 May 2024 10:48:45 GMT',
4519 silly get     server: 'cloudflare'
4519 silly get   }
4519 silly get ]
4520 verbose etag https://registry.npmjs.org/filter-obj from cache
4521 verbose get saving filter-obj to /Users/hanna/.npm/registry.npmjs.org/filter-obj/.cache.json
4522 verbose correctMkdir /Users/hanna/.npm correctMkdir not in flight; initializing
4523 silly addNameRange number 2 { name: 'filter-obj', range: '>=1.1.0 <2.0.0', hasData: true }
4524 silly addNameRange versions [
4524 silly addNameRange   'filter-obj',
4524 silly addNameRange   [
4524 silly addNameRange     '1.0.0', '1.1.0',
4524 silly addNameRange     '2.0.0', '2.0.1',
4524 silly addNameRange     '2.0.2', '3.0.0',
4524 silly addNameRange     '4.0.0', '5.0.0',
4524 silly addNameRange     '5.1.0', '6.0.0',
4524 silly addNameRange     '6.1.0'
4524 silly addNameRange   ]
4524 silly addNameRange ]
4525 silly addNamed filter-obj@1.1.0
4526 verbose addNamed "1.1.0" is a plain semver version for filter-obj
4527 silly cache afterAdd filter-obj@1.1.0
4528 verbose afterAdd /Users/hanna/.npm/filter-obj/1.1.0/package/package.json not in flight; writing
4529 verbose correctMkdir /Users/hanna/.npm correctMkdir not in flight; initializing
4530 verbose afterAdd /Users/hanna/.npm/filter-obj/1.1.0/package/package.json written
4531 http 304 https://registry.npmjs.org/split-on-first
4532 verbose headers {
4532 verbose headers   date: 'Tue, 29 Sep 2026 10:33:42 GMT',
4532 verbose headers   connection: 'keep-alive',
4532 verbose headers   'set-cookie': [
4532 verbose headers     '__cf_bm=SzxWGn0xHc0Xv_ZjWz8wFpQ6e3c3U6N5iaFuvF6Phrg-1790678022.643484-1.0.1.1-g6G.MFWpRgTg3qQZTxq7BV3mjDbV6dc6pHlP5OoX1epGhkecHooj_TPi1BsA7pUxgAgjMa3EUCkggBf6iaJGAEkIfDQU.3EnWICLqQ77UFuJ5cs.mp9WzPt_iImg8HPD; HttpOnly; SameSite=None; Secure; Path=/; Domain=npmjs.org; Expires=Tue, 29 Sep 2026 11:03:42 GMT',
4532 verbose headers     '_cfuvid=XnOIlATgaOIlxAC2wBCkRaQxnr8ziB3hYe0JmiWzTGY-1790678022.643484-1.0.1.1-BwfMuoHmIkHFf2G6fSEazQdG23oarVnD7tVd6h0RIaM; HttpOnly; SameSite=None; Secure; Path=/; Domain=npmjs.org'
4532 verbose headers   ],
4532 verbose headers   'cf-ray': 'a42a54c98ca621e9-ARN',
4532 verbose headers   'cf-cache-status': 'HIT',
4532 verbose headers   'access-control-allow-origin': '*',
4532 verbose headers   age: '208',
4532 verbose headers   'cache-control': 'public, max-age=300',
4532 verbose headers   etag: '"797819718cccf7dd112d2c28c7d05a39"',
4532 verbose headers   'last-modified': 'Wed, 20 Aug 2025 09:12:13 GMT',
4532 verbose headers   server: 'cloudflare'
4532 verbose headers }
4533 silly get cb [
4533 silly get   304,
4533 silly get   {
4533 silly get     date: 'Tue, 29 Sep 2026 10:33:42 GMT',
4533 silly get     connection: 'keep-alive',
4533 silly get     'set-cookie': [
4533 silly get       '__cf_bm=SzxWGn0xHc0Xv_ZjWz8wFpQ6e3c3U6N5iaFuvF6Phrg-1790678022.643484-1.0.1.1-g6G.MFWpRgTg3qQZTxq7BV3mjDbV6dc6pHlP5OoX1epGhkecHooj_TPi1BsA7pUxgAgjMa3EUCkggBf6iaJGAEkIfDQU.3EnWICLqQ77UFuJ5cs.mp9WzPt_iImg8HPD; HttpOnly; SameSite=None; Secure; Path=/; Domain=npmjs.org; Expires=Tue, 29 Sep 2026 11:03:42 GMT',
4533 silly get       '_cfuvid=XnOIlATgaOIlxAC2wBCkRaQxnr8ziB3hYe0JmiWzTGY-1790678022.643484-1.0.1.1-BwfMuoHmIkHFf2G6fSEazQdG23oarVnD7tVd6h0RIaM; HttpOnly; SameSite=None; Secure; Path=/; Domain=npmjs.org'
4533 silly get     ],
4533 silly get     'cf-ray': 'a42a54c98ca621e9-ARN',
4533 silly get     'cf-cache-status': 'HIT',
4533 silly get     'access-control-allow-origin': '*',
4533 silly get     age: '208',
4533 silly get     'cache-control': 'public, max-age=300',
4533 silly get     etag: '"797819718cccf7dd112d2c28c7d05a39"',
4533 silly get     'last-modified': 'Wed, 20 Aug 2025 09:12:13 GMT',
4533 silly get     server: 'cloudflare'
4533 silly get   }
4533 silly get ]
4534 verbose etag https://registry.npmjs.org/split-on-first from cache
4535 verbose get saving split-on-first to /Users/hanna/.npm/registry.npmjs.org/split-on-first/.cache.json
4536 verbose correctMkdir /Users/hanna/.npm correctMkdir not in flight; initializing
4537 silly addNameRange number 2 { name: 'split-on-first', range: '>=1.0.0 <2.0.0', hasData: true }
4538 silly addNameRange versions [
4538 silly addNameRange   'split-on-first',
4538 silly addNameRange   [ '1.0.0', '1.1.0', '2.0.0', '2.0.1', '3.0.0', '4.0.0' ]
4538 silly addNameRange ]
4539 silly addNamed split-on-first@1.1.0
4540 verbose addNamed "1.1.0" is a plain semver version for split-on-first
4541 silly cache afterAdd split-on-first@1.1.0
4542 verbose afterAdd /Users/hanna/.npm/split-on-first/1.1.0/package/package.json not in flight; writing
4543 verbose correctMkdir /Users/hanna/.npm correctMkdir not in flight; initializing
4544 verbose afterAdd /Users/hanna/.npm/split-on-first/1.1.0/package/package.json written
4545 silly install resolved [
4545 silly install resolved   {
4545 silly install resolved     name: 'strict-uri-encode',
4545 silly install resolved     version: '2.0.0',
4545 silly install resolved     description: 'A stricter URI encode adhering to RFC 3986',
4545 silly install resolved     license: 'MIT',
4545 silly install resolved     repository: {
4545 silly install resolved       type: 'git',
4545 silly install resolved       url: 'git+https://github.com/kevva/strict-uri-encode.git'
4545 silly install resolved     },
4545 silly install resolved     author: {
4545 silly install resolved       name: 'Kevin Mårtensson',
4545 silly install resolved       email: 'kevinmartensson@gmail.com',
4545 silly install resolved       url: 'github.com/kevva'
4545 silly install resolved     },
4545 silly install resolved     engines: { node: '>=4' },
4545 silly install resolved     scripts: { test: 'xo && ava' },
4545 silly install resolved     files: [ 'index.js' ],
4545 silly install resolved     keywords: [ 'component', 'encode', 'RFC3986', 'uri' ],
4545 silly install resolved     devDependencies: { ava: '*', xo: '*' },
4545 silly install resolved     gitHead: '0b2dfae92f37618e1cb5f15911bb717e45b71385',
4545 silly install resolved     bugs: { url: 'https://github.com/kevva/strict-uri-encode/issues' },
4545 silly install resolved     homepage: 'https://github.com/kevva/strict-uri-encode#readme',
4545 silly install resolved     _id: 'strict-uri-encode@2.0.0',
4545 silly install resolved     _shasum: 'b9c7330c7042862f6b142dc274bbcc5866ce3546',
4545 silly install resolved     _from: 'strict-uri-encode@>=2.0.0 <3.0.0',
4545 silly install resolved     _npmVersion: '3.10.6',
4545 silly install resolved     _nodeVersion: '4.5.0',
4545 silly install resolved     _npmUser: { name: 'kevva', email: 'kevinmartensson@gmail.com' },
4545 silly install resolved     dist: {
4545 silly install resolved       shasum: 'b9c7330c7042862f6b142dc274bbcc5866ce3546',
4545 silly install resolved       tarball: 'https://registry.npmjs.org/strict-uri-encode/-/strict-uri-encode-2.0.0.tgz',
4545 silly install resolved       integrity: 'sha512-QwiXZgpRcKkhTj2Scnn++4PKtWsH0kpzZ62L2R6c/LUVYv7hVnZqcg2+sMuT6R7Jusu1vviK/MFsu6kNJfWlEQ==',
4545 silly install resolved       signatures: [Array]
4545 silly install resolved     },
4545 silly install resolved     maintainers: [ [Object] ],
4545 silly install resolved     _npmOperationalInternal: {
4545 silly install resolved       host: 'packages-12-west.internal.npmjs.com',
4545 silly install resolved       tmp: 'tmp/strict-uri-encode-2.0.0.tgz_1476216539042_0.4162392052821815'
4545 silly install resolved     },
4545 silly install resolved     _resolved: 'https://registry.npmjs.org/strict-uri-encode/-/strict-uri-encode-2.0.0.tgz',
4545 silly install resolved     readme: 'ERROR: No README data found!'
4545 silly install resolved   },
4545 silly install resolved   {
4545 silly install resolved     name: 'decode-uri-component',
4545 silly install resolved     version: '0.2.2',
4545 silly install resolved     description: 'A better decodeURIComponent',
4545 silly install resolved     license: 'MIT',
4545 silly install resolved     repository: {
4545 silly install resolved       type: 'git',
4545 silly install resolved       url: 'git+https://github.com/SamVerschueren/decode-uri-component.git'
4545 silly install resolved     },
4545 silly install resolved     author: {
4545 silly install resolved       name: 'Sam Verschueren',
4545 silly install resolved       email: 'sam.verschueren@gmail.com',
4545 silly install resolved       url: 'github.com/SamVerschueren'
4545 silly install resolved     },
4545 silly install resolved     engines: { node: '>=0.10' },
4545 silly install resolved     scripts: {
4545 silly install resolved       test: 'xo && nyc ava',
4545 silly install resolved       coveralls: 'nyc report --reporter=text-lcov | coveralls'
4545 silly install resolved     },
4545 silly install resolved     keywords: [
4545 silly install resolved       'decode',
4545 silly install resolved       'uri',
4545 silly install resolved       'component',
4545 silly install resolved       'decodeuricomponent',
4545 silly install resolved       'components',
4545 silly install resolved       'decoder',
4545 silly install resolved       'url'
4545 silly install resolved     ],
4545 silly install resolved     devDependencies: {
4545 silly install resolved       ava: '^0.17.0',
4545 silly install resolved       coveralls: '^2.13.1',
4545 silly install resolved       nyc: '^10.3.2',
4545 silly install resolved       xo: '^0.16.0'
4545 silly install resolved     },
4545 silly install resolved     gitHead: 'a0eea469d26eb0df668b081672cdb9581feb78eb',
4545 silly install resolved     bugs: {
4545 silly install resolved       url: 'https://github.com/SamVerschueren/decode-uri-component/issues'
4545 silly install resolved     },
4545 silly install resolved     homepage: 'https://github.com/SamVerschueren/decode-uri-component#readme',
4545 silly install resolved     _id: 'decode-uri-component@0.2.2',
4545 silly install resolved     _nodeVersion: '16.14.2',
4545 silly install resolved     _npmVersion: '8.5.0',
4545 silly install resolved     dist: {
4545 silly install resolved       integrity: 'sha512-FqUYQ+8o158GyGTrMFJms9qh3CqTKvAqgqsTnkLI8sKu0028orqBhxNMFkFen0zGyg6epACD32pjVk58ngIErQ==',
4545 silly install resolved       shasum: 'e69dbe25d37941171dd540e024c444cd5188e1e9',
4545 silly install resolved       tarball: 'https://registry.npmjs.org/decode-uri-component/-/decode-uri-component-0.2.2.tgz',
4545 silly install resolved       fileCount: 4,
4545 silly install resolved       unpackedSize: 6093,
4545 silly install resolved       signatures: [Array],
4545 silly install resolved       'npm-signature': '-----BEGIN PGP SIGNATURE-----\r\n' +
4545 silly install resolved         'Version: OpenPGP.js v4.10.10\r\n' +
4545 silly install resolved         'Comment: https://openpgpjs.org\r\n' +
4545 silly install resolved         '\r\n' +
4545 silly install resolved         'wsFzBAEBCAAGBQJjiPEDACEJED1NWxICdlZqFiEECWMYAoorWMhJKdjhPU1b\r\n' +
4545 silly install resolved         'EgJ2VmoeuxAAnniynkdTdwu7yAKHmsLaPNyx5LFo8CBLLYyxkk12OIxAiNKG\r\n' +
4545 silly install resolved         'jD+B8BSbwTbefH9XaRZ4F0y5wLV7n9ZCQBb2jf0WQTtAZPvH1EHYnXGrvCZz\r\n' +
4545 silly install resolved         'z908ipQIkISeKskKQ1Na9BuYJRWos2etuGWlKpBi+ne8AQVVSO502J0jbOGO\r\n' +
4545 silly install resolved         '18q381FKgaGz4wYJnVfAR8GpUiKb+2CMp7GgpLo5kVFGnQIaHeFkptTTYpf7\r\n' +
4545 silly install resolved         '7SBKR2EXiZBrIksNOGW5E3AHIyIPJMO0wWhdQVu+o3C5GLBzCSB9zKy1uT0e\r\n' +
4545 silly install resolved         'K+0CoJBqTYncyJDXdAswZ5k0GGwudDYqusIkn1ni6v3BrFfHr5rGTF5NS7m4\r\n' +
4545 silly install resolved         'B9GmJTvFIvN5xJJuZipmmZixEsWXZ//PpNLvnpXwqUPdyOK7NAm8aWGc3SmX\r\n' +
4545 silly install resolved         'nLhf9YE3by/Js9dYWVhE2vCv8320lns+9+3Vx3fC8WWmq900NEQo83jDUbwG\r\n' +
4545 silly install resolved         'KEy8FRmtmOTVHOGOLXrQEny+XT8d6sTuZNtzQ1AjD/blpiX26UStrcaz+9Pe\r\n' +
4545 silly install resolved         'MDss/cXVPVB6a0OMuAJEMoD3ufkYZP5k7ZuPqVVPnHxWAJK4yvURjbd2dZcA\r\n' +
4545 silly install resolved         '3Zh9vbK/9CudqZmzACvs/waPueuZ3V7o1La+95aHJ2/66Z+n//DxLgUX7G6G\r\n' +
4545 silly install resolved         'mPUdxQ6Kzgxx2GjHTdkjQYPOXUbzWfuUnV0=\r\n' +
4545 silly install resolved         '=WRTa\r\n' +
4545 silly install resolved         '-----END PGP SIGNATURE-----\r\n'
4545 silly install resolved     },
4545 silly install resolved     _npmUser: { name: 'samverschueren', email: 'sam.verschueren@gmail.com' },
4545 silly install resolved     directories: {},
4545 silly install resolved     maintainers: [ [Object] ],
4545 silly install resolved     _npmOperationalInternal: {
4545 silly install resolved       host: 's3://npm-registry-packages',
4545 silly install resolved       tmp: 'tmp/decode-uri-component_0.2.2_1669918978920_0.0843593833380436'
4545 silly install resolved     },
4545 silly install resolved     _hasShrinkwrap: false,
4545 silly install resolved     _shasum: 'e69dbe25d37941171dd540e024c444cd5188e1e9',
4545 silly install resolved     _resolved: 'https://registry.npmjs.org/decode-uri-component/-/decode-uri-component-0.2.2.tgz',
4545 silly install resolved     _from: 'decode-uri-component@>=0.2.2 <0.3.0',
4545 silly install resolved     readme: 'ERROR: No README data found!'
4545 silly install resolved   },
4545 silly install resolved   {
4545 silly install resolved     name: 'filter-obj',
4545 silly install resolved     version: '1.1.0',
4545 silly install resolved     description: 'Filter object keys and values into a new object',
4545 silly install resolved     license: 'MIT',
4545 silly install resolved     repository: {
4545 silly install resolved       type: 'git',
4545 silly install resolved       url: 'git+https://github.com/sindresorhus/filter-obj.git'
4545 silly install resolved     },
4545 silly install resolved     author: {
4545 silly install resolved       name: 'Sindre Sorhus',
4545 silly install resolved       email: 'sindresorhus@gmail.com',
4545 silly install resolved       url: 'sindresorhus.com'
4545 silly install resolved     },
4545 silly install resolved     engines: { node: '>=0.10.0' },
4545 silly install resolved     scripts: { test: 'xo && node test.js' },
4545 silly install resolved     files: [ 'index.js' ],
4545 silly install resolved     keywords: [
4545 silly install resolved       'filter',  'obj',
4545 silly install resolved       'object',  'key',
4545 silly install resolved       'keys',    'value',
4545 silly install resolved       'values',  'val',
4545 silly install resolved       'iterate', 'iterator'
4545 silly install resolved     ],
4545 silly install resolved     devDependencies: { ava: '0.0.4', xo: '*' },
4545 silly install resolved     gitHead: '758b0d531a2cb172a4eae93943aad6ac925dc70f',
4545 silly install resolved     bugs: { url: 'https://github.com/sindresorhus/filter-obj/issues' },
4545 silly install resolved     homepage: 'https://github.com/sindresorhus/filter-obj',
4545 silly install resolved     _id: 'filter-obj@1.1.0',
4545 silly install resolved     _shasum: '9b311112bc6c6127a16e016c6c5d7f19e0805c5b',
4545 silly install resolved     _from: 'filter-obj@>=1.1.0 <2.0.0',
4545 silly install resolved     _npmVersion: '2.11.2',
4545 silly install resolved     _nodeVersion: '0.12.5',
4545 silly install resolved     _npmUser: { name: 'sindresorhus', email: 'sindresorhus@gmail.com' },
4545 silly install resolved     dist: {
4545 silly install resolved       shasum: '9b311112bc6c6127a16e016c6c5d7f19e0805c5b',
4545 silly install resolved       tarball: 'https://registry.npmjs.org/filter-obj/-/filter-obj-1.1.0.tgz',
4545 silly install resolved       integrity: 'sha512-8rXg1ZnX7xzy2NGDVkBVaAy+lSlPNwad13BtgSlLuxfIslyt5Vg64U7tFcCt4WS1R0hvtnQybT/IyCkGZ3DpXQ==',
4545 silly install resolved       signatures: [Array]
4545 silly install resolved     },
4545 silly install resolved     maintainers: [ [Object] ],
4545 silly install resolved     directories: {},
4545 silly install resolved     _resolved: 'https://registry.npmjs.org/filter-obj/-/filter-obj-1.1.0.tgz',
4545 silly install resolved     readme: 'ERROR: No README data found!'
4545 silly install resolved   },
4545 silly install resolved   {
4545 silly install resolved     name: 'split-on-first',
4545 silly install resolved     version: '1.1.0',
4545 silly install resolved     keywords: [
4545 silly install resolved       'split',
4545 silly install resolved       'string',
4545 silly install resolved       'first',
4545 silly install resolved       'occurrence',
4545 silly install resolved       'separator',
4545 silly install resolved       'delimiter',
4545 silly install resolved       'text'
4545 silly install resolved     ],
4545 silly install resolved     author: {
4545 silly install resolved       name: 'Sindre Sorhus',
4545 silly install resolved       email: 'sindresorhus@gmail.com',
4545 silly install resolved       url: 'sindresorhus.com'
4545 silly install resolved     },
4545 silly install resolved     license: 'MIT',
4545 silly install resolved     _id: 'split-on-first@1.1.0',
4545 silly install resolved     maintainers: [ [Object] ],
4545 silly install resolved     homepage: 'https://github.com/sindresorhus/split-on-first#readme',
4545 silly install resolved     bugs: { url: 'https://github.com/sindresorhus/split-on-first/issues' },
4545 silly install resolved     dist: {
4545 silly install resolved       shasum: 'f610afeee3b12bce1d0c30425e76398b78249a5f',
4545 silly install resolved       tarball: 'https://registry.npmjs.org/split-on-first/-/split-on-first-1.1.0.tgz',
4545 silly install resolved       fileCount: 5,
4545 silly install resolved       integrity: 'sha512-43ZssAJaMusuKWL8sKUBQXHWOpq8d6CfN/u1p4gUzfJkM05C8rxTmYrkIPTXapZpORA6LkkzcUulJ8FqA7Uudw==',
4545 silly install resolved       signatures: [Array],
4545 silly install resolved       unpackedSize: 3820,
4545 silly install resolved       'npm-signature': '-----BEGIN PGP SIGNATURE-----\r\n' +
4545 silly install resolved         'Version: OpenPGP.js v3.0.4\r\n' +
4545 silly install resolved         'Comment: https://openpgpjs.org\r\n' +
4545 silly install resolved         '\r\n' +
4545 silly install resolved         'wsFcBAEBCAAQBQJcvtRTCRA9TVsSAnZWagAAz3gP/i5qx8ID/oIpKfTcOVj/\n' +
4545 silly install resolved         'L6z/0qKtkXpDIhIjzVk3FgsOE2jnpp9mWdinGdbWMfRWl4GdBTy7p4yBtoNv\n' +
4545 silly install resolved         'NyFkgxAnde9+rUg/ELjM08p+RQWKEX8Vv2QQIlRGxmOzO8XzNelwHa1/W1DU\n' +
4545 silly install resolved         'CwsOwQ5B3x3qcSUFILLZN8Dqok1U0jvS5/mrtdXBDyD9tGSNzNHmbH1lOvVQ\n' +
4545 silly install resolved         'k26613ZDGMGPT2bLRhFJbIn9Tuq8vXHwKo999rBUpfFn5dInaMVc3+A8RwsE\n' +
4545 silly install resolved         'Z02npNUz1zLEy9CR38LmUbgP1N5i+7/32bkFxDNMNun8gsxQIFpLjIzf8kkn\n' +
4545 silly install resolved         '03FIFSoQlNmXhrxs6u31RIu05W7c1+q5AfrxmXop83wSWXeuC+wjTCL4RPLC\n' +
4545 silly install resolved         'SG2f+puW+0CPtc8YO0ZqW8rtfuDZX4joUaDf6hXf72wBecQf/YdvM6+Wj3vP\n' +
4545 silly install resolved         's8BakuG6wq+3Dxr5+FK6w67DEMb+6O82yHr3N8qoCPhP/f/acz4BHcCrcT3k\n' +
4545 silly install resolved         '8qjpXxhnLwNkK4vURYtUafc/LFelpakjJ6/BOiK61yaA3jgHD1B/Yij4uODH\n' +
4545 silly install resolved         '8JPNlNliDiw38ARD5gFqRo4diyUacPz9YtOP2I2k6BasX9EfCgiVtrB5AxkM\n' +
4545 silly install resolved         'KOPrjteEYURnb2XQIpDjlfHpSPur7qtYvw+SbwDP9ObVw1i4jjDSmAN3hoEk\n' +
4545 silly install resolved         'R5Tb\r\n' +
4545 silly install resolved         '=gxti\r\n' +
4545 silly install resolved         '-----END PGP SIGNATURE-----\r\n'
4545 silly install resolved     },
4545 silly install resolved     engines: { node: '>=6' },
4545 silly install resolved     gitHead: '8ccf0dcca19355875e52bb2262d47e7f276ed811',
4545 silly install resolved     scripts: { test: 'xo && ava && tsd' },
4545 silly install resolved     _npmUser: { name: 'sindresorhus', email: 'sindresorhus@gmail.com' },
4545 silly install resolved     repository: {
4545 silly install resolved       url: 'git+https://github.com/sindresorhus/split-on-first.git',
4545 silly install resolved       type: 'git'
4545 silly install resolved     },
4545 silly install resolved     _npmVersion: '6.4.1',
4545 silly install resolved     description: 'Split a string on the first occurance of a given separator',
4545 silly install resolved     directories: {},
4545 silly install resolved     _nodeVersion: '10.15.3',
4545 silly install resolved     _hasShrinkwrap: false,
4545 silly install resolved     devDependencies: { xo: '^0.24.0', ava: '^1.4.1', tsd: '^0.7.2' },
4545 silly install resolved     _npmOperationalInternal: {
4545 silly install resolved       tmp: 'tmp/split-on-first_1.1.0_1556010066967_0.09897204476786459',
4545 silly install resolved       host: 's3://npm-registry-packages'
4545 silly install resolved     },
4545 silly install resolved     _shasum: 'f610afeee3b12bce1d0c30425e76398b78249a5f',
4545 silly install resolved     _resolved: 'https://registry.npmjs.org/split-on-first/-/split-on-first-1.1.0.tgz',
4545 silly install resolved     _from: 'split-on-first@>=1.0.0 <2.0.0',
4545 silly install resolved     readme: 'ERROR: No README data found!'
4545 silly install resolved   }
4545 silly install resolved ]
4546 info install strict-uri-encode@2.0.0 into /Users/hanna/Documents/PUMA/puma/node_modules/expo-router/node_modules/query-string
4547 info install decode-uri-component@0.2.2 into /Users/hanna/Documents/PUMA/puma/node_modules/expo-router/node_modules/query-string
4548 info install filter-obj@1.1.0 into /Users/hanna/Documents/PUMA/puma/node_modules/expo-router/node_modules/query-string
4549 info install split-on-first@1.1.0 into /Users/hanna/Documents/PUMA/puma/node_modules/expo-router/node_modules/query-string
4550 info installOne strict-uri-encode@2.0.0
4551 verbose installOne of strict-uri-encode to /Users/hanna/Documents/PUMA/puma/node_modules/expo-router/node_modules/query-string not in flight; installing
4552 verbose correctMkdir /Users/hanna/.npm/_locks correctMkdir not in flight; initializing
4553 info installOne decode-uri-component@0.2.2
4554 verbose installOne of decode-uri-component to /Users/hanna/Documents/PUMA/puma/node_modules/expo-router/node_modules/query-string not in flight; installing
4555 verbose correctMkdir /Users/hanna/.npm/_locks correctMkdir not in flight; initializing
4556 info installOne filter-obj@1.1.0
4557 verbose installOne of filter-obj to /Users/hanna/Documents/PUMA/puma/node_modules/expo-router/node_modules/query-string not in flight; installing
4558 verbose correctMkdir /Users/hanna/.npm/_locks correctMkdir not in flight; initializing
4559 info installOne split-on-first@1.1.0
4560 verbose installOne of split-on-first to /Users/hanna/Documents/PUMA/puma/node_modules/expo-router/node_modules/query-string not in flight; installing
4561 verbose correctMkdir /Users/hanna/.npm/_locks correctMkdir not in flight; initializing
4562 verbose lock using /Users/hanna/.npm/_locks/strict-uri-encode-a965444593023979.lock for /Users/hanna/Documents/PUMA/puma/node_modules/expo-router/node_modules/query-string/node_modules/strict-uri-encode
4563 verbose lock using /Users/hanna/.npm/_locks/filter-obj-9991ed10a0b8e390.lock for /Users/hanna/Documents/PUMA/puma/node_modules/expo-router/node_modules/query-string/node_modules/filter-obj
4564 verbose lock using /Users/hanna/.npm/_locks/split-on-first-2c2ae6c1a31147aa.lock for /Users/hanna/Documents/PUMA/puma/node_modules/expo-router/node_modules/query-string/node_modules/split-on-first
4565 verbose lock using /Users/hanna/.npm/_locks/decode-uri-component-eeead473e816f4c4.lock for /Users/hanna/Documents/PUMA/puma/node_modules/expo-router/node_modules/query-string/node_modules/decode-uri-component
4566 silly install write writing strict-uri-encode 2.0.0 to /Users/hanna/Documents/PUMA/puma/node_modules/expo-router/node_modules/query-string/node_modules/strict-uri-encode
4567 silly install write writing filter-obj 1.1.0 to /Users/hanna/Documents/PUMA/puma/node_modules/expo-router/node_modules/query-string/node_modules/filter-obj
4568 silly install write writing split-on-first 1.1.0 to /Users/hanna/Documents/PUMA/puma/node_modules/expo-router/node_modules/query-string/node_modules/split-on-first
4569 silly install write writing decode-uri-component 0.2.2 to /Users/hanna/Documents/PUMA/puma/node_modules/expo-router/node_modules/query-string/node_modules/decode-uri-component
4570 verbose unbuild node_modules/expo-router/node_modules/query-string/node_modules/strict-uri-encode
4571 verbose unbuild node_modules/expo-router/node_modules/query-string/node_modules/decode-uri-component
4572 verbose unbuild node_modules/expo-router/node_modules/query-string/node_modules/split-on-first
4573 verbose unbuild node_modules/expo-router/node_modules/query-string/node_modules/filter-obj
4574 silly gentlyRm /Users/hanna/Documents/PUMA/puma/node_modules/expo-router/node_modules/query-string/node_modules/strict-uri-encode is being purged from base /Users/hanna/Documents/PUMA/puma
4575 verbose gentlyRm don't care about contents; nuking /Users/hanna/Documents/PUMA/puma/node_modules/expo-router/node_modules/query-string/node_modules/strict-uri-encode
4576 verbose tar unpack /Users/hanna/.npm/strict-uri-encode/2.0.0/package.tgz
4577 verbose tar unpacking to /Users/hanna/Documents/PUMA/puma/node_modules/expo-router/node_modules/query-string/node_modules/strict-uri-encode
4578 silly gentlyRm /Users/hanna/Documents/PUMA/puma/node_modules/expo-router/node_modules/query-string/node_modules/strict-uri-encode is being purged
4579 verbose gentlyRm don't care about contents; nuking /Users/hanna/Documents/PUMA/puma/node_modules/expo-router/node_modules/query-string/node_modules/strict-uri-encode
4580 silly gentlyRm /Users/hanna/Documents/PUMA/puma/node_modules/expo-router/node_modules/query-string/node_modules/decode-uri-component is being purged from base /Users/hanna/Documents/PUMA/puma
4581 verbose gentlyRm don't care about contents; nuking /Users/hanna/Documents/PUMA/puma/node_modules/expo-router/node_modules/query-string/node_modules/decode-uri-component
4582 silly gentlyRm /Users/hanna/Documents/PUMA/puma/node_modules/expo-router/node_modules/query-string/node_modules/split-on-first is being purged from base /Users/hanna/Documents/PUMA/puma
4583 verbose gentlyRm don't care about contents; nuking /Users/hanna/Documents/PUMA/puma/node_modules/expo-router/node_modules/query-string/node_modules/split-on-first
4584 silly gentlyRm /Users/hanna/Documents/PUMA/puma/node_modules/expo-router/node_modules/query-string/node_modules/filter-obj is being purged from base /Users/hanna/Documents/PUMA/puma
4585 verbose gentlyRm don't care about contents; nuking /Users/hanna/Documents/PUMA/puma/node_modules/expo-router/node_modules/query-string/node_modules/filter-obj
4586 silly gunzTarPerm modes [ '755', '644' ]
4587 verbose tar unpack /Users/hanna/.npm/decode-uri-component/0.2.2/package.tgz
4588 verbose tar unpacking to /Users/hanna/Documents/PUMA/puma/node_modules/expo-router/node_modules/query-string/node_modules/decode-uri-component
4589 silly gentlyRm /Users/hanna/Documents/PUMA/puma/node_modules/expo-router/node_modules/query-string/node_modules/decode-uri-component is being purged
4590 verbose gentlyRm don't care about contents; nuking /Users/hanna/Documents/PUMA/puma/node_modules/expo-router/node_modules/query-string/node_modules/decode-uri-component
4591 verbose tar unpack /Users/hanna/.npm/split-on-first/1.1.0/package.tgz
4592 verbose tar unpacking to /Users/hanna/Documents/PUMA/puma/node_modules/expo-router/node_modules/query-string/node_modules/split-on-first
4593 silly gentlyRm /Users/hanna/Documents/PUMA/puma/node_modules/expo-router/node_modules/query-string/node_modules/split-on-first is being purged
4594 verbose gentlyRm don't care about contents; nuking /Users/hanna/Documents/PUMA/puma/node_modules/expo-router/node_modules/query-string/node_modules/split-on-first
4595 verbose tar unpack /Users/hanna/.npm/filter-obj/1.1.0/package.tgz
4596 verbose tar unpacking to /Users/hanna/Documents/PUMA/puma/node_modules/expo-router/node_modules/query-string/node_modules/filter-obj
4597 silly gentlyRm /Users/hanna/Documents/PUMA/puma/node_modules/expo-router/node_modules/query-string/node_modules/filter-obj is being purged
4598 verbose gentlyRm don't care about contents; nuking /Users/hanna/Documents/PUMA/puma/node_modules/expo-router/node_modules/query-string/node_modules/filter-obj
4599 silly gunzTarPerm modes [ '755', '644' ]
4600 silly gunzTarPerm modes [ '755', '644' ]
4601 silly gunzTarPerm modes [ '755', '644' ]
4602 silly gunzTarPerm extractEntry package.json
4603 silly gunzTarPerm extractEntry license
4604 silly gunzTarPerm extractEntry index.js
4605 silly gunzTarPerm extractEntry license
4606 silly gunzTarPerm extractEntry index.js
4607 silly gunzTarPerm extractEntry package.json
4608 silly gunzTarPerm extractEntry package.json
4609 silly gunzTarPerm extractEntry package.json
4610 silly gunzTarPerm extractEntry index.js
4611 silly gunzTarPerm extractEntry license
4612 silly gunzTarPerm extractEntry index.d.ts
4613 silly gunzTarPerm extractEntry index.js
4614 silly gunzTarPerm extractEntry readme.md
4615 silly gunzTarPerm extractEntry readme.md
4616 silly gunzTarPerm extractEntry readme.md
4617 silly gunzTarPerm extractEntry license
4618 silly gunzTarPerm extractEntry readme.md
4619 verbose write writing to /Users/hanna/Documents/PUMA/puma/node_modules/expo-router/node_modules/query-string/node_modules/decode-uri-component/package.json
4620 verbose write writing to /Users/hanna/Documents/PUMA/puma/node_modules/expo-router/node_modules/query-string/node_modules/strict-uri-encode/package.json
4621 verbose write writing to /Users/hanna/Documents/PUMA/puma/node_modules/expo-router/node_modules/query-string/node_modules/filter-obj/package.json
4622 info preinstall decode-uri-component@0.2.2
4623 info preinstall strict-uri-encode@2.0.0
4624 verbose readDependencies loading dependencies from /Users/hanna/Documents/PUMA/puma/node_modules/expo-router/node_modules/query-string/node_modules/decode-uri-component/package.json
4625 verbose readDependencies loading dependencies from /Users/hanna/Documents/PUMA/puma/node_modules/expo-router/node_modules/query-string/node_modules/strict-uri-encode/package.json
4626 info preinstall filter-obj@1.1.0
4627 verbose readDependencies loading dependencies from /Users/hanna/Documents/PUMA/puma/node_modules/expo-router/node_modules/query-string/node_modules/decode-uri-component/package.json
4628 verbose readDependencies loading dependencies from /Users/hanna/Documents/PUMA/puma/node_modules/expo-router/node_modules/query-string/node_modules/filter-obj/package.json
4629 verbose readDependencies loading dependencies from /Users/hanna/Documents/PUMA/puma/node_modules/expo-router/node_modules/query-string/node_modules/strict-uri-encode/package.json
4630 verbose write writing to /Users/hanna/Documents/PUMA/puma/node_modules/expo-router/node_modules/query-string/node_modules/split-on-first/package.json
4631 silly install resolved []
4632 verbose about to build /Users/hanna/Documents/PUMA/puma/node_modules/expo-router/node_modules/query-string/node_modules/decode-uri-component
4633 info build /Users/hanna/Documents/PUMA/puma/node_modules/expo-router/node_modules/query-string/node_modules/decode-uri-component
4634 verbose readDependencies loading dependencies from /Users/hanna/Documents/PUMA/puma/node_modules/expo-router/node_modules/query-string/node_modules/filter-obj/package.json
4635 silly install resolved []
4636 verbose about to build /Users/hanna/Documents/PUMA/puma/node_modules/expo-router/node_modules/query-string/node_modules/strict-uri-encode
4637 info build /Users/hanna/Documents/PUMA/puma/node_modules/expo-router/node_modules/query-string/node_modules/strict-uri-encode
4638 info preinstall split-on-first@1.1.0
4639 info linkStuff decode-uri-component@0.2.2
4640 silly linkStuff decode-uri-component@0.2.2 has /Users/hanna/Documents/PUMA/puma/node_modules/expo-router/node_modules/query-string/node_modules as its parent node_modules
4641 verbose readDependencies loading dependencies from /Users/hanna/Documents/PUMA/puma/node_modules/expo-router/node_modules/query-string/node_modules/split-on-first/package.json
4642 silly install resolved []
4643 verbose about to build /Users/hanna/Documents/PUMA/puma/node_modules/expo-router/node_modules/query-string/node_modules/filter-obj
4644 info build /Users/hanna/Documents/PUMA/puma/node_modules/expo-router/node_modules/query-string/node_modules/filter-obj
4645 info linkStuff strict-uri-encode@2.0.0
4646 silly linkStuff strict-uri-encode@2.0.0 has /Users/hanna/Documents/PUMA/puma/node_modules/expo-router/node_modules/query-string/node_modules as its parent node_modules
4647 info linkStuff filter-obj@1.1.0
4648 silly linkStuff filter-obj@1.1.0 has /Users/hanna/Documents/PUMA/puma/node_modules/expo-router/node_modules/query-string/node_modules as its parent node_modules
4649 verbose readDependencies loading dependencies from /Users/hanna/Documents/PUMA/puma/node_modules/expo-router/node_modules/query-string/node_modules/split-on-first/package.json
4650 verbose linkBins decode-uri-component@0.2.2
4651 verbose linkMans decode-uri-component@0.2.2
4652 verbose rebuildBundles decode-uri-component@0.2.2
4653 info install decode-uri-component@0.2.2
4654 silly install resolved []
4655 verbose about to build /Users/hanna/Documents/PUMA/puma/node_modules/expo-router/node_modules/query-string/node_modules/split-on-first
4656 info build /Users/hanna/Documents/PUMA/puma/node_modules/expo-router/node_modules/query-string/node_modules/split-on-first
4657 info postinstall decode-uri-component@0.2.2
4658 verbose linkBins strict-uri-encode@2.0.0
4659 verbose linkMans strict-uri-encode@2.0.0
4660 verbose rebuildBundles strict-uri-encode@2.0.0
4661 verbose unlock done using /Users/hanna/.npm/_locks/decode-uri-component-eeead473e816f4c4.lock for /Users/hanna/Documents/PUMA/puma/node_modules/expo-router/node_modules/query-string/node_modules/decode-uri-component
4662 info install strict-uri-encode@2.0.0
4663 info linkStuff split-on-first@1.1.0
4664 silly linkStuff split-on-first@1.1.0 has /Users/hanna/Documents/PUMA/puma/node_modules/expo-router/node_modules/query-string/node_modules as its parent node_modules
4665 verbose linkBins filter-obj@1.1.0
4666 verbose linkMans filter-obj@1.1.0
4667 verbose rebuildBundles filter-obj@1.1.0
4668 info postinstall strict-uri-encode@2.0.0
4669 info install filter-obj@1.1.0
4670 info postinstall filter-obj@1.1.0
4671 verbose unlock done using /Users/hanna/.npm/_locks/strict-uri-encode-a965444593023979.lock for /Users/hanna/Documents/PUMA/puma/node_modules/expo-router/node_modules/query-string/node_modules/strict-uri-encode
4672 verbose unlock done using /Users/hanna/.npm/_locks/filter-obj-9991ed10a0b8e390.lock for /Users/hanna/Documents/PUMA/puma/node_modules/expo-router/node_modules/query-string/node_modules/filter-obj
4673 verbose linkBins split-on-first@1.1.0
4674 verbose linkMans split-on-first@1.1.0
4675 verbose rebuildBundles split-on-first@1.1.0
4676 info install split-on-first@1.1.0
4677 info postinstall split-on-first@1.1.0
4678 verbose unlock done using /Users/hanna/.npm/_locks/split-on-first-2c2ae6c1a31147aa.lock for /Users/hanna/Documents/PUMA/puma/node_modules/expo-router/node_modules/query-string/node_modules/split-on-first
4679 verbose about to build /Users/hanna/Documents/PUMA/puma/node_modules/expo-router/node_modules/query-string
4680 info build /Users/hanna/Documents/PUMA/puma/node_modules/expo-router/node_modules/query-string
4681 info linkStuff query-string@7.1.3
4682 silly linkStuff query-string@7.1.3 has /Users/hanna/Documents/PUMA/puma/node_modules/expo-router/node_modules as its parent node_modules
4683 verbose linkBins query-string@7.1.3
4684 verbose linkMans query-string@7.1.3
4685 verbose rebuildBundles query-string@7.1.3
4686 verbose rebuildBundles [
4686 verbose rebuildBundles   'decode-uri-component',
4686 verbose rebuildBundles   'filter-obj',
4686 verbose rebuildBundles   'split-on-first',
4686 verbose rebuildBundles   'strict-uri-encode'
4686 verbose rebuildBundles ]
4687 info install query-string@7.1.3
4688 info postinstall query-string@7.1.3
4689 verbose unlock done using /Users/hanna/.npm/_locks/query-string-cdd513cc4d3ca5f6.lock for /Users/hanna/Documents/PUMA/puma/node_modules/expo-router/node_modules/query-string
4690 http 200 https://registry.npmjs.org/@radix-ui%2freact-direction
4691 verbose headers {
4691 verbose headers   date: 'Tue, 29 Sep 2026 10:33:42 GMT',
4691 verbose headers   'content-type': 'application/json',
4691 verbose headers   'transfer-encoding': 'chunked',
4691 verbose headers   connection: 'keep-alive',
4691 verbose headers   'set-cookie': [
4691 verbose headers     '__cf_bm=ibeVYiRCEXrubgc48vhb9htT1Yz1rQSY2dS.L1CcA2E-1790678022.656833-1.0.1.1-7rSBLAcwuoRNC0PTf.ptS0qHum6BpxrMMsssFAEUjrHSlstvOD7dqGjnhczHF4VxMKoLF9t0bAxCFzlAo3K4MxD0bSkcUCt1puqvjia589nImh2TEFZIUNC1tq.oEowl; HttpOnly; SameSite=None; Secure; Path=/; Domain=npmjs.org; Expires=Tue, 29 Sep 2026 11:03:42 GMT',
4691 verbose headers     '_cfuvid=6S1adUu.N91UE_LYsrh0QdzhHnLdBGKqmd8ZVpvxV1w-1790678022.656833-1.0.1.1-0EdvYkieQKifjCkktPMZiSSHLEfvY3Y7FE9LCzX2Mss; HttpOnly; SameSite=None; Secure; Path=/; Domain=npmjs.org'
4691 verbose headers   ],
4691 verbose headers   'cf-ray': 'a42a54c99ab145dd-ARN',
4691 verbose headers   'cf-cache-status': 'HIT',
4691 verbose headers   etag: 'W/"ab76d99dd2f06adbe039af694e3339a2"',
4691 verbose headers   'access-control-allow-origin': '*',
4691 verbose headers   age: '30',
4691 verbose headers   'cache-control': 'public, max-age=300',
4691 verbose headers   'last-modified': 'Fri, 31 Jul 2026 15:52:39 GMT',
4691 verbose headers   server: 'cloudflare',
4691 verbose headers   vary: 'accept-encoding, accept',
4691 verbose headers   'content-encoding': 'gzip'
4691 verbose headers }
4692 silly get cb [
4692 silly get   200,
4692 silly get   {
4692 silly get     date: 'Tue, 29 Sep 2026 10:33:42 GMT',
4692 silly get     'content-type': 'application/json',
4692 silly get     'transfer-encoding': 'chunked',
4692 silly get     connection: 'keep-alive',
4692 silly get     'set-cookie': [
4692 silly get       '__cf_bm=ibeVYiRCEXrubgc48vhb9htT1Yz1rQSY2dS.L1CcA2E-1790678022.656833-1.0.1.1-7rSBLAcwuoRNC0PTf.ptS0qHum6BpxrMMsssFAEUjrHSlstvOD7dqGjnhczHF4VxMKoLF9t0bAxCFzlAo3K4MxD0bSkcUCt1puqvjia589nImh2TEFZIUNC1tq.oEowl; HttpOnly; SameSite=None; Secure; Path=/; Domain=npmjs.org; Expires=Tue, 29 Sep 2026 11:03:42 GMT',
4692 silly get       '_cfuvid=6S1adUu.N91UE_LYsrh0QdzhHnLdBGKqmd8ZVpvxV1w-1790678022.656833-1.0.1.1-0EdvYkieQKifjCkktPMZiSSHLEfvY3Y7FE9LCzX2Mss; HttpOnly; SameSite=None; Secure; Path=/; Domain=npmjs.org'
4692 silly get     ],
4692 silly get     'cf-ray': 'a42a54c99ab145dd-ARN',
4692 silly get     'cf-cache-status': 'HIT',
4692 silly get     etag: 'W/"ab76d99dd2f06adbe039af694e3339a2"',
4692 silly get     'access-control-allow-origin': '*',
4692 silly get     age: '30',
4692 silly get     'cache-control': 'public, max-age=300',
4692 silly get     'last-modified': 'Fri, 31 Jul 2026 15:52:39 GMT',
4692 silly get     server: 'cloudflare',
4692 silly get     vary: 'accept-encoding, accept',
4692 silly get     'content-encoding': 'gzip'
4692 silly get   }
4692 silly get ]
4693 verbose get saving @radix-ui/react-direction to /Users/hanna/.npm/registry.npmjs.org/_40radix-ui_252freact-direction/.cache.json
4694 verbose correctMkdir /Users/hanna/.npm correctMkdir not in flight; initializing
4695 http 200 https://registry.npmjs.org/@radix-ui%2freact-primitive
4696 verbose headers {
4696 verbose headers   date: 'Tue, 29 Sep 2026 10:33:42 GMT',
4696 verbose headers   'content-type': 'application/json',
4696 verbose headers   'transfer-encoding': 'chunked',
4696 verbose headers   connection: 'keep-alive',
4696 verbose headers   'set-cookie': [
4696 verbose headers     '__cf_bm=03SZNCerw3Ez7tXSmYochkbP4QCVm2aArw47_n0R8GQ-1790678022.656723-1.0.1.1-aRHBfEioNREgA1aZt_NiKlAt1vDetNHnlZjc.4Jq5d.JuEqCciY3gMalbguipOfYdvVviKeRdPobhya5Xgpnaj_CgP8c30Mop_mDBp8XwCJ8TtOgxgweF3AE_JzIIt6l; HttpOnly; SameSite=None; Secure; Path=/; Domain=npmjs.org; Expires=Tue, 29 Sep 2026 11:03:42 GMT',
4696 verbose headers     '_cfuvid=gSz.J9TePlmYOlVsoYt7JWEcdcFC1z4nfBUWr6hI2QY-1790678022.656723-1.0.1.1-cb.JQC4rL690L2YOqmO7z8gXimRIVR5R8_CivgcliFg; HttpOnly; SameSite=None; Secure; Path=/; Domain=npmjs.org'
4696 verbose headers   ],
4696 verbose headers   'cf-ray': 'a42a54c999a1b000-ARN',
4696 verbose headers   'cf-cache-status': 'HIT',
4696 verbose headers   etag: 'W/"97013b6e21852b115e14c23fd93f04db"',
4696 verbose headers   'access-control-allow-origin': '*',
4696 verbose headers   age: '11',
4696 verbose headers   'cache-control': 'public, max-age=300',
4696 verbose headers   'last-modified': 'Fri, 31 Jul 2026 15:50:50 GMT',
4696 verbose headers   server: 'cloudflare',
4696 verbose headers   vary: 'accept-encoding, accept',
4696 verbose headers   'content-encoding': 'gzip'
4696 verbose headers }
4697 silly get cb [
4697 silly get   200,
4697 silly get   {
4697 silly get     date: 'Tue, 29 Sep 2026 10:33:42 GMT',
4697 silly get     'content-type': 'application/json',
4697 silly get     'transfer-encoding': 'chunked',
4697 silly get     connection: 'keep-alive',
4697 silly get     'set-cookie': [
4697 silly get       '__cf_bm=03SZNCerw3Ez7tXSmYochkbP4QCVm2aArw47_n0R8GQ-1790678022.656723-1.0.1.1-aRHBfEioNREgA1aZt_NiKlAt1vDetNHnlZjc.4Jq5d.JuEqCciY3gMalbguipOfYdvVviKeRdPobhya5Xgpnaj_CgP8c30Mop_mDBp8XwCJ8TtOgxgweF3AE_JzIIt6l; HttpOnly; SameSite=None; Secure; Path=/; Domain=npmjs.org; Expires=Tue, 29 Sep 2026 11:03:42 GMT',
4697 silly get       '_cfuvid=gSz.J9TePlmYOlVsoYt7JWEcdcFC1z4nfBUWr6hI2QY-1790678022.656723-1.0.1.1-cb.JQC4rL690L2YOqmO7z8gXimRIVR5R8_CivgcliFg; HttpOnly; SameSite=None; Secure; Path=/; Domain=npmjs.org'
4697 silly get     ],
4697 silly get     'cf-ray': 'a42a54c999a1b000-ARN',
4697 silly get     'cf-cache-status': 'HIT',
4697 silly get     etag: 'W/"97013b6e21852b115e14c23fd93f04db"',
4697 silly get     'access-control-allow-origin': '*',
4697 silly get     age: '11',
4697 silly get     'cache-control': 'public, max-age=300',
4697 silly get     'last-modified': 'Fri, 31 Jul 2026 15:50:50 GMT',
4697 silly get     server: 'cloudflare',
4697 silly get     vary: 'accept-encoding, accept',
4697 silly get     'content-encoding': 'gzip'
4697 silly get   }
4697 silly get ]
4698 verbose get saving @radix-ui/react-primitive to /Users/hanna/.npm/registry.npmjs.org/_40radix-ui_252freact-primitive/.cache.json
4699 verbose correctMkdir /Users/hanna/.npm correctMkdir not in flight; initializing
4700 silly mapToRegistry name @radix-ui/react-direction
4701 silly mapToRegistry scope (from package name) @radix-ui
4702 verbose mapToRegistry no registry URL found in name for scope @radix-ui
4703 silly mapToRegistry using default registry
4704 silly mapToRegistry registry https://registry.npmjs.org/
4705 silly mapToRegistry data Result {
4705 silly mapToRegistry   raw: '@radix-ui/react-direction',
4705 silly mapToRegistry   scope: '@radix-ui',
4705 silly mapToRegistry   name: '@radix-ui/react-direction',
4705 silly mapToRegistry   rawSpec: '',
4705 silly mapToRegistry   spec: 'latest',
4705 silly mapToRegistry   type: 'tag'
4705 silly mapToRegistry }
4706 silly mapToRegistry uri https://registry.npmjs.org/@radix-ui%2freact-direction
4707 verbose addRemoteTarball https://registry.npmjs.org/@radix-ui/react-direction/-/react-direction-1.1.4.tgz not in flight; adding
4708 verbose addRemoteTarball [
4708 verbose addRemoteTarball   'https://registry.npmjs.org/@radix-ui/react-direction/-/react-direction-1.1.4.tgz',
4708 verbose addRemoteTarball   'e7b7049f3c3ab8e6e014c4600f9f1974a52c05f1'
4708 verbose addRemoteTarball ]
4709 info retry fetch attempt 1 at 12:33:42 PM
4710 info attempt registry request try #1 at 12:33:42 PM
4711 http fetch GET https://registry.npmjs.org/@radix-ui/react-direction/-/react-direction-1.1.4.tgz
4712 silly mapToRegistry name @radix-ui/react-primitive
4713 silly mapToRegistry scope (from package name) @radix-ui
4714 verbose mapToRegistry no registry URL found in name for scope @radix-ui
4715 silly mapToRegistry using default registry
4716 silly mapToRegistry registry https://registry.npmjs.org/
4717 silly mapToRegistry data Result {
4717 silly mapToRegistry   raw: '@radix-ui/react-primitive',
4717 silly mapToRegistry   scope: '@radix-ui',
4717 silly mapToRegistry   name: '@radix-ui/react-primitive',
4717 silly mapToRegistry   rawSpec: '',
4717 silly mapToRegistry   spec: 'latest',
4717 silly mapToRegistry   type: 'tag'
4717 silly mapToRegistry }
4718 silly mapToRegistry uri https://registry.npmjs.org/@radix-ui%2freact-primitive
4719 verbose addRemoteTarball https://registry.npmjs.org/@radix-ui/react-primitive/-/react-primitive-2.1.10.tgz not in flight; adding
4720 verbose addRemoteTarball [
4720 verbose addRemoteTarball   'https://registry.npmjs.org/@radix-ui/react-primitive/-/react-primitive-2.1.10.tgz',
4720 verbose addRemoteTarball   '292b7476499d17227f337c8d1c59f270c683842a'
4720 verbose addRemoteTarball ]
4721 info retry fetch attempt 1 at 12:33:42 PM
4722 info attempt registry request try #1 at 12:33:42 PM
4723 http fetch GET https://registry.npmjs.org/@radix-ui/react-primitive/-/react-primitive-2.1.10.tgz
4724 http 200 https://registry.npmjs.org/@radix-ui%2freact-presence
4725 verbose headers {
4725 verbose headers   date: 'Tue, 29 Sep 2026 10:33:42 GMT',
4725 verbose headers   'content-type': 'application/json',
4725 verbose headers   'transfer-encoding': 'chunked',
4725 verbose headers   connection: 'keep-alive',
4725 verbose headers   'set-cookie': [
4725 verbose headers     '__cf_bm=cSWmiYI0zFi6NeQE5RPLQfXBV5Byxif1UrC1KVbiL5k-1790678022.6389122-1.0.1.1-mLbgwDmjrHrkg_YCJuLUNFmWh_ez6FlT_FMx72YI.plV0lsLDcb.QOpHyKo7qT0yUrue1tEubd1htHBZOOoI904pZJcpQSLxXXMnebvm_qtcQUPNaCIUHiTBAdNM6R8H; HttpOnly; SameSite=None; Secure; Path=/; Domain=npmjs.org; Expires=Tue, 29 Sep 2026 11:03:42 GMT',
4725 verbose headers     '_cfuvid=FbIRa1V6HuSQP1GX92wQaymYlU5p_eEC1yKiheDtuOM-1790678022.6389122-1.0.1.1-Lt0l8R444PLZEEs0gDZ5TxT.W4goi3Wo5od5tp1PZpk; HttpOnly; SameSite=None; Secure; Path=/; Domain=npmjs.org'
4725 verbose headers   ],
4725 verbose headers   'cf-ray': 'a42a54c97b7a5318-ARN',
4725 verbose headers   'cf-cache-status': 'HIT',
4725 verbose headers   etag: 'W/"be29d54477f9797a459f21fd4add63c5"',
4725 verbose headers   'access-control-allow-origin': '*',
4725 verbose headers   age: '225',
4725 verbose headers   'cache-control': 'public, max-age=300',
4725 verbose headers   'last-modified': 'Fri, 31 Jul 2026 15:57:43 GMT',
4725 verbose headers   server: 'cloudflare',
4725 verbose headers   vary: 'accept-encoding, accept',
4725 verbose headers   'content-encoding': 'gzip'
4725 verbose headers }
4726 silly get cb [
4726 silly get   200,
4726 silly get   {
4726 silly get     date: 'Tue, 29 Sep 2026 10:33:42 GMT',
4726 silly get     'content-type': 'application/json',
4726 silly get     'transfer-encoding': 'chunked',
4726 silly get     connection: 'keep-alive',
4726 silly get     'set-cookie': [
4726 silly get       '__cf_bm=cSWmiYI0zFi6NeQE5RPLQfXBV5Byxif1UrC1KVbiL5k-1790678022.6389122-1.0.1.1-mLbgwDmjrHrkg_YCJuLUNFmWh_ez6FlT_FMx72YI.plV0lsLDcb.QOpHyKo7qT0yUrue1tEubd1htHBZOOoI904pZJcpQSLxXXMnebvm_qtcQUPNaCIUHiTBAdNM6R8H; HttpOnly; SameSite=None; Secure; Path=/; Domain=npmjs.org; Expires=Tue, 29 Sep 2026 11:03:42 GMT',
4726 silly get       '_cfuvid=FbIRa1V6HuSQP1GX92wQaymYlU5p_eEC1yKiheDtuOM-1790678022.6389122-1.0.1.1-Lt0l8R444PLZEEs0gDZ5TxT.W4goi3Wo5od5tp1PZpk; HttpOnly; SameSite=None; Secure; Path=/; Domain=npmjs.org'
4726 silly get     ],
4726 silly get     'cf-ray': 'a42a54c97b7a5318-ARN',
4726 silly get     'cf-cache-status': 'HIT',
4726 silly get     etag: 'W/"be29d54477f9797a459f21fd4add63c5"',
4726 silly get     'access-control-allow-origin': '*',
4726 silly get     age: '225',
4726 silly get     'cache-control': 'public, max-age=300',
4726 silly get     'last-modified': 'Fri, 31 Jul 2026 15:57:43 GMT',
4726 silly get     server: 'cloudflare',
4726 silly get     vary: 'accept-encoding, accept',
4726 silly get     'content-encoding': 'gzip'
4726 silly get   }
4726 silly get ]
4727 verbose get saving @radix-ui/react-presence to /Users/hanna/.npm/registry.npmjs.org/_40radix-ui_252freact-presence/.cache.json
4728 verbose correctMkdir /Users/hanna/.npm correctMkdir not in flight; initializing
4729 silly mapToRegistry name @radix-ui/react-presence
4730 silly mapToRegistry scope (from package name) @radix-ui
4731 verbose mapToRegistry no registry URL found in name for scope @radix-ui
4732 silly mapToRegistry using default registry
4733 silly mapToRegistry registry https://registry.npmjs.org/
4734 silly mapToRegistry data Result {
4734 silly mapToRegistry   raw: '@radix-ui/react-presence',
4734 silly mapToRegistry   scope: '@radix-ui',
4734 silly mapToRegistry   name: '@radix-ui/react-presence',
4734 silly mapToRegistry   rawSpec: '',
4734 silly mapToRegistry   spec: 'latest',
4734 silly mapToRegistry   type: 'tag'
4734 silly mapToRegistry }
4735 silly mapToRegistry uri https://registry.npmjs.org/@radix-ui%2freact-presence
4736 verbose addRemoteTarball https://registry.npmjs.org/@radix-ui/react-presence/-/react-presence-1.1.10.tgz not in flight; adding
4737 verbose addRemoteTarball [
4737 verbose addRemoteTarball   'https://registry.npmjs.org/@radix-ui/react-presence/-/react-presence-1.1.10.tgz',
4737 verbose addRemoteTarball   '49041cb9c41c3e8d1791d6b96a1d3bcd8429a151'
4737 verbose addRemoteTarball ]
4738 info retry fetch attempt 1 at 12:33:42 PM
4739 info attempt registry request try #1 at 12:33:42 PM
4740 http fetch GET https://registry.npmjs.org/@radix-ui/react-presence/-/react-presence-1.1.10.tgz
4741 http fetch 200 https://registry.npmjs.org/@radix-ui/react-direction/-/react-direction-1.1.4.tgz
4742 silly fetchAndShaCheck shasum e7b7049f3c3ab8e6e014c4600f9f1974a52c05f1
4743 verbose addTmpTarball /var/folders/98/czfgjzdn52gb8g1hmddyjnh00000gn/T/npm-32998-821ad59c/registry.npmjs.org/_40radix-ui/react-direction/-/react-direction-1.1.4.tgz not in flight; adding
4744 verbose addTmpTarball already have metadata; skipping unpack for @radix-ui/react-direction@1.1.4
4745 verbose correctMkdir /Users/hanna/.npm correctMkdir not in flight; initializing
4746 silly cache afterAdd @radix-ui/react-direction@1.1.4
4747 verbose afterAdd /Users/hanna/.npm/@radix-ui/react-direction/1.1.4/package/package.json not in flight; writing
4748 verbose correctMkdir /Users/hanna/.npm correctMkdir not in flight; initializing
4749 verbose afterAdd /Users/hanna/.npm/@radix-ui/react-direction/1.1.4/package/package.json written
4750 http 200 https://registry.npmjs.org/@radix-ui%2freact-roving-focus
4751 verbose headers {
4751 verbose headers   date: 'Tue, 29 Sep 2026 10:33:42 GMT',
4751 verbose headers   'content-type': 'application/json',
4751 verbose headers   'transfer-encoding': 'chunked',
4751 verbose headers   connection: 'keep-alive',
4751 verbose headers   'set-cookie': [
4751 verbose headers     '__cf_bm=FC..OlYA2LdQtwltz5IpXKbXg1z5F9i_h6dOslNO.ck-1790678022.724267-1.0.1.1-dI3SQkAjAJek29YczqFSVI71mhVObqiIRLhifzyum8PhOIGhVgW6cSyTh9wmgz0Vd_.1AYntnqlU1DXGHlJsRExSD.OBaY.Dyejhe36ErPsSAcLk2g3OcNCgG3MiHsOF; HttpOnly; SameSite=None; Secure; Path=/; Domain=npmjs.org; Expires=Tue, 29 Sep 2026 11:03:42 GMT',
4751 verbose headers     '_cfuvid=gzzgCUWaU.rtoT3FKjhN5TDXlkg8ujfJFWFlI0Zjui4-1790678022.724267-1.0.1.1-jDwvPhJuPVAtCQRpvsv5q.c97k91Lvg6mmvTtt8ZuqE; HttpOnly; SameSite=None; Secure; Path=/; Domain=npmjs.org'
4751 verbose headers   ],
4751 verbose headers   'cf-ray': 'a42a54ca0882aa08-ARN',
4751 verbose headers   'cf-cache-status': 'HIT',
4751 verbose headers   etag: 'W/"fa5ce6621ac254c3ab7be5b149712391"',
4751 verbose headers   'access-control-allow-origin': '*',
4751 verbose headers   age: '160',
4751 verbose headers   'cache-control': 'public, max-age=300',
4751 verbose headers   'last-modified': 'Fri, 31 Jul 2026 15:52:02 GMT',
4751 verbose headers   server: 'cloudflare',
4751 verbose headers   vary: 'accept-encoding, accept',
4751 verbose headers   'content-encoding': 'gzip'
4751 verbose headers }
4752 silly get cb [
4752 silly get   200,
4752 silly get   {
4752 silly get     date: 'Tue, 29 Sep 2026 10:33:42 GMT',
4752 silly get     'content-type': 'application/json',
4752 silly get     'transfer-encoding': 'chunked',
4752 silly get     connection: 'keep-alive',
4752 silly get     'set-cookie': [
4752 silly get       '__cf_bm=FC..OlYA2LdQtwltz5IpXKbXg1z5F9i_h6dOslNO.ck-1790678022.724267-1.0.1.1-dI3SQkAjAJek29YczqFSVI71mhVObqiIRLhifzyum8PhOIGhVgW6cSyTh9wmgz0Vd_.1AYntnqlU1DXGHlJsRExSD.OBaY.Dyejhe36ErPsSAcLk2g3OcNCgG3MiHsOF; HttpOnly; SameSite=None; Secure; Path=/; Domain=npmjs.org; Expires=Tue, 29 Sep 2026 11:03:42 GMT',
4752 silly get       '_cfuvid=gzzgCUWaU.rtoT3FKjhN5TDXlkg8ujfJFWFlI0Zjui4-1790678022.724267-1.0.1.1-jDwvPhJuPVAtCQRpvsv5q.c97k91Lvg6mmvTtt8ZuqE; HttpOnly; SameSite=None; Secure; Path=/; Domain=npmjs.org'
4752 silly get     ],
4752 silly get     'cf-ray': 'a42a54ca0882aa08-ARN',
4752 silly get     'cf-cache-status': 'HIT',
4752 silly get     etag: 'W/"fa5ce6621ac254c3ab7be5b149712391"',
4752 silly get     'access-control-allow-origin': '*',
4752 silly get     age: '160',
4752 silly get     'cache-control': 'public, max-age=300',
4752 silly get     'last-modified': 'Fri, 31 Jul 2026 15:52:02 GMT',
4752 silly get     server: 'cloudflare',
4752 silly get     vary: 'accept-encoding, accept',
4752 silly get     'content-encoding': 'gzip'
4752 silly get   }
4752 silly get ]
4753 verbose get saving @radix-ui/react-roving-focus to /Users/hanna/.npm/registry.npmjs.org/_40radix-ui_252freact-roving-focus/.cache.json
4754 verbose correctMkdir /Users/hanna/.npm correctMkdir not in flight; initializing
4755 http fetch 200 https://registry.npmjs.org/@radix-ui/react-presence/-/react-presence-1.1.10.tgz
4756 silly fetchAndShaCheck shasum 49041cb9c41c3e8d1791d6b96a1d3bcd8429a151
4757 silly mapToRegistry name @radix-ui/react-roving-focus
4758 silly mapToRegistry scope (from package name) @radix-ui
4759 verbose mapToRegistry no registry URL found in name for scope @radix-ui
4760 silly mapToRegistry using default registry
4761 silly mapToRegistry registry https://registry.npmjs.org/
4762 silly mapToRegistry data Result {
4762 silly mapToRegistry   raw: '@radix-ui/react-roving-focus',
4762 silly mapToRegistry   scope: '@radix-ui',
4762 silly mapToRegistry   name: '@radix-ui/react-roving-focus',
4762 silly mapToRegistry   rawSpec: '',
4762 silly mapToRegistry   spec: 'latest',
4762 silly mapToRegistry   type: 'tag'
4762 silly mapToRegistry }
4763 silly mapToRegistry uri https://registry.npmjs.org/@radix-ui%2freact-roving-focus
4764 verbose addRemoteTarball https://registry.npmjs.org/@radix-ui/react-roving-focus/-/react-roving-focus-1.1.19.tgz not in flight; adding
4765 verbose addRemoteTarball [
4765 verbose addRemoteTarball   'https://registry.npmjs.org/@radix-ui/react-roving-focus/-/react-roving-focus-1.1.19.tgz',
4765 verbose addRemoteTarball   '2abc0676448f4ebae8c43a61f9531aebe0f5c823'
4765 verbose addRemoteTarball ]
4766 verbose addTmpTarball /var/folders/98/czfgjzdn52gb8g1hmddyjnh00000gn/T/npm-32998-821ad59c/registry.npmjs.org/_40radix-ui/react-presence/-/react-presence-1.1.10.tgz not in flight; adding
4767 verbose addTmpTarball already have metadata; skipping unpack for @radix-ui/react-presence@1.1.10
4768 verbose correctMkdir /Users/hanna/.npm correctMkdir not in flight; initializing
4769 info retry fetch attempt 1 at 12:33:42 PM
4770 info attempt registry request try #1 at 12:33:42 PM
4771 http fetch GET https://registry.npmjs.org/@radix-ui/react-roving-focus/-/react-roving-focus-1.1.19.tgz
4772 silly cache afterAdd @radix-ui/react-presence@1.1.10
4773 verbose afterAdd /Users/hanna/.npm/@radix-ui/react-presence/1.1.10/package/package.json not in flight; writing
4774 verbose correctMkdir /Users/hanna/.npm correctMkdir not in flight; initializing
4775 verbose afterAdd /Users/hanna/.npm/@radix-ui/react-presence/1.1.10/package/package.json written
4776 http fetch 200 https://registry.npmjs.org/@radix-ui/react-roving-focus/-/react-roving-focus-1.1.19.tgz
4777 http fetch 200 https://registry.npmjs.org/@radix-ui/react-primitive/-/react-primitive-2.1.10.tgz
4778 silly fetchAndShaCheck shasum 292b7476499d17227f337c8d1c59f270c683842a
4779 silly fetchAndShaCheck shasum 2abc0676448f4ebae8c43a61f9531aebe0f5c823
4780 verbose addTmpTarball /var/folders/98/czfgjzdn52gb8g1hmddyjnh00000gn/T/npm-32998-821ad59c/registry.npmjs.org/_40radix-ui/react-primitive/-/react-primitive-2.1.10.tgz not in flight; adding
4781 verbose addTmpTarball already have metadata; skipping unpack for @radix-ui/react-primitive@2.1.10
4782 verbose correctMkdir /Users/hanna/.npm correctMkdir not in flight; initializing
4783 verbose addTmpTarball /var/folders/98/czfgjzdn52gb8g1hmddyjnh00000gn/T/npm-32998-821ad59c/registry.npmjs.org/_40radix-ui/react-roving-focus/-/react-roving-focus-1.1.19.tgz not in flight; adding
4784 verbose addTmpTarball already have metadata; skipping unpack for @radix-ui/react-roving-focus@1.1.19
4785 verbose correctMkdir /Users/hanna/.npm correctMkdir not in flight; initializing
4786 silly cache afterAdd @radix-ui/react-primitive@2.1.10
4787 verbose afterAdd /Users/hanna/.npm/@radix-ui/react-primitive/2.1.10/package/package.json not in flight; writing
4788 verbose correctMkdir /Users/hanna/.npm correctMkdir not in flight; initializing
4789 silly cache afterAdd @radix-ui/react-roving-focus@1.1.19
4790 verbose afterAdd /Users/hanna/.npm/@radix-ui/react-roving-focus/1.1.19/package/package.json not in flight; writing
4791 verbose correctMkdir /Users/hanna/.npm correctMkdir not in flight; initializing
4792 verbose afterAdd /Users/hanna/.npm/@radix-ui/react-primitive/2.1.10/package/package.json written
4793 verbose afterAdd /Users/hanna/.npm/@radix-ui/react-roving-focus/1.1.19/package/package.json written
4794 silly install resolved [
4794 silly install resolved   {
4794 silly install resolved     name: '@radix-ui/react-direction',
4794 silly install resolved     version: '1.1.4',
4794 silly install resolved     license: 'MIT',
4794 silly install resolved     _id: '@radix-ui/react-direction@1.1.4',
4794 silly install resolved     maintainers: [ [Object], [Object], [Object], [Object] ],
4794 silly install resolved     homepage: 'https://radix-ui.com/primitives',
4794 silly install resolved     bugs: { url: 'https://github.com/radix-ui/primitives/issues' },
4794 silly install resolved     dist: {
4794 silly install resolved       shasum: 'e7b7049f3c3ab8e6e014c4600f9f1974a52c05f1',
4794 silly install resolved       tarball: 'https://registry.npmjs.org/@radix-ui/react-direction/-/react-direction-1.1.4.tgz',
4794 silly install resolved       fileCount: 9,
4794 silly install resolved       integrity: 'sha512-5pzg4FGQNpExhnhT2zlrP1wZFaYCd1K0nYWoFAdcYoYK868IEigqMX3B3f8yIoRlAhAeDWciLI6ZdCKHF9P4Vg==',
4794 silly install resolved       signatures: [Array],
4794 silly install resolved       attestations: [Object],
4794 silly install resolved       unpackedSize: 9590
4794 silly install resolved     },
4794 silly install resolved     main: './dist/index.js',
4794 silly install resolved     types: './dist/index.d.ts',
4794 silly install resolved     module: './dist/index.mjs',
4794 silly install resolved     source: './src/index.ts',
4794 silly install resolved     exports: { '.': [Object] },
4794 silly install resolved     scripts: {
4794 silly install resolved       lint: 'oxlint --max-warnings 0 src',
4794 silly install resolved       build: 'radix-build',
4794 silly install resolved       clean: 'rm -rf dist',
4794 silly install resolved       reset: 'rm -rf dist node_modules',
4794 silly install resolved       typecheck: 'tsc --noEmit'
4794 silly install resolved     },
4794 silly install resolved     _npmUser: {
4794 silly install resolved       name: 'GitHub Actions',
4794 silly install resolved       email: 'npm-oidc-no-reply@github.com',
4794 silly install resolved       trustedPublisher: [Object]
4794 silly install resolved     },
4794 silly install resolved     repository: {
4794 silly install resolved       url: 'git+https://github.com/radix-ui/primitives.git',
4794 silly install resolved       type: 'git',
4794 silly install resolved       directory: 'packages/react/direction'
4794 silly install resolved     },
4794 silly install resolved     directories: {},
4794 silly install resolved     sideEffects: false,
4794 silly install resolved     _nodeVersion: '24.18.0',
4794 silly install resolved     _hasShrinkwrap: false,
4794 silly install resolved     devDependencies: {
4794 silly install resolved       react: '^19.2.0',
4794 silly install resolved       'react-dom': '^19.2.0',
4794 silly install resolved       typescript: '^5.9.3',
4794 silly install resolved       '@types/react': '^19.2.2',
4794 silly install resolved       '@repo/builder': '0.0.0',
4794 silly install resolved       '@types/react-dom': '^19.2.2',
4794 silly install resolved       '@repo/typescript-config': '0.0.0'
4794 silly install resolved     },
4794 silly install resolved     peerDependencies: {
4794 silly install resolved       react: '^16.8 || ^17.0 || ^18.0 || ^19.0 || ^19.0.0-rc',
4794 silly install resolved       '@types/react': '*'
4794 silly install resolved     },
4794 silly install resolved     peerDependenciesMeta: { '@types/react': [Object] },
4794 silly install resolved     _npmOperationalInternal: {
4794 silly install resolved       tmp: 'tmp/react-direction_1.1.4_1784937075582_0.5436780207802385',
4794 silly install resolved       host: 's3://npm-registry-packages-npm-production'
4794 silly install resolved     },
4794 silly install resolved     _shasum: 'e7b7049f3c3ab8e6e014c4600f9f1974a52c05f1',
4794 silly install resolved     _resolved: 'https://registry.npmjs.org/@radix-ui/react-direction/-/react-direction-1.1.4.tgz',
4794 silly install resolved     _from: '@radix-ui/react-direction@1.1.4'
4794 silly install resolved   },
4794 silly install resolved   {
4794 silly install resolved     name: '@radix-ui/react-presence',
4794 silly install resolved     version: '1.1.10',
4794 silly install resolved     license: 'MIT',
4794 silly install resolved     _id: '@radix-ui/react-presence@1.1.10',
4794 silly install resolved     maintainers: [ [Object], [Object], [Object], [Object] ],
4794 silly install resolved     homepage: 'https://radix-ui.com/primitives',
4794 silly install resolved     bugs: { url: 'https://github.com/radix-ui/primitives/issues' },
4794 silly install resolved     dist: {
4794 silly install resolved       shasum: '49041cb9c41c3e8d1791d6b96a1d3bcd8429a151',
4794 silly install resolved       tarball: 'https://registry.npmjs.org/@radix-ui/react-presence/-/react-presence-1.1.10.tgz',
4794 silly install resolved       fileCount: 9,
4794 silly install resolved       integrity: 'sha512-3wyzCQ6+ubRA+D4uv9m95JYLXxmOHp05qjrkjeA7uKHHtjpPggQzc6DAb0URl7j67oR0K2foO4ip27TiX037Bw==',
4794 silly install resolved       signatures: [Array],
4794 silly install resolved       attestations: [Object],
4794 silly install resolved       unpackedSize: 50954
4794 silly install resolved     },
4794 silly install resolved     main: './dist/index.js',
4794 silly install resolved     types: './dist/index.d.ts',
4794 silly install resolved     module: './dist/index.mjs',
4794 silly install resolved     source: './src/index.ts',
4794 silly install resolved     exports: { '.': [Object] },
4794 silly install resolved     scripts: {
4794 silly install resolved       lint: 'oxlint --max-warnings 0 src',
4794 silly install resolved       build: 'radix-build',
4794 silly install resolved       clean: 'rm -rf dist',
4794 silly install resolved       reset: 'rm -rf dist node_modules',
4794 silly install resolved       typecheck: 'tsc --noEmit'
4794 silly install resolved     },
4794 silly install resolved     _npmUser: {
4794 silly install resolved       name: 'GitHub Actions',
4794 silly install resolved       email: 'npm-oidc-no-reply@github.com',
4794 silly install resolved       trustedPublisher: [Object]
4794 silly install resolved     },
4794 silly install resolved     repository: {
4794 silly install resolved       url: 'git+https://github.com/radix-ui/primitives.git',
4794 silly install resolved       type: 'git',
4794 silly install resolved       directory: 'packages/react/presence'
4794 silly install resolved     },
4794 silly install resolved     directories: {},
4794 silly install resolved     sideEffects: false,
4794 silly install resolved     _nodeVersion: '24.18.0',
4794 silly install resolved     dependencies: { '@radix-ui/react-use-layout-effect': '1.1.4' },
4794 silly install resolved     _hasShrinkwrap: false,
4794 silly install resolved     devDependencies: {
4794 silly install resolved       react: '^19.2.0',
4794 silly install resolved       'react-dom': '^19.2.0',
4794 silly install resolved       typescript: '^5.9.3',
4794 silly install resolved       '@types/react': '^19.2.2',
4794 silly install resolved       '@repo/builder': '0.0.0',
4794 silly install resolved       '@types/react-dom': '^19.2.2',
4794 silly install resolved       '@repo/typescript-config': '0.0.0'
4794 silly install resolved     },
4794 silly install resolved     peerDependencies: {
4794 silly install resolved       react: '^16.8 || ^17.0 || ^18.0 || ^19.0 || ^19.0.0-rc',
4794 silly install resolved       'react-dom': '^16.8 || ^17.0 || ^18.0 || ^19.0 || ^19.0.0-rc',
4794 silly install resolved       '@types/react': '*',
4794 silly install resolved       '@types/react-dom': '*'
4794 silly install resolved     },
4794 silly install resolved     peerDependenciesMeta: { '@types/react': [Object], '@types/react-dom': [Object] },
4794 silly install resolved     _npmOperationalInternal: {
4794 silly install resolved       tmp: 'tmp/react-presence_1.1.10_1784937089430_0.3287198145736887',
4794 silly install resolved       host: 's3://npm-registry-packages-npm-production'
4794 silly install resolved     },
4794 silly install resolved     _shasum: '49041cb9c41c3e8d1791d6b96a1d3bcd8429a151',
4794 silly install resolved     _resolved: 'https://registry.npmjs.org/@radix-ui/react-presence/-/react-presence-1.1.10.tgz',
4794 silly install resolved     _from: '@radix-ui/react-presence@1.1.10'
4794 silly install resolved   },
4794 silly install resolved   {
4794 silly install resolved     name: '@radix-ui/react-primitive',
4794 silly install resolved     version: '2.1.10',
4794 silly install resolved     license: 'MIT',
4794 silly install resolved     _id: '@radix-ui/react-primitive@2.1.10',
4794 silly install resolved     maintainers: [ [Object], [Object], [Object], [Object] ],
4794 silly install resolved     homepage: 'https://radix-ui.com/primitives',
4794 silly install resolved     bugs: { url: 'https://github.com/radix-ui/primitives/issues' },
4794 silly install resolved     dist: {
4794 silly install resolved       shasum: '292b7476499d17227f337c8d1c59f270c683842a',
4794 silly install resolved       tarball: 'https://registry.npmjs.org/@radix-ui/react-primitive/-/react-primitive-2.1.10.tgz',
4794 silly install resolved       fileCount: 9,
4794 silly install resolved       integrity: 'sha512-MucOnzh6hR5mid6VpkbglRAMYMjKLqRnGBbjXkzjK52fuQDd1qbkx78a5P40mkcnVXJdEVxm26E9OPAiUq7nBg==',
4794 silly install resolved       signatures: [Array],
4794 silly install resolved       attestations: [Object],
4794 silly install resolved       unpackedSize: 23154
4794 silly install resolved     },
4794 silly install resolved     main: './dist/index.js',
4794 silly install resolved     types: './dist/index.d.ts',
4794 silly install resolved     module: './dist/index.mjs',
4794 silly install resolved     source: './src/index.ts',
4794 silly install resolved     exports: { '.': [Object] },
4794 silly install resolved     scripts: {
4794 silly install resolved       lint: 'oxlint --max-warnings 0 src',
4794 silly install resolved       build: 'radix-build',
4794 silly install resolved       clean: 'rm -rf dist',
4794 silly install resolved       reset: 'rm -rf dist node_modules',
4794 silly install resolved       typecheck: 'tsc --noEmit'
4794 silly install resolved     },
4794 silly install resolved     _npmUser: {
4794 silly install resolved       name: 'GitHub Actions',
4794 silly install resolved       email: 'npm-oidc-no-reply@github.com',
4794 silly install resolved       trustedPublisher: [Object]
4794 silly install resolved     },
4794 silly install resolved     repository: {
4794 silly install resolved       url: 'git+https://github.com/radix-ui/primitives.git',
4794 silly install resolved       type: 'git',
4794 silly install resolved       directory: 'packages/react/primitive'
4794 silly install resolved     },
4794 silly install resolved     directories: {},
4794 silly install resolved     sideEffects: false,
4794 silly install resolved     _nodeVersion: '24.18.0',
4794 silly install resolved     dependencies: { '@radix-ui/react-slot': '1.3.3' },
4794 silly install resolved     _hasShrinkwrap: false,
4794 silly install resolved     devDependencies: {
4794 silly install resolved       react: '^19.2.0',
4794 silly install resolved       'react-dom': '^19.2.0',
4794 silly install resolved       typescript: '^5.9.3',
4794 silly install resolved       '@types/react': '^19.2.2',
4794 silly install resolved       '@repo/builder': '0.0.0',
4794 silly install resolved       '@types/react-dom': '^19.2.2',
4794 silly install resolved       '@repo/typescript-config': '0.0.0'
4794 silly install resolved     },
4794 silly install resolved     peerDependencies: {
4794 silly install resolved       react: '^16.8 || ^17.0 || ^18.0 || ^19.0 || ^19.0.0-rc',
4794 silly install resolved       'react-dom': '^16.8 || ^17.0 || ^18.0 || ^19.0 || ^19.0.0-rc',
4794 silly install resolved       '@types/react': '*',
4794 silly install resolved       '@types/react-dom': '*'
4794 silly install resolved     },
4794 silly install resolved     peerDependenciesMeta: { '@types/react': [Object], '@types/react-dom': [Object] },
4794 silly install resolved     _npmOperationalInternal: {
4794 silly install resolved       tmp: 'tmp/react-primitive_2.1.10_1784937087857_0.36761249146027253',
4794 silly install resolved       host: 's3://npm-registry-packages-npm-production'
4794 silly install resolved     },
4794 silly install resolved     _shasum: '292b7476499d17227f337c8d1c59f270c683842a',
4794 silly install resolved     _resolved: 'https://registry.npmjs.org/@radix-ui/react-primitive/-/react-primitive-2.1.10.tgz',
4794 silly install resolved     _from: '@radix-ui/react-primitive@2.1.10'
4794 silly install resolved   },
4794 silly install resolved   {
4794 silly install resolved     name: '@radix-ui/react-roving-focus',
4794 silly install resolved     version: '1.1.19',
4794 silly install resolved     license: 'MIT',
4794 silly install resolved     _id: '@radix-ui/react-roving-focus@1.1.19',
4794 silly install resolved     maintainers: [ [Object], [Object], [Object], [Object] ],
4794 silly install resolved     homepage: 'https://radix-ui.com/primitives',
4794 silly install resolved     bugs: { url: 'https://github.com/radix-ui/primitives/issues' },
4794 silly install resolved     dist: {
4794 silly install resolved       shasum: '2abc0676448f4ebae8c43a61f9531aebe0f5c823',
4794 silly install resolved       tarball: 'https://registry.npmjs.org/@radix-ui/react-roving-focus/-/react-roving-focus-1.1.19.tgz',
4794 silly install resolved       fileCount: 9,
4794 silly install resolved       integrity: 'sha512-V9jI6hDjT7l3jsCQD9bLNvDLM3tH/gdbOTp7Tefp3hbbgCGQoK7tUvrWiRlcoBHIZ809ElXwNQwVo0B98LuTXQ==',
4794 silly install resolved       signatures: [Array],
4794 silly install resolved       attestations: [Object],
4794 silly install resolved       unpackedSize: 72730
4794 silly install resolved     },
4794 silly install resolved     main: './dist/index.js',
4794 silly install resolved     types: './dist/index.d.ts',
4794 silly install resolved     module: './dist/index.mjs',
4794 silly install resolved     source: './src/index.ts',
4794 silly install resolved     exports: { '.': [Object] },
4794 silly install resolved     scripts: {
4794 silly install resolved       lint: 'oxlint --max-warnings 0 src',
4794 silly install resolved       build: 'radix-build',
4794 silly install resolved       clean: 'rm -rf dist',
4794 silly install resolved       reset: 'rm -rf dist node_modules',
4794 silly install resolved       typecheck: 'tsc --noEmit'
4794 silly install resolved     },
4794 silly install resolved     _npmUser: {
4794 silly install resolved       name: 'GitHub Actions',
4794 silly install resolved       email: 'npm-oidc-no-reply@github.com',
4794 silly install resolved       trustedPublisher: [Object]
4794 silly install resolved     },
4794 silly install resolved     repository: {
4794 silly install resolved       url: 'git+https://github.com/radix-ui/primitives.git',
4794 silly install resolved       type: 'git',
4794 silly install resolved       directory: 'packages/react/roving-focus'
4794 silly install resolved     },
4794 silly install resolved     directories: {},
4794 silly install resolved     sideEffects: false,
4794 silly install resolved     _nodeVersion: '24.18.0',
4794 silly install resolved     dependencies: {
4794 silly install resolved       '@radix-ui/react-id': '1.1.4',
4794 silly install resolved       '@radix-ui/primitive': '1.1.7',
4794 silly install resolved       '@radix-ui/react-context': '1.2.2',
4794 silly install resolved       '@radix-ui/react-direction': '1.1.4',
4794 silly install resolved       '@radix-ui/react-primitive': '2.1.10',
4794 silly install resolved       '@radix-ui/react-collection': '1.1.15',
4794 silly install resolved       '@radix-ui/react-compose-refs': '1.1.5',
4794 silly install resolved       '@radix-ui/react-use-is-hydrated': '0.1.3',
4794 silly install resolved       '@radix-ui/react-use-callback-ref': '1.1.4',
4794 silly install resolved       '@radix-ui/react-use-layout-effect': '1.1.4',
4794 silly install resolved       '@radix-ui/react-use-controllable-state': '1.2.6'
4794 silly install resolved     },
4794 silly install resolved     _hasShrinkwrap: false,
4794 silly install resolved     devDependencies: {
4794 silly install resolved       react: '^19.2.0',
4794 silly install resolved       'react-dom': '^19.2.0',
4794 silly install resolved       typescript: '^5.9.3',
4794 silly install resolved       '@types/react': '^19.2.2',
4794 silly install resolved       '@repo/builder': '0.0.0',
4794 silly install resolved       '@types/react-dom': '^19.2.2',
4794 silly install resolved       '@repo/typescript-config': '0.0.0'
4794 silly install resolved     },
4794 silly install resolved     peerDependencies: {
4794 silly install resolved       react: '^16.8 || ^17.0 || ^18.0 || ^19.0 || ^19.0.0-rc',
4794 silly install resolved       'react-dom': '^16.8 || ^17.0 || ^18.0 || ^19.0 || ^19.0.0-rc',
4794 silly install resolved       '@types/react': '*',
4794 silly install resolved       '@types/react-dom': '*'
4794 silly install resolved     },
4794 silly install resolved     peerDependenciesMeta: { '@types/react': [Object], '@types/react-dom': [Object] },
4794 silly install resolved     _npmOperationalInternal: {
4794 silly install resolved       tmp: 'tmp/react-roving-focus_1.1.19_1784937096776_0.4718355811744226',
4794 silly install resolved       host: 's3://npm-registry-packages-npm-production'
4794 silly install resolved     },
4794 silly install resolved     _shasum: '2abc0676448f4ebae8c43a61f9531aebe0f5c823',
4794 silly install resolved     _resolved: 'https://registry.npmjs.org/@radix-ui/react-roving-focus/-/react-roving-focus-1.1.19.tgz',
4794 silly install resolved     _from: '@radix-ui/react-roving-focus@1.1.19'
4794 silly install resolved   }
4794 silly install resolved ]
4795 info install @radix-ui/react-direction@1.1.4 into /Users/hanna/Documents/PUMA/puma/node_modules/expo-router/node_modules/@radix-ui/react-tabs
4796 info install @radix-ui/react-presence@1.1.10 into /Users/hanna/Documents/PUMA/puma/node_modules/expo-router/node_modules/@radix-ui/react-tabs
4797 info install @radix-ui/react-primitive@2.1.10 into /Users/hanna/Documents/PUMA/puma/node_modules/expo-router/node_modules/@radix-ui/react-tabs
4798 info install @radix-ui/react-roving-focus@1.1.19 into /Users/hanna/Documents/PUMA/puma/node_modules/expo-router/node_modules/@radix-ui/react-tabs
4799 info installOne @radix-ui/react-direction@1.1.4
4800 verbose installOne of @radix-ui/react-direction to /Users/hanna/Documents/PUMA/puma/node_modules/expo-router/node_modules/@radix-ui/react-tabs not in flight; installing
4801 verbose correctMkdir /Users/hanna/.npm/_locks correctMkdir not in flight; initializing
4802 info installOne @radix-ui/react-presence@1.1.10
4803 verbose installOne of @radix-ui/react-presence to /Users/hanna/Documents/PUMA/puma/node_modules/expo-router/node_modules/@radix-ui/react-tabs not in flight; installing
4804 verbose correctMkdir /Users/hanna/.npm/_locks correctMkdir not in flight; initializing
4805 info installOne @radix-ui/react-primitive@2.1.10
4806 verbose installOne of @radix-ui/react-primitive to /Users/hanna/Documents/PUMA/puma/node_modules/expo-router/node_modules/@radix-ui/react-tabs not in flight; installing
4807 verbose correctMkdir /Users/hanna/.npm/_locks correctMkdir not in flight; initializing
4808 info installOne @radix-ui/react-roving-focus@1.1.19
4809 verbose installOne of @radix-ui/react-roving-focus to /Users/hanna/Documents/PUMA/puma/node_modules/expo-router/node_modules/@radix-ui/react-tabs not in flight; installing
4810 verbose correctMkdir /Users/hanna/.npm/_locks correctMkdir not in flight; initializing
4811 verbose lock using /Users/hanna/.npm/_locks/radix-ui-react-direction-95e9594b8db4e5b6.lock for /Users/hanna/Documents/PUMA/puma/node_modules/expo-router/node_modules/@radix-ui/react-tabs/node_modules/@radix-ui/react-direction
4812 verbose lock using /Users/hanna/.npm/_locks/radix-ui-react-primitive-e86c9e0d7016ca8c.lock for /Users/hanna/Documents/PUMA/puma/node_modules/expo-router/node_modules/@radix-ui/react-tabs/node_modules/@radix-ui/react-primitive
4813 verbose lock using /Users/hanna/.npm/_locks/radix-ui-react-roving-fo-623f2134d44bb144.lock for /Users/hanna/Documents/PUMA/puma/node_modules/expo-router/node_modules/@radix-ui/react-tabs/node_modules/@radix-ui/react-roving-focus
4814 silly install write writing @radix-ui/react-direction 1.1.4 to /Users/hanna/Documents/PUMA/puma/node_modules/expo-router/node_modules/@radix-ui/react-tabs/node_modules/@radix-ui/react-direction
4815 silly install write writing @radix-ui/react-primitive 2.1.10 to /Users/hanna/Documents/PUMA/puma/node_modules/expo-router/node_modules/@radix-ui/react-tabs/node_modules/@radix-ui/react-primitive
4816 silly install write writing @radix-ui/react-roving-focus 1.1.19 to /Users/hanna/Documents/PUMA/puma/node_modules/expo-router/node_modules/@radix-ui/react-tabs/node_modules/@radix-ui/react-roving-focus
4817 verbose lock using /Users/hanna/.npm/_locks/radix-ui-react-presence-b15c005fa1dd9a3b.lock for /Users/hanna/Documents/PUMA/puma/node_modules/expo-router/node_modules/@radix-ui/react-tabs/node_modules/@radix-ui/react-presence
4818 silly install write writing @radix-ui/react-presence 1.1.10 to /Users/hanna/Documents/PUMA/puma/node_modules/expo-router/node_modules/@radix-ui/react-tabs/node_modules/@radix-ui/react-presence
4819 verbose unbuild node_modules/expo-router/node_modules/@radix-ui/react-tabs/node_modules/@radix-ui/react-direction
4820 verbose unbuild node_modules/expo-router/node_modules/@radix-ui/react-tabs/node_modules/@radix-ui/react-primitive
4821 verbose unbuild node_modules/expo-router/node_modules/@radix-ui/react-tabs/node_modules/@radix-ui/react-roving-focus
4822 silly gentlyRm /Users/hanna/Documents/PUMA/puma/node_modules/expo-router/node_modules/@radix-ui/react-tabs/node_modules/@radix-ui/react-direction is being purged from base /Users/hanna/Documents/PUMA/puma
4823 verbose gentlyRm don't care about contents; nuking /Users/hanna/Documents/PUMA/puma/node_modules/expo-router/node_modules/@radix-ui/react-tabs/node_modules/@radix-ui/react-direction
4824 silly gentlyRm /Users/hanna/Documents/PUMA/puma/node_modules/expo-router/node_modules/@radix-ui/react-tabs/node_modules/@radix-ui/react-primitive is being purged from base /Users/hanna/Documents/PUMA/puma
4825 verbose gentlyRm don't care about contents; nuking /Users/hanna/Documents/PUMA/puma/node_modules/expo-router/node_modules/@radix-ui/react-tabs/node_modules/@radix-ui/react-primitive
4826 verbose unbuild node_modules/expo-router/node_modules/@radix-ui/react-tabs/node_modules/@radix-ui/react-presence
4827 silly gentlyRm /Users/hanna/Documents/PUMA/puma/node_modules/expo-router/node_modules/@radix-ui/react-tabs/node_modules/@radix-ui/react-roving-focus is being purged from base /Users/hanna/Documents/PUMA/puma
4828 verbose gentlyRm don't care about contents; nuking /Users/hanna/Documents/PUMA/puma/node_modules/expo-router/node_modules/@radix-ui/react-tabs/node_modules/@radix-ui/react-roving-focus
4829 verbose tar unpack /Users/hanna/.npm/@radix-ui/react-direction/1.1.4/package.tgz
4830 verbose tar unpacking to /Users/hanna/Documents/PUMA/puma/node_modules/expo-router/node_modules/@radix-ui/react-tabs/node_modules/@radix-ui/react-direction
4831 silly gentlyRm /Users/hanna/Documents/PUMA/puma/node_modules/expo-router/node_modules/@radix-ui/react-tabs/node_modules/@radix-ui/react-direction is being purged
4832 verbose gentlyRm don't care about contents; nuking /Users/hanna/Documents/PUMA/puma/node_modules/expo-router/node_modules/@radix-ui/react-tabs/node_modules/@radix-ui/react-direction
4833 verbose tar unpack /Users/hanna/.npm/@radix-ui/react-primitive/2.1.10/package.tgz
4834 verbose tar unpacking to /Users/hanna/Documents/PUMA/puma/node_modules/expo-router/node_modules/@radix-ui/react-tabs/node_modules/@radix-ui/react-primitive
4835 silly gentlyRm /Users/hanna/Documents/PUMA/puma/node_modules/expo-router/node_modules/@radix-ui/react-tabs/node_modules/@radix-ui/react-primitive is being purged
4836 verbose gentlyRm don't care about contents; nuking /Users/hanna/Documents/PUMA/puma/node_modules/expo-router/node_modules/@radix-ui/react-tabs/node_modules/@radix-ui/react-primitive
4837 verbose tar unpack /Users/hanna/.npm/@radix-ui/react-roving-focus/1.1.19/package.tgz
4838 verbose tar unpacking to /Users/hanna/Documents/PUMA/puma/node_modules/expo-router/node_modules/@radix-ui/react-tabs/node_modules/@radix-ui/react-roving-focus
4839 silly gentlyRm /Users/hanna/Documents/PUMA/puma/node_modules/expo-router/node_modules/@radix-ui/react-tabs/node_modules/@radix-ui/react-roving-focus is being purged
4840 verbose gentlyRm don't care about contents; nuking /Users/hanna/Documents/PUMA/puma/node_modules/expo-router/node_modules/@radix-ui/react-tabs/node_modules/@radix-ui/react-roving-focus
4841 silly gunzTarPerm modes [ '755', '644' ]
4842 silly gunzTarPerm modes [ '755', '644' ]
4843 silly gunzTarPerm modes [ '755', '644' ]
4844 silly gentlyRm /Users/hanna/Documents/PUMA/puma/node_modules/expo-router/node_modules/@radix-ui/react-tabs/node_modules/@radix-ui/react-presence is being purged from base /Users/hanna/Documents/PUMA/puma
4845 verbose gentlyRm don't care about contents; nuking /Users/hanna/Documents/PUMA/puma/node_modules/expo-router/node_modules/@radix-ui/react-tabs/node_modules/@radix-ui/react-presence
4846 verbose tar unpack /Users/hanna/.npm/@radix-ui/react-presence/1.1.10/package.tgz
4847 verbose tar unpacking to /Users/hanna/Documents/PUMA/puma/node_modules/expo-router/node_modules/@radix-ui/react-tabs/node_modules/@radix-ui/react-presence
4848 silly gentlyRm /Users/hanna/Documents/PUMA/puma/node_modules/expo-router/node_modules/@radix-ui/react-tabs/node_modules/@radix-ui/react-presence is being purged
4849 verbose gentlyRm don't care about contents; nuking /Users/hanna/Documents/PUMA/puma/node_modules/expo-router/node_modules/@radix-ui/react-tabs/node_modules/@radix-ui/react-presence
4850 silly gunzTarPerm modes [ '755', '644' ]
4851 silly gunzTarPerm extractEntry dist/index.js
4852 silly gunzTarPerm extractEntry dist/index.js
4853 silly gunzTarPerm extractEntry dist/index.js
4854 silly gunzTarPerm extractEntry dist/index.js
4855 silly gunzTarPerm extractEntry package.json
4856 silly gunzTarPerm extractEntry dist/index.js.map
4857 silly gunzTarPerm extractEntry package.json
4858 silly gunzTarPerm extractEntry dist/index.js.map
4859 silly gunzTarPerm extractEntry package.json
4860 silly gunzTarPerm extractEntry dist/index.js.map
4861 silly gunzTarPerm extractEntry package.json
4862 silly gunzTarPerm extractEntry dist/index.js.map
4863 silly gunzTarPerm extractEntry dist/index.mjs.map
4864 silly gunzTarPerm extractEntry README.md
4865 silly gunzTarPerm extractEntry dist/index.mjs.map
4866 silly gunzTarPerm extractEntry README.md
4867 silly gunzTarPerm extractEntry dist/index.mjs.map
4868 silly gunzTarPerm extractEntry README.md
4869 silly gunzTarPerm extractEntry dist/index.mjs.map
4870 silly gunzTarPerm extractEntry dist/index.mjs
4871 silly gunzTarPerm extractEntry dist/index.d.mts
4872 silly gunzTarPerm extractEntry dist/index.mjs
4873 silly gunzTarPerm extractEntry dist/index.d.mts
4874 silly gunzTarPerm extractEntry dist/index.mjs
4875 silly gunzTarPerm extractEntry dist/index.d.mts
4876 silly gunzTarPerm extractEntry README.md
4877 silly gunzTarPerm extractEntry dist/index.mjs
4878 silly gunzTarPerm extractEntry dist/index.d.ts
4879 silly gunzTarPerm extractEntry LICENSE
4880 silly gunzTarPerm extractEntry dist/index.d.ts
4881 silly gunzTarPerm extractEntry LICENSE
4882 silly gunzTarPerm extractEntry dist/index.d.mts
4883 silly gunzTarPerm extractEntry dist/index.d.ts
4884 silly gunzTarPerm extractEntry LICENSE
4885 silly gunzTarPerm extractEntry dist/index.d.ts
4886 silly gunzTarPerm extractEntry LICENSE
4887 verbose write writing to /Users/hanna/Documents/PUMA/puma/node_modules/expo-router/node_modules/@radix-ui/react-tabs/node_modules/@radix-ui/react-direction/package.json
4888 verbose write writing to /Users/hanna/Documents/PUMA/puma/node_modules/expo-router/node_modules/@radix-ui/react-tabs/node_modules/@radix-ui/react-roving-focus/package.json
4889 verbose write writing to /Users/hanna/Documents/PUMA/puma/node_modules/expo-router/node_modules/@radix-ui/react-tabs/node_modules/@radix-ui/react-presence/package.json
4890 verbose write writing to /Users/hanna/Documents/PUMA/puma/node_modules/expo-router/node_modules/@radix-ui/react-tabs/node_modules/@radix-ui/react-primitive/package.json
4891 info preinstall @radix-ui/react-roving-focus@1.1.19
4892 info preinstall @radix-ui/react-presence@1.1.10
4893 info preinstall @radix-ui/react-direction@1.1.4
4894 info preinstall @radix-ui/react-primitive@2.1.10
4895 verbose readDependencies loading dependencies from /Users/hanna/Documents/PUMA/puma/node_modules/expo-router/node_modules/@radix-ui/react-tabs/node_modules/@radix-ui/react-roving-focus/package.json
4896 verbose readDependencies loading dependencies from /Users/hanna/Documents/PUMA/puma/node_modules/expo-router/node_modules/@radix-ui/react-tabs/node_modules/@radix-ui/react-presence/package.json
4897 verbose readDependencies loading dependencies from /Users/hanna/Documents/PUMA/puma/node_modules/expo-router/node_modules/@radix-ui/react-tabs/node_modules/@radix-ui/react-direction/package.json
4898 verbose readDependencies loading dependencies from /Users/hanna/Documents/PUMA/puma/node_modules/expo-router/node_modules/@radix-ui/react-tabs/node_modules/@radix-ui/react-primitive/package.json
4899 silly prepareForInstallMany adding @radix-ui/react-collection@1.1.15 from @radix-ui/react-roving-focus dependencies
4900 silly prepareForInstallMany adding @radix-ui/react-use-is-hydrated@0.1.3 from @radix-ui/react-roving-focus dependencies
4901 silly prepareForInstallMany adding @types/react-dom@* from @radix-ui/react-roving-focus peerDependencies
4902 warn peerDependencies The peer dependency @types/react-dom@* included from @radix-ui/react-roving-focus will no
4903 warn peerDependencies longer be automatically installed to fulfill the peerDependency
4904 warn peerDependencies in npm 3+. Your application will need to depend on it explicitly.
4905 verbose readDependencies loading dependencies from /Users/hanna/Documents/PUMA/puma/node_modules/expo-router/node_modules/@radix-ui/react-tabs/node_modules/@radix-ui/react-roving-focus/package.json
4906 silly prepareForInstallMany adding @types/react-dom@* from @radix-ui/react-presence peerDependencies
4907 warn peerDependencies The peer dependency @types/react-dom@* included from @radix-ui/react-presence will no
4908 warn peerDependencies longer be automatically installed to fulfill the peerDependency
4909 warn peerDependencies in npm 3+. Your application will need to depend on it explicitly.
4910 verbose readDependencies loading dependencies from /Users/hanna/Documents/PUMA/puma/node_modules/expo-router/node_modules/@radix-ui/react-tabs/node_modules/@radix-ui/react-presence/package.json
4911 silly prepareForInstallMany adding @types/react-dom@* from @radix-ui/react-primitive peerDependencies
4912 warn peerDependencies The peer dependency @types/react-dom@* included from @radix-ui/react-primitive will no
4913 warn peerDependencies longer be automatically installed to fulfill the peerDependency
4914 warn peerDependencies in npm 3+. Your application will need to depend on it explicitly.
4915 verbose readDependencies loading dependencies from /Users/hanna/Documents/PUMA/puma/node_modules/expo-router/node_modules/@radix-ui/react-tabs/node_modules/@radix-ui/react-primitive/package.json
4916 verbose readDependencies loading dependencies from /Users/hanna/Documents/PUMA/puma/node_modules/expo-router/node_modules/@radix-ui/react-tabs/node_modules/@radix-ui/react-direction/package.json
4917 silly install resolved []
4918 verbose about to build /Users/hanna/Documents/PUMA/puma/node_modules/expo-router/node_modules/@radix-ui/react-tabs/node_modules/@radix-ui/react-presence
4919 info build /Users/hanna/Documents/PUMA/puma/node_modules/expo-router/node_modules/@radix-ui/react-tabs/node_modules/@radix-ui/react-presence
4920 silly install resolved []
4921 verbose about to build /Users/hanna/Documents/PUMA/puma/node_modules/expo-router/node_modules/@radix-ui/react-tabs/node_modules/@radix-ui/react-primitive
4922 info build /Users/hanna/Documents/PUMA/puma/node_modules/expo-router/node_modules/@radix-ui/react-tabs/node_modules/@radix-ui/react-primitive
4923 silly install resolved []
4924 verbose about to build /Users/hanna/Documents/PUMA/puma/node_modules/expo-router/node_modules/@radix-ui/react-tabs/node_modules/@radix-ui/react-direction
4925 info build /Users/hanna/Documents/PUMA/puma/node_modules/expo-router/node_modules/@radix-ui/react-tabs/node_modules/@radix-ui/react-direction
4926 silly cache add args [ '@radix-ui/react-collection@1.1.15', null ]
4927 verbose cache add spec @radix-ui/react-collection@1.1.15
4928 silly cache add parsed spec Result {
4928 silly cache add   raw: '@radix-ui/react-collection@1.1.15',
4928 silly cache add   scope: '@radix-ui',
4928 silly cache add   name: '@radix-ui/react-collection',
4928 silly cache add   rawSpec: '1.1.15',
4928 silly cache add   spec: '1.1.15',
4928 silly cache add   type: 'version'
4928 silly cache add }
4929 silly addNamed @radix-ui/react-collection@1.1.15
4930 verbose addNamed "1.1.15" is a plain semver version for @radix-ui/react-collection
4931 silly mapToRegistry name @radix-ui/react-collection
4932 silly mapToRegistry scope (from package name) @radix-ui
4933 verbose mapToRegistry no registry URL found in name for scope @radix-ui
4934 silly mapToRegistry using default registry
4935 silly mapToRegistry registry https://registry.npmjs.org/
4936 silly mapToRegistry data Result {
4936 silly mapToRegistry   raw: '@radix-ui/react-collection',
4936 silly mapToRegistry   scope: '@radix-ui',
4936 silly mapToRegistry   name: '@radix-ui/react-collection',
4936 silly mapToRegistry   rawSpec: '',
4936 silly mapToRegistry   spec: 'latest',
4936 silly mapToRegistry   type: 'tag'
4936 silly mapToRegistry }
4937 silly mapToRegistry uri https://registry.npmjs.org/@radix-ui%2freact-collection
4938 verbose addNameVersion registry:https://registry.npmjs.org/@radix-ui%2freact-collection not in flight; fetching
4939 silly cache add args [ '@radix-ui/react-use-is-hydrated@0.1.3', null ]
4940 verbose cache add spec @radix-ui/react-use-is-hydrated@0.1.3
4941 silly cache add parsed spec Result {
4941 silly cache add   raw: '@radix-ui/react-use-is-hydrated@0.1.3',
4941 silly cache add   scope: '@radix-ui',
4941 silly cache add   name: '@radix-ui/react-use-is-hydrated',
4941 silly cache add   rawSpec: '0.1.3',
4941 silly cache add   spec: '0.1.3',
4941 silly cache add   type: 'version'
4941 silly cache add }
4942 silly addNamed @radix-ui/react-use-is-hydrated@0.1.3
4943 verbose addNamed "0.1.3" is a plain semver version for @radix-ui/react-use-is-hydrated
4944 silly mapToRegistry name @radix-ui/react-use-is-hydrated
4945 silly mapToRegistry scope (from package name) @radix-ui
4946 verbose mapToRegistry no registry URL found in name for scope @radix-ui
4947 silly mapToRegistry using default registry
4948 silly mapToRegistry registry https://registry.npmjs.org/
4949 silly mapToRegistry data Result {
4949 silly mapToRegistry   raw: '@radix-ui/react-use-is-hydrated',
4949 silly mapToRegistry   scope: '@radix-ui',
4949 silly mapToRegistry   name: '@radix-ui/react-use-is-hydrated',
4949 silly mapToRegistry   rawSpec: '',
4949 silly mapToRegistry   spec: 'latest',
4949 silly mapToRegistry   type: 'tag'
4949 silly mapToRegistry }
4950 silly mapToRegistry uri https://registry.npmjs.org/@radix-ui%2freact-use-is-hydrated
4951 verbose addNameVersion registry:https://registry.npmjs.org/@radix-ui%2freact-use-is-hydrated not in flight; fetching
4952 verbose request uri https://registry.npmjs.org/@radix-ui%2freact-use-is-hydrated
4953 verbose request no auth needed
4954 info attempt registry request try #1 at 12:33:42 PM
4955 http request GET https://registry.npmjs.org/@radix-ui%2freact-use-is-hydrated
4956 info linkStuff @radix-ui/react-presence@1.1.10
4957 silly linkStuff @radix-ui/react-presence@1.1.10 has /Users/hanna/Documents/PUMA/puma/node_modules/expo-router/node_modules/@radix-ui/react-tabs/node_modules as its parent node_modules
4958 info linkStuff @radix-ui/react-primitive@2.1.10
4959 silly linkStuff @radix-ui/react-primitive@2.1.10 has /Users/hanna/Documents/PUMA/puma/node_modules/expo-router/node_modules/@radix-ui/react-tabs/node_modules as its parent node_modules
4960 info linkStuff @radix-ui/react-direction@1.1.4
4961 silly linkStuff @radix-ui/react-direction@1.1.4 has /Users/hanna/Documents/PUMA/puma/node_modules/expo-router/node_modules/@radix-ui/react-tabs/node_modules as its parent node_modules
4962 verbose request uri https://registry.npmjs.org/@radix-ui%2freact-collection
4963 verbose request no auth needed
4964 info attempt registry request try #1 at 12:33:42 PM
4965 verbose etag W/"81acf1b4f2cccd82ff209ccd8b31f72e"
4966 verbose lastModified Wed, 24 Dec 2025 01:25:43 GMT
4967 http request GET https://registry.npmjs.org/@radix-ui%2freact-collection
4968 verbose linkBins @radix-ui/react-presence@1.1.10
4969 verbose linkMans @radix-ui/react-presence@1.1.10
4970 verbose rebuildBundles @radix-ui/react-presence@1.1.10
4971 verbose linkBins @radix-ui/react-primitive@2.1.10
4972 verbose linkMans @radix-ui/react-primitive@2.1.10
4973 verbose rebuildBundles @radix-ui/react-primitive@2.1.10
4974 info install @radix-ui/react-presence@1.1.10
4975 info install @radix-ui/react-primitive@2.1.10
4976 info postinstall @radix-ui/react-presence@1.1.10
4977 info postinstall @radix-ui/react-primitive@2.1.10
4978 verbose linkBins @radix-ui/react-direction@1.1.4
4979 verbose linkMans @radix-ui/react-direction@1.1.4
4980 verbose rebuildBundles @radix-ui/react-direction@1.1.4
4981 info install @radix-ui/react-direction@1.1.4
4982 verbose readDependencies loading dependencies from /Users/hanna/Documents/PUMA/puma/node_modules/expo-router/node_modules/@radix-ui/react-tabs/package.json
4983 verbose readDependencies loading dependencies from /Users/hanna/Documents/PUMA/puma/node_modules/expo-router/node_modules/@radix-ui/react-tabs/package.json
4984 info postinstall @radix-ui/react-direction@1.1.4
4985 verbose unlock done using /Users/hanna/.npm/_locks/radix-ui-react-direction-95e9594b8db4e5b6.lock for /Users/hanna/Documents/PUMA/puma/node_modules/expo-router/node_modules/@radix-ui/react-tabs/node_modules/@radix-ui/react-direction
4986 verbose targetResolver reading package data from /Users/hanna/Documents/PUMA/puma/node_modules/expo-router/node_modules/@radix-ui/react-tabs/node_modules/@radix-ui/react-direction/package.json
4987 verbose targetResolver reading package data from /Users/hanna/Documents/PUMA/puma/node_modules/expo-router/node_modules/@radix-ui/react-tabs/node_modules/@radix-ui/react-presence/package.json
4988 verbose targetResolver reading package data from /Users/hanna/Documents/PUMA/puma/node_modules/expo-router/node_modules/@radix-ui/react-tabs/node_modules/@radix-ui/react-primitive/package.json
4989 verbose targetResolver reading package data from /Users/hanna/Documents/PUMA/puma/node_modules/expo-router/node_modules/@radix-ui/react-tabs/node_modules/@radix-ui/react-roving-focus/package.json
4990 verbose targetResolver reading package data from /Users/hanna/Documents/PUMA/puma/node_modules/expo-router/node_modules/@radix-ui/react-tabs/node_modules/@radix-ui/react-direction/package.json
4991 verbose targetResolver reading package data from /Users/hanna/Documents/PUMA/puma/node_modules/expo-router/node_modules/@radix-ui/react-tabs/node_modules/@radix-ui/react-presence/package.json
4992 verbose targetResolver reading package data from /Users/hanna/Documents/PUMA/puma/node_modules/expo-router/node_modules/@radix-ui/react-tabs/node_modules/@radix-ui/react-primitive/package.json
4993 verbose targetResolver reading package data from /Users/hanna/Documents/PUMA/puma/node_modules/expo-router/node_modules/@radix-ui/react-tabs/node_modules/@radix-ui/react-roving-focus/package.json
4994 silly cache add args [ '@types/react-dom@*', null ]
4995 verbose cache add spec @types/react-dom@*
4996 silly cache add parsed spec Result {
4996 silly cache add   raw: '@types/react-dom@*',
4996 silly cache add   scope: '@types',
4996 silly cache add   name: '@types/react-dom',
4996 silly cache add   rawSpec: '*',
4996 silly cache add   spec: '*',
4996 silly cache add   type: 'range'
4996 silly cache add }
4997 silly addNamed @types/react-dom@*
4998 verbose addNamed "*" is a valid semver range for @types/react-dom
4999 silly addNameRange { name: '@types/react-dom', range: '*', hasData: false }
5000 silly mapToRegistry name @types/react-dom
5001 silly mapToRegistry scope (from package name) @types
5002 verbose mapToRegistry no registry URL found in name for scope @types
5003 silly mapToRegistry using default registry
5004 silly mapToRegistry registry https://registry.npmjs.org/
5005 silly mapToRegistry data Result {
5005 silly mapToRegistry   raw: '@types/react-dom',
5005 silly mapToRegistry   scope: '@types',
5005 silly mapToRegistry   name: '@types/react-dom',
5005 silly mapToRegistry   rawSpec: '',
5005 silly mapToRegistry   spec: 'latest',
5005 silly mapToRegistry   type: 'tag'
5005 silly mapToRegistry }
5006 silly mapToRegistry uri https://registry.npmjs.org/@types%2freact-dom
5007 verbose addNameRange registry:https://registry.npmjs.org/@types%2freact-dom not in flight; fetching
5008 silly cache add args [ '@types/react-dom@*', null ]
5009 verbose cache add spec @types/react-dom@*
5010 silly cache add parsed spec Result {
5010 silly cache add   raw: '@types/react-dom@*',
5010 silly cache add   scope: '@types',
5010 silly cache add   name: '@types/react-dom',
5010 silly cache add   rawSpec: '*',
5010 silly cache add   spec: '*',
5010 silly cache add   type: 'range'
5010 silly cache add }
5011 silly addNamed @types/react-dom@*
5012 verbose addNamed "*" is a valid semver range for @types/react-dom
5013 silly addNameRange { name: '@types/react-dom', range: '*', hasData: false }
5014 silly mapToRegistry name @types/react-dom
5015 silly mapToRegistry scope (from package name) @types
5016 verbose mapToRegistry no registry URL found in name for scope @types
5017 silly mapToRegistry using default registry
5018 silly mapToRegistry registry https://registry.npmjs.org/
5019 silly mapToRegistry data Result {
5019 silly mapToRegistry   raw: '@types/react-dom',
5019 silly mapToRegistry   scope: '@types',
5019 silly mapToRegistry   name: '@types/react-dom',
5019 silly mapToRegistry   rawSpec: '',
5019 silly mapToRegistry   spec: 'latest',
5019 silly mapToRegistry   type: 'tag'
5019 silly mapToRegistry }
5020 silly mapToRegistry uri https://registry.npmjs.org/@types%2freact-dom
5021 verbose addNameRange registry:https://registry.npmjs.org/@types%2freact-dom already in flight; waiting
5022 verbose request uri https://registry.npmjs.org/@types%2freact-dom
5023 verbose request no auth needed
5024 info attempt registry request try #1 at 12:33:42 PM
5025 verbose etag W/"d2edd863a7030f22d8fb905b54c77054"
5026 verbose lastModified Wed, 12 Nov 2025 04:37:47 GMT
5027 http request GET https://registry.npmjs.org/@types%2freact-dom
5028 http 200 https://registry.npmjs.org/@radix-ui%2freact-use-is-hydrated
5029 verbose headers {
5029 verbose headers   date: 'Tue, 29 Sep 2026 10:33:42 GMT',
5029 verbose headers   'content-type': 'application/json',
5029 verbose headers   'transfer-encoding': 'chunked',
5029 verbose headers   connection: 'keep-alive',
5029 verbose headers   'set-cookie': [
5029 verbose headers     '__cf_bm=rOfV81_vAwT7fMMz7s5sGroC1cXp1B0mUoRWPeqJoeM-1790678022.9486623-1.0.1.1-XM0IjcyInyvnVDCxZyA7RNGF9InpdNCoixTBq7AlnJ4gWHXT3wvvXQzqzitedgaCArevMSR6mqCDwp.H.MZHIOExpi9Rgzw.ftGCyudr3lhugv9nxYgtxAD.oGRJa0S3; HttpOnly; SameSite=None; Secure; Path=/; Domain=npmjs.org; Expires=Tue, 29 Sep 2026 11:03:42 GMT',
5029 verbose headers     '_cfuvid=q4zIe75NDpfyDG6rZtWgBwb32K4SKvAkh_6kL.NezMg-1790678022.9486623-1.0.1.1-DhlJ0CGKmkd.bIHMjHaUXcs.bBK9Dw1XVc2olVCoOr0; HttpOnly; SameSite=None; Secure; Path=/; Domain=npmjs.org'
5029 verbose headers   ],
5029 verbose headers   'cf-ray': 'a42a54cb6c095318-ARN',
5029 verbose headers   'cf-cache-status': 'HIT',
5029 verbose headers   etag: 'W/"18b76712937c7a7b20f75cb0ce42ecae"',
5029 verbose headers   'access-control-allow-origin': '*',
5029 verbose headers   age: '78',
5029 verbose headers   'cache-control': 'public, max-age=300',
5029 verbose headers   'last-modified': 'Fri, 24 Jul 2026 23:51:47 GMT',
5029 verbose headers   server: 'cloudflare',
5029 verbose headers   vary: 'accept-encoding, accept',
5029 verbose headers   'content-encoding': 'gzip'
5029 verbose headers }
5030 silly get cb [
5030 silly get   200,
5030 silly get   {
5030 silly get     date: 'Tue, 29 Sep 2026 10:33:42 GMT',
5030 silly get     'content-type': 'application/json',
5030 silly get     'transfer-encoding': 'chunked',
5030 silly get     connection: 'keep-alive',
5030 silly get     'set-cookie': [
5030 silly get       '__cf_bm=rOfV81_vAwT7fMMz7s5sGroC1cXp1B0mUoRWPeqJoeM-1790678022.9486623-1.0.1.1-XM0IjcyInyvnVDCxZyA7RNGF9InpdNCoixTBq7AlnJ4gWHXT3wvvXQzqzitedgaCArevMSR6mqCDwp.H.MZHIOExpi9Rgzw.ftGCyudr3lhugv9nxYgtxAD.oGRJa0S3; HttpOnly; SameSite=None; Secure; Path=/; Domain=npmjs.org; Expires=Tue, 29 Sep 2026 11:03:42 GMT',
5030 silly get       '_cfuvid=q4zIe75NDpfyDG6rZtWgBwb32K4SKvAkh_6kL.NezMg-1790678022.9486623-1.0.1.1-DhlJ0CGKmkd.bIHMjHaUXcs.bBK9Dw1XVc2olVCoOr0; HttpOnly; SameSite=None; Secure; Path=/; Domain=npmjs.org'
5030 silly get     ],
5030 silly get     'cf-ray': 'a42a54cb6c095318-ARN',
5030 silly get     'cf-cache-status': 'HIT',
5030 silly get     etag: 'W/"18b76712937c7a7b20f75cb0ce42ecae"',
5030 silly get     'access-control-allow-origin': '*',
5030 silly get     age: '78',
5030 silly get     'cache-control': 'public, max-age=300',
5030 silly get     'last-modified': 'Fri, 24 Jul 2026 23:51:47 GMT',
5030 silly get     server: 'cloudflare',
5030 silly get     vary: 'accept-encoding, accept',
5030 silly get     'content-encoding': 'gzip'
5030 silly get   }
5030 silly get ]
5031 verbose get saving @radix-ui/react-use-is-hydrated to /Users/hanna/.npm/registry.npmjs.org/_40radix-ui_252freact-use-is-hydrated/.cache.json
5032 verbose correctMkdir /Users/hanna/.npm correctMkdir not in flight; initializing
5033 silly mapToRegistry name @radix-ui/react-use-is-hydrated
5034 silly mapToRegistry scope (from package name) @radix-ui
5035 verbose mapToRegistry no registry URL found in name for scope @radix-ui
5036 silly mapToRegistry using default registry
5037 silly mapToRegistry registry https://registry.npmjs.org/
5038 silly mapToRegistry data Result {
5038 silly mapToRegistry   raw: '@radix-ui/react-use-is-hydrated',
5038 silly mapToRegistry   scope: '@radix-ui',
5038 silly mapToRegistry   name: '@radix-ui/react-use-is-hydrated',
5038 silly mapToRegistry   rawSpec: '',
5038 silly mapToRegistry   spec: 'latest',
5038 silly mapToRegistry   type: 'tag'
5038 silly mapToRegistry }
5039 silly mapToRegistry uri https://registry.npmjs.org/@radix-ui%2freact-use-is-hydrated
5040 verbose addRemoteTarball https://registry.npmjs.org/@radix-ui/react-use-is-hydrated/-/react-use-is-hydrated-0.1.3.tgz not in flight; adding
5041 verbose addRemoteTarball [
5041 verbose addRemoteTarball   'https://registry.npmjs.org/@radix-ui/react-use-is-hydrated/-/react-use-is-hydrated-0.1.3.tgz',
5041 verbose addRemoteTarball   'f0ffa47394726046ba6c6d0b7c97239f48c8df45'
5041 verbose addRemoteTarball ]
5042 info retry fetch attempt 1 at 12:33:43 PM
5043 info attempt registry request try #1 at 12:33:43 PM
5044 http fetch GET https://registry.npmjs.org/@radix-ui/react-use-is-hydrated/-/react-use-is-hydrated-0.1.3.tgz
5045 http 200 https://registry.npmjs.org/@types%2freact-dom
5046 verbose headers {
5046 verbose headers   date: 'Tue, 29 Sep 2026 10:33:43 GMT',
5046 verbose headers   'content-type': 'application/json',
5046 verbose headers   'transfer-encoding': 'chunked',
5046 verbose headers   connection: 'keep-alive',
5046 verbose headers   'set-cookie': [
5046 verbose headers     '__cf_bm=VcP6h.WMuFUHAcWLkQw7EidzB2VyZVUz4rVx8P.oivY-1790678022.9757738-1.0.1.1-t9z8ZK.HxNeNJ0wxY1.kVd2dDioPs3r.Tg0YAUgSuhaFNb0GBKmoCpj9.bjatOqgdzu3cmVTF2m85tcv2bXf0QwQtdhxpOZe1eWLha.lot1oxXVaGEzQ9ugiRD.FsgeL; HttpOnly; SameSite=None; Secure; Path=/; Domain=npmjs.org; Expires=Tue, 29 Sep 2026 11:03:42 GMT',
5046 verbose headers     '_cfuvid=wMh3tNgXj.L9i6aoTIL4aMQD9mEFZe2xkrqGW9ukOsQ-1790678022.9757738-1.0.1.1-lfZeDVLiEo0dVZOZCbyp1LRiNqgcNsOzFv4OAJafXS8; HttpOnly; SameSite=None; Secure; Path=/; Domain=npmjs.org'
5046 verbose headers   ],
5046 verbose headers   'cf-ray': 'a42a54cb9fbbaa08-ARN',
5046 verbose headers   'cf-cache-status': 'HIT',
5046 verbose headers   etag: 'W/"bf0e4a74febe91f2ec993d9147fc38d8"',
5046 verbose headers   'access-control-allow-origin': '*',
5046 verbose headers   age: '69',
5046 verbose headers   'cache-control': 'public, max-age=300',
5046 verbose headers   'last-modified': 'Wed, 09 Sep 2026 18:07:53 GMT',
5046 verbose headers   server: 'cloudflare',
5046 verbose headers   vary: 'accept-encoding, accept',
5046 verbose headers   'content-encoding': 'gzip'
5046 verbose headers }
5047 silly get cb [
5047 silly get   200,
5047 silly get   {
5047 silly get     date: 'Tue, 29 Sep 2026 10:33:43 GMT',
5047 silly get     'content-type': 'application/json',
5047 silly get     'transfer-encoding': 'chunked',
5047 silly get     connection: 'keep-alive',
5047 silly get     'set-cookie': [
5047 silly get       '__cf_bm=VcP6h.WMuFUHAcWLkQw7EidzB2VyZVUz4rVx8P.oivY-1790678022.9757738-1.0.1.1-t9z8ZK.HxNeNJ0wxY1.kVd2dDioPs3r.Tg0YAUgSuhaFNb0GBKmoCpj9.bjatOqgdzu3cmVTF2m85tcv2bXf0QwQtdhxpOZe1eWLha.lot1oxXVaGEzQ9ugiRD.FsgeL; HttpOnly; SameSite=None; Secure; Path=/; Domain=npmjs.org; Expires=Tue, 29 Sep 2026 11:03:42 GMT',
5047 silly get       '_cfuvid=wMh3tNgXj.L9i6aoTIL4aMQD9mEFZe2xkrqGW9ukOsQ-1790678022.9757738-1.0.1.1-lfZeDVLiEo0dVZOZCbyp1LRiNqgcNsOzFv4OAJafXS8; HttpOnly; SameSite=None; Secure; Path=/; Domain=npmjs.org'
5047 silly get     ],
5047 silly get     'cf-ray': 'a42a54cb9fbbaa08-ARN',
5047 silly get     'cf-cache-status': 'HIT',
5047 silly get     etag: 'W/"bf0e4a74febe91f2ec993d9147fc38d8"',
5047 silly get     'access-control-allow-origin': '*',
5047 silly get     age: '69',
5047 silly get     'cache-control': 'public, max-age=300',
5047 silly get     'last-modified': 'Wed, 09 Sep 2026 18:07:53 GMT',
5047 silly get     server: 'cloudflare',
5047 silly get     vary: 'accept-encoding, accept',
5047 silly get     'content-encoding': 'gzip'
5047 silly get   }
5047 silly get ]
5048 verbose get saving @types/react-dom to /Users/hanna/.npm/registry.npmjs.org/_40types_252freact-dom/.cache.json
5049 verbose correctMkdir /Users/hanna/.npm correctMkdir not in flight; initializing
5050 silly addNameRange number 2 { name: '@types/react-dom', range: '*', hasData: true }
5051 silly addNameRange versions [
5051 silly addNameRange   '@types/react-dom',
5051 silly addNameRange   [
5051 silly addNameRange     '0.14.1-alpha', '0.14.2-alpha',  '0.14.7-alpha',  '0.14.8-alpha',
5051 silly addNameRange     '0.14.9-alpha', '0.14.10-alpha', '0.14.11-alpha', '0.14.12-alpha',
5051 silly addNameRange     '0.14.13',      '0.14.14',       '0.14.15',       '0.14.16',
5051 silly addNameRange     '0.14.17',      '0.14.18',       '0.14.19',       '0.14.20',
5051 silly addNameRange     '0.14.21',      '0.14.22',       '0.14.23',       '15.5.0',
5051 silly addNameRange     '15.5.1',       '15.5.2',        '15.5.3',        '15.5.4',
5051 silly addNameRange     '15.5.5',       '15.5.6',        '16.0.0',        '16.0.1',
5051 silly addNameRange     '16.0.2',       '16.0.3',        '16.0.4',        '15.5.7',
5051 silly addNameRange     '16.0.5',       '16.0.6',        '15.5.8',        '16.0.7',
5051 silly addNameRange     '16.0.8',       '16.0.9',        '16.0.10',       '16.0.11',
5051 silly addNameRange     '16.8.0',       '16.8.1',        '15.5.9',        '16.8.2',
5051 silly addNameRange     '15.5.10',      '16.8.3',        '16.8.4',        '16.8.5',
5051 silly addNameRange     '16.9.0',       '16.9.1',        '16.9.2',        '15.5.11',
5051 silly addNameRange     '16.9.3',       '16.9.4',        '16.9.5',        '16.9.6',
5051 silly addNameRange     '16.9.7',       '16.9.8',        '15.5.12',       '16.9.9',
5051 silly addNameRange     '17.0.0',       '16.9.10',       '17.0.1',        '16.9.11',
5051 silly addNameRange     '17.0.2',       '17.0.3',        '16.9.12',       '17.0.4',
5051 silly addNameRange     '17.0.5',       '16.9.13',       '17.0.6',        '17.0.7',
5051 silly addNameRange     '17.0.8',       '17.0.9',        '16.9.14',       '15.5.13',
5051 silly addNameRange     '17.0.10',      '17.0.11',       '17.0.12',       '17.0.13',
5051 silly addNameRange     '17.0.14',      '18.0.0',        '17.0.15',       '18.0.1',
5051 silly addNameRange     '18.0.2',       '17.0.16',       '16.9.15',       '15.5.14',
5051 silly addNameRange     '18.0.3',       '18.0.4',        '17.0.17',       '16.9.16',
5051 silly addNameRange     '18.0.5',       '18.0.6',        '18.0.7',        '18.0.8',
5051 silly addNameRange     '17.0.18',      '16.9.17',       '15.5.15',       '18.0.9',
5051 silly addNameRange     ... 87 more items
5051 silly addNameRange   ]
5051 silly addNameRange ]
5052 silly addNamed @types/react-dom@19.3.0
5053 verbose addNamed "19.3.0" is a plain semver version for @types/react-dom
5054 silly addNameRange number 2 { name: '@types/react-dom', range: '*', hasData: true }
5055 silly addNameRange versions [
5055 silly addNameRange   '@types/react-dom',
5055 silly addNameRange   [
5055 silly addNameRange     '0.14.1-alpha', '0.14.2-alpha',  '0.14.7-alpha',  '0.14.8-alpha',
5055 silly addNameRange     '0.14.9-alpha', '0.14.10-alpha', '0.14.11-alpha', '0.14.12-alpha',
5055 silly addNameRange     '0.14.13',      '0.14.14',       '0.14.15',       '0.14.16',
5055 silly addNameRange     '0.14.17',      '0.14.18',       '0.14.19',       '0.14.20',
5055 silly addNameRange     '0.14.21',      '0.14.22',       '0.14.23',       '15.5.0',
5055 silly addNameRange     '15.5.1',       '15.5.2',        '15.5.3',        '15.5.4',
5055 silly addNameRange     '15.5.5',       '15.5.6',        '16.0.0',        '16.0.1',
5055 silly addNameRange     '16.0.2',       '16.0.3',        '16.0.4',        '15.5.7',
5055 silly addNameRange     '16.0.5',       '16.0.6',        '15.5.8',        '16.0.7',
5055 silly addNameRange     '16.0.8',       '16.0.9',        '16.0.10',       '16.0.11',
5055 silly addNameRange     '16.8.0',       '16.8.1',        '15.5.9',        '16.8.2',
5055 silly addNameRange     '15.5.10',      '16.8.3',        '16.8.4',        '16.8.5',
5055 silly addNameRange     '16.9.0',       '16.9.1',        '16.9.2',        '15.5.11',
5055 silly addNameRange     '16.9.3',       '16.9.4',        '16.9.5',        '16.9.6',
5055 silly addNameRange     '16.9.7',       '16.9.8',        '15.5.12',       '16.9.9',
5055 silly addNameRange     '17.0.0',       '16.9.10',       '17.0.1',        '16.9.11',
5055 silly addNameRange     '17.0.2',       '17.0.3',        '16.9.12',       '17.0.4',
5055 silly addNameRange     '17.0.5',       '16.9.13',       '17.0.6',        '17.0.7',
5055 silly addNameRange     '17.0.8',       '17.0.9',        '16.9.14',       '15.5.13',
5055 silly addNameRange     '17.0.10',      '17.0.11',       '17.0.12',       '17.0.13',
5055 silly addNameRange     '17.0.14',      '18.0.0',        '17.0.15',       '18.0.1',
5055 silly addNameRange     '18.0.2',       '17.0.16',       '16.9.15',       '15.5.14',
5055 silly addNameRange     '18.0.3',       '18.0.4',        '17.0.17',       '16.9.16',
5055 silly addNameRange     '18.0.5',       '18.0.6',        '18.0.7',        '18.0.8',
5055 silly addNameRange     '17.0.18',      '16.9.17',       '15.5.15',       '18.0.9',
5055 silly addNameRange     ... 87 more items
5055 silly addNameRange   ]
5055 silly addNameRange ]
5056 silly addNamed @types/react-dom@19.3.0
5057 verbose addNamed "19.3.0" is a plain semver version for @types/react-dom
5058 silly mapToRegistry name @types/react-dom
5059 silly mapToRegistry scope (from package name) @types
5060 verbose mapToRegistry no registry URL found in name for scope @types
5061 silly mapToRegistry using default registry
5062 silly mapToRegistry registry https://registry.npmjs.org/
5063 silly mapToRegistry data Result {
5063 silly mapToRegistry   raw: '@types/react-dom',
5063 silly mapToRegistry   scope: '@types',
5063 silly mapToRegistry   name: '@types/react-dom',
5063 silly mapToRegistry   rawSpec: '',
5063 silly mapToRegistry   spec: 'latest',
5063 silly mapToRegistry   type: 'tag'
5063 silly mapToRegistry }
5064 silly mapToRegistry uri https://registry.npmjs.org/@types%2freact-dom
5065 verbose addRemoteTarball https://registry.npmjs.org/@types/react-dom/-/react-dom-19.3.0.tgz not in flight; adding
5066 verbose addRemoteTarball [
5066 verbose addRemoteTarball   'https://registry.npmjs.org/@types/react-dom/-/react-dom-19.3.0.tgz',
5066 verbose addRemoteTarball   '90294a9266efd928a5266f2110d60d5dba5015d2'
5066 verbose addRemoteTarball ]
5067 silly mapToRegistry name @types/react-dom
5068 silly mapToRegistry scope (from package name) @types
5069 verbose mapToRegistry no registry URL found in name for scope @types
5070 silly mapToRegistry using default registry
5071 silly mapToRegistry registry https://registry.npmjs.org/
5072 silly mapToRegistry data Result {
5072 silly mapToRegistry   raw: '@types/react-dom',
5072 silly mapToRegistry   scope: '@types',
5072 silly mapToRegistry   name: '@types/react-dom',
5072 silly mapToRegistry   rawSpec: '',
5072 silly mapToRegistry   spec: 'latest',
5072 silly mapToRegistry   type: 'tag'
5072 silly mapToRegistry }
5073 silly mapToRegistry uri https://registry.npmjs.org/@types%2freact-dom
5074 verbose addRemoteTarball https://registry.npmjs.org/@types/react-dom/-/react-dom-19.3.0.tgz already in flight; waiting
5075 info retry fetch attempt 1 at 12:33:43 PM
5076 info attempt registry request try #1 at 12:33:43 PM
5077 http fetch GET https://registry.npmjs.org/@types/react-dom/-/react-dom-19.3.0.tgz
5078 http 200 https://registry.npmjs.org/@radix-ui%2freact-collection
5079 verbose headers {
5079 verbose headers   date: 'Tue, 29 Sep 2026 10:33:43 GMT',
5079 verbose headers   'content-type': 'application/json',
5079 verbose headers   'transfer-encoding': 'chunked',
5079 verbose headers   connection: 'keep-alive',
5079 verbose headers   'set-cookie': [
5079 verbose headers     '__cf_bm=oFcHArCrRHXa0rxO6m2VLw0uUB..ypyAOE998rPWTyI-1790678022.974645-1.0.1.1-L0hLv834tmouaj_YdN8sxbO71liCzv_h3jjK0WfqB4qVmMcpAhpS4h36JiWtI67SR_KbAgu0UwWwRB0xSGNPDglUpEZG_UrZLh2VITBKUQ5UcQG5rFcSfeJJQ15TS5ku; HttpOnly; SameSite=None; Secure; Path=/; Domain=npmjs.org; Expires=Tue, 29 Sep 2026 11:03:43 GMT',
5079 verbose headers     '_cfuvid=eM9OjAbpAGy3yCSEohWpcC1FnfBoOueFGwPJhmHU_No-1790678022.974645-1.0.1.1-ojY0p4XQAqqWUctoslT2rZHq.31.s1AwTPJYCYm5FDA; HttpOnly; SameSite=None; Secure; Path=/; Domain=npmjs.org'
5079 verbose headers   ],
5079 verbose headers   'cf-ray': 'a42a54cb99f4b000-ARN',
5079 verbose headers   'cf-cache-status': 'HIT',
5079 verbose headers   etag: 'W/"22860a00bd37682ecae4c213fffb1d84"',
5079 verbose headers   'access-control-allow-origin': '*',
5079 verbose headers   age: '99',
5079 verbose headers   'cache-control': 'public, max-age=300',
5079 verbose headers   'last-modified': 'Fri, 31 Jul 2026 15:51:10 GMT',
5079 verbose headers   server: 'cloudflare',
5079 verbose headers   vary: 'accept-encoding, accept',
5079 verbose headers   'content-encoding': 'gzip'
5079 verbose headers }
5080 silly get cb [
5080 silly get   200,
5080 silly get   {
5080 silly get     date: 'Tue, 29 Sep 2026 10:33:43 GMT',
5080 silly get     'content-type': 'application/json',
5080 silly get     'transfer-encoding': 'chunked',
5080 silly get     connection: 'keep-alive',
5080 silly get     'set-cookie': [
5080 silly get       '__cf_bm=oFcHArCrRHXa0rxO6m2VLw0uUB..ypyAOE998rPWTyI-1790678022.974645-1.0.1.1-L0hLv834tmouaj_YdN8sxbO71liCzv_h3jjK0WfqB4qVmMcpAhpS4h36JiWtI67SR_KbAgu0UwWwRB0xSGNPDglUpEZG_UrZLh2VITBKUQ5UcQG5rFcSfeJJQ15TS5ku; HttpOnly; SameSite=None; Secure; Path=/; Domain=npmjs.org; Expires=Tue, 29 Sep 2026 11:03:43 GMT',
5080 silly get       '_cfuvid=eM9OjAbpAGy3yCSEohWpcC1FnfBoOueFGwPJhmHU_No-1790678022.974645-1.0.1.1-ojY0p4XQAqqWUctoslT2rZHq.31.s1AwTPJYCYm5FDA; HttpOnly; SameSite=None; Secure; Path=/; Domain=npmjs.org'
5080 silly get     ],
5080 silly get     'cf-ray': 'a42a54cb99f4b000-ARN',
5080 silly get     'cf-cache-status': 'HIT',
5080 silly get     etag: 'W/"22860a00bd37682ecae4c213fffb1d84"',
5080 silly get     'access-control-allow-origin': '*',
5080 silly get     age: '99',
5080 silly get     'cache-control': 'public, max-age=300',
5080 silly get     'last-modified': 'Fri, 31 Jul 2026 15:51:10 GMT',
5080 silly get     server: 'cloudflare',
5080 silly get     vary: 'accept-encoding, accept',
5080 silly get     'content-encoding': 'gzip'
5080 silly get   }
5080 silly get ]
5081 verbose get saving @radix-ui/react-collection to /Users/hanna/.npm/registry.npmjs.org/_40radix-ui_252freact-collection/.cache.json
5082 verbose correctMkdir /Users/hanna/.npm correctMkdir not in flight; initializing
5083 silly mapToRegistry name @radix-ui/react-collection
5084 silly mapToRegistry scope (from package name) @radix-ui
5085 verbose mapToRegistry no registry URL found in name for scope @radix-ui
5086 silly mapToRegistry using default registry
5087 silly mapToRegistry registry https://registry.npmjs.org/
5088 silly mapToRegistry data Result {
5088 silly mapToRegistry   raw: '@radix-ui/react-collection',
5088 silly mapToRegistry   scope: '@radix-ui',
5088 silly mapToRegistry   name: '@radix-ui/react-collection',
5088 silly mapToRegistry   rawSpec: '',
5088 silly mapToRegistry   spec: 'latest',
5088 silly mapToRegistry   type: 'tag'
5088 silly mapToRegistry }
5089 silly mapToRegistry uri https://registry.npmjs.org/@radix-ui%2freact-collection
5090 verbose addRemoteTarball https://registry.npmjs.org/@radix-ui/react-collection/-/react-collection-1.1.15.tgz not in flight; adding
5091 verbose addRemoteTarball [
5091 verbose addRemoteTarball   'https://registry.npmjs.org/@radix-ui/react-collection/-/react-collection-1.1.15.tgz',
5091 verbose addRemoteTarball   '6f045630d6f9778ab1b0c456ae97b474aec8a20b'
5091 verbose addRemoteTarball ]
5092 info retry fetch attempt 1 at 12:33:43 PM
5093 info attempt registry request try #1 at 12:33:43 PM
5094 http fetch GET https://registry.npmjs.org/@radix-ui/react-collection/-/react-collection-1.1.15.tgz
5095 http fetch 200 https://registry.npmjs.org/@radix-ui/react-use-is-hydrated/-/react-use-is-hydrated-0.1.3.tgz
5096 silly fetchAndShaCheck shasum f0ffa47394726046ba6c6d0b7c97239f48c8df45
5097 verbose addTmpTarball /var/folders/98/czfgjzdn52gb8g1hmddyjnh00000gn/T/npm-32998-821ad59c/registry.npmjs.org/_40radix-ui/react-use-is-hydrated/-/react-use-is-hydrated-0.1.3.tgz not in flight; adding
5098 verbose addTmpTarball already have metadata; skipping unpack for @radix-ui/react-use-is-hydrated@0.1.3
5099 verbose correctMkdir /Users/hanna/.npm correctMkdir not in flight; initializing
5100 silly cache afterAdd @radix-ui/react-use-is-hydrated@0.1.3
5101 verbose afterAdd /Users/hanna/.npm/@radix-ui/react-use-is-hydrated/0.1.3/package/package.json not in flight; writing
5102 verbose correctMkdir /Users/hanna/.npm correctMkdir not in flight; initializing
5103 verbose afterAdd /Users/hanna/.npm/@radix-ui/react-use-is-hydrated/0.1.3/package/package.json written
5104 http fetch 200 https://registry.npmjs.org/@types/react-dom/-/react-dom-19.3.0.tgz
5105 silly fetchAndShaCheck shasum 90294a9266efd928a5266f2110d60d5dba5015d2
5106 verbose addTmpTarball /var/folders/98/czfgjzdn52gb8g1hmddyjnh00000gn/T/npm-32998-821ad59c/registry.npmjs.org/_40types/react-dom/-/react-dom-19.3.0.tgz not in flight; adding
5107 verbose addTmpTarball already have metadata; skipping unpack for @types/react-dom@19.3.0
5108 verbose correctMkdir /Users/hanna/.npm correctMkdir not in flight; initializing
5109 silly cache afterAdd @types/react-dom@19.3.0
5110 verbose afterAdd /Users/hanna/.npm/@types/react-dom/19.3.0/package/package.json not in flight; writing
5111 verbose correctMkdir /Users/hanna/.npm correctMkdir not in flight; initializing
5112 silly cache afterAdd @types/react-dom@19.3.0
5113 verbose afterAdd /Users/hanna/.npm/@types/react-dom/19.3.0/package/package.json already in flight; not writing
5114 verbose afterAdd /Users/hanna/.npm/@types/react-dom/19.3.0/package/package.json written
5115 silly install resolved [
5115 silly install resolved   {
5115 silly install resolved     _id: '@types/react-dom@19.3.0',
5115 silly install resolved     dist: {
5115 silly install resolved       shasum: '90294a9266efd928a5266f2110d60d5dba5015d2',
5115 silly install resolved       tarball: 'https://registry.npmjs.org/@types/react-dom/-/react-dom-19.3.0.tgz',
5115 silly install resolved       fileCount: 19,
5115 silly install resolved       integrity: 'sha512-ZI7bU42mZXXKHn/qNLEw2IrbiINU7X5+vfgdixBHkCNpYWXjKgfQ/P+uyGb5CjOLB9UcnTeg3rylQtV2hym44Q==',
5115 silly install resolved       signatures: [Array],
5115 silly install resolved       unpackedSize: 32862
5115 silly install resolved     },
5115 silly install resolved     main: '',
5115 silly install resolved     name: '@types/react-dom',
5115 silly install resolved     types: 'index.d.ts',
5115 silly install resolved     exports: {
5115 silly install resolved       '.': [Object],
5115 silly install resolved       './canary': [Object],
5115 silly install resolved       './client': [Object],
5115 silly install resolved       './server': [Object],
5115 silly install resolved       './static': [Object],
5115 silly install resolved       './server.bun': [Object],
5115 silly install resolved       './test-utils': [Object],
5115 silly install resolved       './server.edge': [Object],
5115 silly install resolved       './server.node': [Object],
5115 silly install resolved       './static.edge': [Object],
5115 silly install resolved       './static.node': [Object],
5115 silly install resolved       './experimental': [Object],
5115 silly install resolved       './package.json': './package.json',
5115 silly install resolved       './server.browser': [Object],
5115 silly install resolved       './static.browser': [Object]
5115 silly install resolved     },
5115 silly install resolved     license: 'MIT',
5115 silly install resolved     scripts: {},
5115 silly install resolved     version: '19.3.0',
5115 silly install resolved     _npmUser: { name: 'types', email: 'ts-npm-types@microsoft.com' },
5115 silly install resolved     homepage: 'https://github.com/DefinitelyTyped/DefinitelyTyped/tree/master/types/react-dom',
5115 silly install resolved     repository: {
5115 silly install resolved       url: 'https://github.com/DefinitelyTyped/DefinitelyTyped.git',
5115 silly install resolved       type: 'git',
5115 silly install resolved       directory: 'types/react-dom'
5115 silly install resolved     },
5115 silly install resolved     description: 'TypeScript definitions for react-dom',
5115 silly install resolved     directories: {},
5115 silly install resolved     maintainers: [ [Object] ],
5115 silly install resolved     _nodeVersion: '24.20.0',
5115 silly install resolved     contributors: [
5115 silly install resolved       [Object], [Object],
5115 silly install resolved       [Object], [Object],
5115 silly install resolved       [Object], [Object],
5115 silly install resolved       [Object]
5115 silly install resolved     ],
5115 silly install resolved     dependencies: {},
5115 silly install resolved     _hasShrinkwrap: false,
5115 silly install resolved     peerDependencies: { '@types/react': '^19.3.0' },
5115 silly install resolved     typeScriptVersion: '5.6',
5115 silly install resolved     _npmOperationalInternal: {
5115 silly install resolved       host: 's3://npm-registry-packages-npm-production',
5115 silly install resolved       tmp: 'tmp/react-dom_19.3.0_1788977271772_0.8048079603249982'
5115 silly install resolved     },
5115 silly install resolved     typesPublisherContentHash: '345e361651b67ba93e5757949902dbca94f299c8328b8d01937dc05b5e487d8f',
5115 silly install resolved     _shasum: '90294a9266efd928a5266f2110d60d5dba5015d2',
5115 silly install resolved     _resolved: 'https://registry.npmjs.org/@types/react-dom/-/react-dom-19.3.0.tgz',
5115 silly install resolved     _from: '@types/react-dom@*'
5115 silly install resolved   }
5115 silly install resolved ]
5116 info install @types/react-dom@19.3.0 into /Users/hanna/Documents/PUMA/puma/node_modules/expo-router/node_modules/@radix-ui/react-tabs
5117 info installOne @types/react-dom@19.3.0
5118 verbose installOne of @types/react-dom to /Users/hanna/Documents/PUMA/puma/node_modules/expo-router/node_modules/@radix-ui/react-tabs not in flight; installing
5119 verbose correctMkdir /Users/hanna/.npm/_locks correctMkdir not in flight; initializing
5120 silly install resolved [
5120 silly install resolved   {
5120 silly install resolved     _id: '@types/react-dom@19.3.0',
5120 silly install resolved     dist: {
5120 silly install resolved       shasum: '90294a9266efd928a5266f2110d60d5dba5015d2',
5120 silly install resolved       tarball: 'https://registry.npmjs.org/@types/react-dom/-/react-dom-19.3.0.tgz',
5120 silly install resolved       fileCount: 19,
5120 silly install resolved       integrity: 'sha512-ZI7bU42mZXXKHn/qNLEw2IrbiINU7X5+vfgdixBHkCNpYWXjKgfQ/P+uyGb5CjOLB9UcnTeg3rylQtV2hym44Q==',
5120 silly install resolved       signatures: [Array],
5120 silly install resolved       unpackedSize: 32862
5120 silly install resolved     },
5120 silly install resolved     main: '',
5120 silly install resolved     name: '@types/react-dom',
5120 silly install resolved     types: 'index.d.ts',
5120 silly install resolved     exports: {
5120 silly install resolved       '.': [Object],
5120 silly install resolved       './canary': [Object],
5120 silly install resolved       './client': [Object],
5120 silly install resolved       './server': [Object],
5120 silly install resolved       './static': [Object],
5120 silly install resolved       './server.bun': [Object],
5120 silly install resolved       './test-utils': [Object],
5120 silly install resolved       './server.edge': [Object],
5120 silly install resolved       './server.node': [Object],
5120 silly install resolved       './static.edge': [Object],
5120 silly install resolved       './static.node': [Object],
5120 silly install resolved       './experimental': [Object],
5120 silly install resolved       './package.json': './package.json',
5120 silly install resolved       './server.browser': [Object],
5120 silly install resolved       './static.browser': [Object]
5120 silly install resolved     },
5120 silly install resolved     license: 'MIT',
5120 silly install resolved     scripts: {},
5120 silly install resolved     version: '19.3.0',
5120 silly install resolved     _npmUser: { name: 'types', email: 'ts-npm-types@microsoft.com' },
5120 silly install resolved     homepage: 'https://github.com/DefinitelyTyped/DefinitelyTyped/tree/master/types/react-dom',
5120 silly install resolved     repository: {
5120 silly install resolved       url: 'https://github.com/DefinitelyTyped/DefinitelyTyped.git',
5120 silly install resolved       type: 'git',
5120 silly install resolved       directory: 'types/react-dom'
5120 silly install resolved     },
5120 silly install resolved     description: 'TypeScript definitions for react-dom',
5120 silly install resolved     directories: {},
5120 silly install resolved     maintainers: [ [Object] ],
5120 silly install resolved     _nodeVersion: '24.20.0',
5120 silly install resolved     contributors: [
5120 silly install resolved       [Object], [Object],
5120 silly install resolved       [Object], [Object],
5120 silly install resolved       [Object], [Object],
5120 silly install resolved       [Object]
5120 silly install resolved     ],
5120 silly install resolved     dependencies: {},
5120 silly install resolved     _hasShrinkwrap: false,
5120 silly install resolved     peerDependencies: { '@types/react': '^19.3.0' },
5120 silly install resolved     typeScriptVersion: '5.6',
5120 silly install resolved     _npmOperationalInternal: {
5120 silly install resolved       host: 's3://npm-registry-packages-npm-production',
5120 silly install resolved       tmp: 'tmp/react-dom_19.3.0_1788977271772_0.8048079603249982'
5120 silly install resolved     },
5120 silly install resolved     typesPublisherContentHash: '345e361651b67ba93e5757949902dbca94f299c8328b8d01937dc05b5e487d8f',
5120 silly install resolved     _shasum: '90294a9266efd928a5266f2110d60d5dba5015d2',
5120 silly install resolved     _resolved: 'https://registry.npmjs.org/@types/react-dom/-/react-dom-19.3.0.tgz',
5120 silly install resolved     _from: '@types/react-dom@*'
5120 silly install resolved   }
5120 silly install resolved ]
5121 info install @types/react-dom@19.3.0 into /Users/hanna/Documents/PUMA/puma/node_modules/expo-router/node_modules/@radix-ui/react-tabs
5122 info installOne @types/react-dom@19.3.0
5123 verbose installOne of @types/react-dom to /Users/hanna/Documents/PUMA/puma/node_modules/expo-router/node_modules/@radix-ui/react-tabs already in flight; waiting
5124 verbose lock using /Users/hanna/.npm/_locks/types-react-dom-41881e082106defc.lock for /Users/hanna/Documents/PUMA/puma/node_modules/expo-router/node_modules/@radix-ui/react-tabs/node_modules/@types/react-dom
5125 silly install write writing @types/react-dom 19.3.0 to /Users/hanna/Documents/PUMA/puma/node_modules/expo-router/node_modules/@radix-ui/react-tabs/node_modules/@types/react-dom
5126 verbose unbuild node_modules/expo-router/node_modules/@radix-ui/react-tabs/node_modules/@types/react-dom
5127 silly gentlyRm /Users/hanna/Documents/PUMA/puma/node_modules/expo-router/node_modules/@radix-ui/react-tabs/node_modules/@types/react-dom is being purged from base /Users/hanna/Documents/PUMA/puma
5128 verbose gentlyRm don't care about contents; nuking /Users/hanna/Documents/PUMA/puma/node_modules/expo-router/node_modules/@radix-ui/react-tabs/node_modules/@types/react-dom
5129 verbose tar unpack /Users/hanna/.npm/@types/react-dom/19.3.0/package.tgz
5130 verbose tar unpacking to /Users/hanna/Documents/PUMA/puma/node_modules/expo-router/node_modules/@radix-ui/react-tabs/node_modules/@types/react-dom
5131 silly gentlyRm /Users/hanna/Documents/PUMA/puma/node_modules/expo-router/node_modules/@radix-ui/react-tabs/node_modules/@types/react-dom is being purged
5132 verbose gentlyRm don't care about contents; nuking /Users/hanna/Documents/PUMA/puma/node_modules/expo-router/node_modules/@radix-ui/react-tabs/node_modules/@types/react-dom
5133 silly gunzTarPerm modes [ '755', '644' ]
5134 http fetch 200 https://registry.npmjs.org/@radix-ui/react-collection/-/react-collection-1.1.15.tgz
5135 silly gunzTarPerm extractEntry
5136 silly gunzTarPerm extractEntry
5137 silly gunzTarPerm extractEntry
5138 silly gunzTarPerm extractEntry
5139 silly gunzTarPerm extractEntry
5140 silly gunzTarPerm extractEntry
5141 silly gunzTarPerm extractEntry
5142 silly gunzTarPerm extractEntry
5143 silly gunzTarPerm extractEntry
5144 silly gunzTarPerm extractEntry
5145 silly gunzTarPerm extractEntry
5146 silly gunzTarPerm extractEntry
5147 silly gunzTarPerm extractEntry
5148 silly gunzTarPerm extractEntry
5149 silly gunzTarPerm extractEntry
5150 silly gunzTarPerm extractEntry
5151 silly gunzTarPerm extractEntry
5152 silly gunzTarPerm extractEntry
5153 silly gunzTarPerm extractEntry
5154 silly fetchAndShaCheck shasum 6f045630d6f9778ab1b0c456ae97b474aec8a20b
5155 verbose addTmpTarball /var/folders/98/czfgjzdn52gb8g1hmddyjnh00000gn/T/npm-32998-821ad59c/registry.npmjs.org/_40radix-ui/react-collection/-/react-collection-1.1.15.tgz not in flight; adding
5156 verbose addTmpTarball already have metadata; skipping unpack for @radix-ui/react-collection@1.1.15
5157 verbose correctMkdir /Users/hanna/.npm correctMkdir not in flight; initializing
5158 silly cache afterAdd @radix-ui/react-collection@1.1.15
5159 verbose afterAdd /Users/hanna/.npm/@radix-ui/react-collection/1.1.15/package/package.json not in flight; writing
5160 verbose correctMkdir /Users/hanna/.npm correctMkdir not in flight; initializing
5161 verbose afterAdd /Users/hanna/.npm/@radix-ui/react-collection/1.1.15/package/package.json written
5162 silly install resolved [
5162 silly install resolved   {
5162 silly install resolved     _id: '@radix-ui/react-use-is-hydrated@0.1.3',
5162 silly install resolved     bugs: { url: 'https://github.com/radix-ui/primitives/issues' },
5162 silly install resolved     dist: {
5162 silly install resolved       shasum: 'f0ffa47394726046ba6c6d0b7c97239f48c8df45',
5162 silly install resolved       tarball: 'https://registry.npmjs.org/@radix-ui/react-use-is-hydrated/-/react-use-is-hydrated-0.1.3.tgz',
5162 silly install resolved       fileCount: 12,
5162 silly install resolved       integrity: 'sha512-umO/aJ+82CpOnhDZUTbILCQf7kU/g0iv+oGs/Q8jw7IkhWBzaEP4sA268PhFAJTFetbwp3ICc6ktpI4TqtxcIw==',
5162 silly install resolved       signatures: [Array],
5162 silly install resolved       attestations: [Object],
5162 silly install resolved       unpackedSize: 11145
5162 silly install resolved     },
5162 silly install resolved     main: './dist/index.js',
5162 silly install resolved     name: '@radix-ui/react-use-is-hydrated',
5162 silly install resolved     types: './dist/index.d.ts',
5162 silly install resolved     module: './dist/index.mjs',
5162 silly install resolved     source: './src/index.ts',
5162 silly install resolved     exports: { '.': [Object] },
5162 silly install resolved     license: 'MIT',
5162 silly install resolved     scripts: {
5162 silly install resolved       lint: 'oxlint --max-warnings 0 src',
5162 silly install resolved       build: 'radix-build',
5162 silly install resolved       clean: 'rm -rf dist',
5162 silly install resolved       reset: 'rm -rf dist node_modules',
5162 silly install resolved       typecheck: 'tsc --noEmit'
5162 silly install resolved     },
5162 silly install resolved     version: '0.1.3',
5162 silly install resolved     _npmUser: {
5162 silly install resolved       name: 'GitHub Actions',
5162 silly install resolved       email: 'npm-oidc-no-reply@github.com',
5162 silly install resolved       trustedPublisher: [Object]
5162 silly install resolved     },
5162 silly install resolved     homepage: 'https://radix-ui.com/primitives',
5162 silly install resolved     repository: {
5162 silly install resolved       url: 'git+https://github.com/radix-ui/primitives.git',
5162 silly install resolved       type: 'git',
5162 silly install resolved       directory: 'packages/react/use-is-hydrated'
5162 silly install resolved     },
5162 silly install resolved     directories: {},
5162 silly install resolved     maintainers: [ [Object], [Object], [Object], [Object] ],
5162 silly install resolved     sideEffects: false,
5162 silly install resolved     _nodeVersion: '24.18.0',
5162 silly install resolved     _hasShrinkwrap: false,
5162 silly install resolved     devDependencies: {
5162 silly install resolved       react: '^19.2.0',
5162 silly install resolved       'react-dom': '^19.2.0',
5162 silly install resolved       typescript: '^5.9.3',
5162 silly install resolved       '@types/react': '^19.2.2',
5162 silly install resolved       '@repo/builder': '0.0.0',
5162 silly install resolved       '@types/react-dom': '^19.2.2',
5162 silly install resolved       '@repo/typescript-config': '0.0.0'
5162 silly install resolved     },
5162 silly install resolved     peerDependencies: {
5162 silly install resolved       react: '^16.8 || ^17.0 || ^18.0 || ^19.0 || ^19.0.0-rc',
5162 silly install resolved       '@types/react': '*'
5162 silly install resolved     },
5162 silly install resolved     peerDependenciesMeta: { '@types/react': [Object] },
5162 silly install resolved     _npmOperationalInternal: {
5162 silly install resolved       host: 's3://npm-registry-packages-npm-production',
5162 silly install resolved       tmp: 'tmp/react-use-is-hydrated_0.1.3_1784937105189_0.07980397881463341'
5162 silly install resolved     },
5162 silly install resolved     _shasum: 'f0ffa47394726046ba6c6d0b7c97239f48c8df45',
5162 silly install resolved     _resolved: 'https://registry.npmjs.org/@radix-ui/react-use-is-hydrated/-/react-use-is-hydrated-0.1.3.tgz',
5162 silly install resolved     _from: '@radix-ui/react-use-is-hydrated@0.1.3'
5162 silly install resolved   },
5162 silly install resolved   {
5162 silly install resolved     name: '@radix-ui/react-collection',
5162 silly install resolved     version: '1.1.15',
5162 silly install resolved     license: 'MIT',
5162 silly install resolved     _id: '@radix-ui/react-collection@1.1.15',
5162 silly install resolved     maintainers: [ [Object], [Object], [Object], [Object] ],
5162 silly install resolved     homepage: 'https://radix-ui.com/primitives',
5162 silly install resolved     bugs: { url: 'https://github.com/radix-ui/primitives/issues' },
5162 silly install resolved     dist: {
5162 silly install resolved       shasum: '6f045630d6f9778ab1b0c456ae97b474aec8a20b',
5162 silly install resolved       tarball: 'https://registry.npmjs.org/@radix-ui/react-collection/-/react-collection-1.1.15.tgz',
5162 silly install resolved       fileCount: 9,
5162 silly install resolved       integrity: 'sha512-9W+B9NPF0NaaPh/1NJd3+KqsnlLqU9H7T2rvww+fp+T/evVXdNAyYcnfRQZFOjkR1ajQp3yORlqnI8soawLvNA==',
5162 silly install resolved       signatures: [Array],
5162 silly install resolved       attestations: [Object],
5162 silly install resolved       unpackedSize: 134396
5162 silly install resolved     },
5162 silly install resolved     main: './dist/index.js',
5162 silly install resolved     types: './dist/index.d.ts',
5162 silly install resolved     module: './dist/index.mjs',
5162 silly install resolved     source: './src/index.ts',
5162 silly install resolved     exports: { '.': [Object] },
5162 silly install resolved     scripts: {
5162 silly install resolved       lint: 'oxlint --max-warnings 0 src',
5162 silly install resolved       build: 'radix-build',
5162 silly install resolved       clean: 'rm -rf dist',
5162 silly install resolved       reset: 'rm -rf dist node_modules',
5162 silly install resolved       typecheck: 'tsc --noEmit'
5162 silly install resolved     },
5162 silly install resolved     _npmUser: {
5162 silly install resolved       name: 'GitHub Actions',
5162 silly install resolved       email: 'npm-oidc-no-reply@github.com',
5162 silly install resolved       trustedPublisher: [Object]
5162 silly install resolved     },
5162 silly install resolved     repository: {
5162 silly install resolved       url: 'git+https://github.com/radix-ui/primitives.git',
5162 silly install resolved       type: 'git',
5162 silly install resolved       directory: 'packages/react/collection'
5162 silly install resolved     },
5162 silly install resolved     directories: {},
5162 silly install resolved     sideEffects: false,
5162 silly install resolved     _nodeVersion: '24.18.0',
5162 silly install resolved     dependencies: {
5162 silly install resolved       '@radix-ui/react-slot': '1.3.3',
5162 silly install resolved       '@radix-ui/react-context': '1.2.2',
5162 silly install resolved       '@radix-ui/react-primitive': '2.1.10',
5162 silly install resolved       '@radix-ui/react-compose-refs': '1.1.5'
5162 silly install resolved     },
5162 silly install resolved     _hasShrinkwrap: false,
5162 silly install resolved     devDependencies: {
5162 silly install resolved       react: '^19.2.0',
5162 silly install resolved       'react-dom': '^19.2.0',
5162 silly install resolved       typescript: '^5.9.3',
5162 silly install resolved       '@types/react': '^19.2.2',
5162 silly install resolved       '@repo/builder': '0.0.0',
5162 silly install resolved       '@types/react-dom': '^19.2.2',
5162 silly install resolved       '@repo/typescript-config': '0.0.0'
5162 silly install resolved     },
5162 silly install resolved     peerDependencies: {
5162 silly install resolved       react: '^16.8 || ^17.0 || ^18.0 || ^19.0 || ^19.0.0-rc',
5162 silly install resolved       'react-dom': '^16.8 || ^17.0 || ^18.0 || ^19.0 || ^19.0.0-rc',
5162 silly install resolved       '@types/react': '*',
5162 silly install resolved       '@types/react-dom': '*'
5162 silly install resolved     },
5162 silly install resolved     peerDependenciesMeta: { '@types/react': [Object], '@types/react-dom': [Object] },
5162 silly install resolved     _npmOperationalInternal: {
5162 silly install resolved       tmp: 'tmp/react-collection_1.1.15_1784937067430_0.7115297407095422',
5162 silly install resolved       host: 's3://npm-registry-packages-npm-production'
5162 silly install resolved     },
5162 silly install resolved     _shasum: '6f045630d6f9778ab1b0c456ae97b474aec8a20b',
5162 silly install resolved     _resolved: 'https://registry.npmjs.org/@radix-ui/react-collection/-/react-collection-1.1.15.tgz',
5162 silly install resolved     _from: '@radix-ui/react-collection@1.1.15'
5162 silly install resolved   }
5162 silly install resolved ]
5163 info install @radix-ui/react-use-is-hydrated@0.1.3 into /Users/hanna/Documents/PUMA/puma/node_modules/expo-router/node_modules/@radix-ui/react-tabs/node_modules/@radix-ui/react-roving-focus
5164 info install @radix-ui/react-collection@1.1.15 into /Users/hanna/Documents/PUMA/puma/node_modules/expo-router/node_modules/@radix-ui/react-tabs/node_modules/@radix-ui/react-roving-focus
5165 info installOne @radix-ui/react-use-is-hydrated@0.1.3
5166 verbose installOne of @radix-ui/react-use-is-hydrated to /Users/hanna/Documents/PUMA/puma/node_modules/expo-router/node_modules/@radix-ui/react-tabs/node_modules/@radix-ui/react-roving-focus not in flight; installing
5167 verbose correctMkdir /Users/hanna/.npm/_locks correctMkdir not in flight; initializing
5168 info installOne @radix-ui/react-collection@1.1.15
5169 verbose installOne of @radix-ui/react-collection to /Users/hanna/Documents/PUMA/puma/node_modules/expo-router/node_modules/@radix-ui/react-tabs/node_modules/@radix-ui/react-roving-focus not in flight; installing
5170 verbose correctMkdir /Users/hanna/.npm/_locks correctMkdir not in flight; initializing
5171 verbose lock using /Users/hanna/.npm/_locks/radix-ui-react-use-is-hy-ded215c0d0980d26.lock for /Users/hanna/Documents/PUMA/puma/node_modules/expo-router/node_modules/@radix-ui/react-tabs/node_modules/@radix-ui/react-roving-focus/node_modules/@radix-ui/react-use-is-hydrated
5172 verbose lock using /Users/hanna/.npm/_locks/radix-ui-react-collectio-ac908d02655143e7.lock for /Users/hanna/Documents/PUMA/puma/node_modules/expo-router/node_modules/@radix-ui/react-tabs/node_modules/@radix-ui/react-roving-focus/node_modules/@radix-ui/react-collection
5173 silly install write writing @radix-ui/react-use-is-hydrated 0.1.3 to /Users/hanna/Documents/PUMA/puma/node_modules/expo-router/node_modules/@radix-ui/react-tabs/node_modules/@radix-ui/react-roving-focus/node_modules/@radix-ui/react-use-is-hydrated
5174 silly install write writing @radix-ui/react-collection 1.1.15 to /Users/hanna/Documents/PUMA/puma/node_modules/expo-router/node_modules/@radix-ui/react-tabs/node_modules/@radix-ui/react-roving-focus/node_modules/@radix-ui/react-collection
5175 verbose unbuild node_modules/expo-router/node_modules/@radix-ui/react-tabs/node_modules/@radix-ui/react-roving-focus/node_modules/@radix-ui/react-use-is-hydrated
5176 verbose unbuild node_modules/expo-router/node_modules/@radix-ui/react-tabs/node_modules/@radix-ui/react-roving-focus/node_modules/@radix-ui/react-collection
5177 silly gentlyRm /Users/hanna/Documents/PUMA/puma/node_modules/expo-router/node_modules/@radix-ui/react-tabs/node_modules/@radix-ui/react-roving-focus/node_modules/@radix-ui/react-use-is-hydrated is being purged from base /Users/hanna/Documents/PUMA/puma
5178 verbose gentlyRm don't care about contents; nuking /Users/hanna/Documents/PUMA/puma/node_modules/expo-router/node_modules/@radix-ui/react-tabs/node_modules/@radix-ui/react-roving-focus/node_modules/@radix-ui/react-use-is-hydrated
5179 verbose tar unpack /Users/hanna/.npm/@radix-ui/react-use-is-hydrated/0.1.3/package.tgz
5180 verbose tar unpacking to /Users/hanna/Documents/PUMA/puma/node_modules/expo-router/node_modules/@radix-ui/react-tabs/node_modules/@radix-ui/react-roving-focus/node_modules/@radix-ui/react-use-is-hydrated
5181 silly gentlyRm /Users/hanna/Documents/PUMA/puma/node_modules/expo-router/node_modules/@radix-ui/react-tabs/node_modules/@radix-ui/react-roving-focus/node_modules/@radix-ui/react-use-is-hydrated is being purged
5182 verbose gentlyRm don't care about contents; nuking /Users/hanna/Documents/PUMA/puma/node_modules/expo-router/node_modules/@radix-ui/react-tabs/node_modules/@radix-ui/react-roving-focus/node_modules/@radix-ui/react-use-is-hydrated
5183 silly gentlyRm /Users/hanna/Documents/PUMA/puma/node_modules/expo-router/node_modules/@radix-ui/react-tabs/node_modules/@radix-ui/react-roving-focus/node_modules/@radix-ui/react-collection is being purged from base /Users/hanna/Documents/PUMA/puma
5184 verbose gentlyRm don't care about contents; nuking /Users/hanna/Documents/PUMA/puma/node_modules/expo-router/node_modules/@radix-ui/react-tabs/node_modules/@radix-ui/react-roving-focus/node_modules/@radix-ui/react-collection
5185 silly gunzTarPerm modes [ '755', '644' ]
5186 verbose tar unpack /Users/hanna/.npm/@radix-ui/react-collection/1.1.15/package.tgz
5187 verbose tar unpacking to /Users/hanna/Documents/PUMA/puma/node_modules/expo-router/node_modules/@radix-ui/react-tabs/node_modules/@radix-ui/react-roving-focus/node_modules/@radix-ui/react-collection
5188 silly gentlyRm /Users/hanna/Documents/PUMA/puma/node_modules/expo-router/node_modules/@radix-ui/react-tabs/node_modules/@radix-ui/react-roving-focus/node_modules/@radix-ui/react-collection is being purged
5189 verbose gentlyRm don't care about contents; nuking /Users/hanna/Documents/PUMA/puma/node_modules/expo-router/node_modules/@radix-ui/react-tabs/node_modules/@radix-ui/react-roving-focus/node_modules/@radix-ui/react-collection
5190 silly gunzTarPerm modes [ '755', '644' ]
5191 silly gunzTarPerm extractEntry dist/index.js
5192 silly gunzTarPerm extractEntry dist/index.js
5193 silly gunzTarPerm extractEntry package.json
5194 silly gunzTarPerm extractEntry package.json
5195 silly gunzTarPerm extractEntry dist/index.js.map
5196 silly gunzTarPerm extractEntry dist/index.js.map
5197 silly gunzTarPerm extractEntry dist/index.mjs.map
5198 silly gunzTarPerm extractEntry dist/index.mjs.map
5199 silly gunzTarPerm extractEntry README.md
5200 silly gunzTarPerm extractEntry dist/index.mjs
5201 silly gunzTarPerm extractEntry dist/index.d.mts
5202 silly gunzTarPerm extractEntry README.md
5203 verbose unlock done using /Users/hanna/.npm/_locks/types-react-dom-41881e082106defc.lock for /Users/hanna/Documents/PUMA/puma/node_modules/expo-router/node_modules/@radix-ui/react-tabs/node_modules/@types/react-dom
5204 silly gunzTarPerm extractEntry dist/index.mjs
5205 silly gunzTarPerm extractEntry dist/index.d.mts
5206 verbose unlock done using /Users/hanna/.npm/_locks/radix-ui-react-primitive-e86c9e0d7016ca8c.lock for /Users/hanna/Documents/PUMA/puma/node_modules/expo-router/node_modules/@radix-ui/react-tabs/node_modules/@radix-ui/react-primitive
5207 silly gunzTarPerm extractEntry dist/index.d.ts
5208 silly gunzTarPerm extractEntry src/index.ts
5209 verbose unlock done using /Users/hanna/.npm/_locks/radix-ui-react-presence-b15c005fa1dd9a3b.lock for /Users/hanna/Documents/PUMA/puma/node_modules/expo-router/node_modules/@radix-ui/react-tabs/node_modules/@radix-ui/react-presence
5210 silly gunzTarPerm extractEntry dist/index.d.ts
5211 silly gunzTarPerm extractEntry src/use-is-hydrated-legacy.ts
5212 silly gunzTarPerm extractEntry LICENSE
5213 silly gunzTarPerm extractEntry src/use-is-hydrated.tsx
5214 silly gunzTarPerm extractEntry LICENSE
5215 verbose write writing to /Users/hanna/Documents/PUMA/puma/node_modules/expo-router/node_modules/@radix-ui/react-tabs/node_modules/@radix-ui/react-roving-focus/node_modules/@radix-ui/react-collection/package.json
5216 info preinstall @radix-ui/react-collection@1.1.15
5217 verbose readDependencies loading dependencies from /Users/hanna/Documents/PUMA/puma/node_modules/expo-router/node_modules/@radix-ui/react-tabs/node_modules/@radix-ui/react-roving-focus/node_modules/@radix-ui/react-collection/package.json
5218 silly prepareForInstallMany adding @types/react-dom@* from @radix-ui/react-collection peerDependencies
5219 warn peerDependencies The peer dependency @types/react-dom@* included from @radix-ui/react-collection will no
5220 warn peerDependencies longer be automatically installed to fulfill the peerDependency
5221 warn peerDependencies in npm 3+. Your application will need to depend on it explicitly.
5222 verbose readDependencies loading dependencies from /Users/hanna/Documents/PUMA/puma/node_modules/expo-router/node_modules/@radix-ui/react-tabs/node_modules/@radix-ui/react-roving-focus/node_modules/@radix-ui/react-collection/package.json
5223 verbose write writing to /Users/hanna/Documents/PUMA/puma/node_modules/expo-router/node_modules/@radix-ui/react-tabs/node_modules/@radix-ui/react-roving-focus/node_modules/@radix-ui/react-use-is-hydrated/package.json
5224 silly install resolved []
5225 verbose about to build /Users/hanna/Documents/PUMA/puma/node_modules/expo-router/node_modules/@radix-ui/react-tabs/node_modules/@radix-ui/react-roving-focus/node_modules/@radix-ui/react-collection
5226 info build /Users/hanna/Documents/PUMA/puma/node_modules/expo-router/node_modules/@radix-ui/react-tabs/node_modules/@radix-ui/react-roving-focus/node_modules/@radix-ui/react-collection
5227 info preinstall @radix-ui/react-use-is-hydrated@0.1.3
5228 verbose readDependencies loading dependencies from /Users/hanna/Documents/PUMA/puma/node_modules/expo-router/node_modules/@radix-ui/react-tabs/node_modules/@radix-ui/react-roving-focus/node_modules/@radix-ui/react-use-is-hydrated/package.json
5229 info linkStuff @radix-ui/react-collection@1.1.15
5230 silly linkStuff @radix-ui/react-collection@1.1.15 has /Users/hanna/Documents/PUMA/puma/node_modules/expo-router/node_modules/@radix-ui/react-tabs/node_modules/@radix-ui/react-roving-focus/node_modules as its parent node_modules
5231 verbose readDependencies loading dependencies from /Users/hanna/Documents/PUMA/puma/node_modules/expo-router/node_modules/@radix-ui/react-tabs/node_modules/@radix-ui/react-roving-focus/node_modules/@radix-ui/react-use-is-hydrated/package.json
5232 verbose linkBins @radix-ui/react-collection@1.1.15
5233 verbose linkMans @radix-ui/react-collection@1.1.15
5234 verbose rebuildBundles @radix-ui/react-collection@1.1.15
5235 info install @radix-ui/react-collection@1.1.15
5236 info postinstall @radix-ui/react-collection@1.1.15
5237 verbose readDependencies loading dependencies from /Users/hanna/Documents/PUMA/puma/node_modules/expo-router/node_modules/@radix-ui/react-tabs/node_modules/@radix-ui/react-roving-focus/package.json
5238 silly install resolved []
5239 verbose about to build /Users/hanna/Documents/PUMA/puma/node_modules/expo-router/node_modules/@radix-ui/react-tabs/node_modules/@radix-ui/react-roving-focus/node_modules/@radix-ui/react-use-is-hydrated
5240 info build /Users/hanna/Documents/PUMA/puma/node_modules/expo-router/node_modules/@radix-ui/react-tabs/node_modules/@radix-ui/react-roving-focus/node_modules/@radix-ui/react-use-is-hydrated
5241 info linkStuff @radix-ui/react-use-is-hydrated@0.1.3
5242 silly linkStuff @radix-ui/react-use-is-hydrated@0.1.3 has /Users/hanna/Documents/PUMA/puma/node_modules/expo-router/node_modules/@radix-ui/react-tabs/node_modules/@radix-ui/react-roving-focus/node_modules as its parent node_modules
5243 verbose targetResolver reading package data from /Users/hanna/Documents/PUMA/puma/node_modules/expo-router/node_modules/@radix-ui/react-tabs/node_modules/@radix-ui/react-roving-focus/node_modules/@radix-ui/react-collection/package.json
5244 verbose targetResolver reading package data from /Users/hanna/Documents/PUMA/puma/node_modules/expo-router/node_modules/@radix-ui/react-tabs/node_modules/@radix-ui/react-roving-focus/node_modules/@radix-ui/react-use-is-hydrated/package.json
5245 verbose linkBins @radix-ui/react-use-is-hydrated@0.1.3
5246 verbose linkMans @radix-ui/react-use-is-hydrated@0.1.3
5247 verbose rebuildBundles @radix-ui/react-use-is-hydrated@0.1.3
5248 info install @radix-ui/react-use-is-hydrated@0.1.3
5249 silly cache add args [ '@types/react-dom@*', null ]
5250 verbose cache add spec @types/react-dom@*
5251 silly cache add parsed spec Result {
5251 silly cache add   raw: '@types/react-dom@*',
5251 silly cache add   scope: '@types',
5251 silly cache add   name: '@types/react-dom',
5251 silly cache add   rawSpec: '*',
5251 silly cache add   spec: '*',
5251 silly cache add   type: 'range'
5251 silly cache add }
5252 silly addNamed @types/react-dom@*
5253 verbose addNamed "*" is a valid semver range for @types/react-dom
5254 silly addNameRange { name: '@types/react-dom', range: '*', hasData: false }
5255 silly mapToRegistry name @types/react-dom
5256 silly mapToRegistry scope (from package name) @types
5257 verbose mapToRegistry no registry URL found in name for scope @types
5258 silly mapToRegistry using default registry
5259 silly mapToRegistry registry https://registry.npmjs.org/
5260 silly mapToRegistry data Result {
5260 silly mapToRegistry   raw: '@types/react-dom',
5260 silly mapToRegistry   scope: '@types',
5260 silly mapToRegistry   name: '@types/react-dom',
5260 silly mapToRegistry   rawSpec: '',
5260 silly mapToRegistry   spec: 'latest',
5260 silly mapToRegistry   type: 'tag'
5260 silly mapToRegistry }
5261 silly mapToRegistry uri https://registry.npmjs.org/@types%2freact-dom
5262 verbose addNameRange registry:https://registry.npmjs.org/@types%2freact-dom not in flight; fetching
5263 info postinstall @radix-ui/react-use-is-hydrated@0.1.3
5264 verbose unlock done using /Users/hanna/.npm/_locks/radix-ui-react-use-is-hy-ded215c0d0980d26.lock for /Users/hanna/Documents/PUMA/puma/node_modules/expo-router/node_modules/@radix-ui/react-tabs/node_modules/@radix-ui/react-roving-focus/node_modules/@radix-ui/react-use-is-hydrated
5265 verbose get https://registry.npmjs.org/@types%2freact-dom not expired, no request
5266 silly addNameRange number 2 { name: '@types/react-dom', range: '*', hasData: true }
5267 silly addNameRange versions [
5267 silly addNameRange   '@types/react-dom',
5267 silly addNameRange   [
5267 silly addNameRange     '0.14.1-alpha', '0.14.2-alpha',  '0.14.7-alpha',  '0.14.8-alpha',
5267 silly addNameRange     '0.14.9-alpha', '0.14.10-alpha', '0.14.11-alpha', '0.14.12-alpha',
5267 silly addNameRange     '0.14.13',      '0.14.14',       '0.14.15',       '0.14.16',
5267 silly addNameRange     '0.14.17',      '0.14.18',       '0.14.19',       '0.14.20',
5267 silly addNameRange     '0.14.21',      '0.14.22',       '0.14.23',       '15.5.0',
5267 silly addNameRange     '15.5.1',       '15.5.2',        '15.5.3',        '15.5.4',
5267 silly addNameRange     '15.5.5',       '15.5.6',        '16.0.0',        '16.0.1',
5267 silly addNameRange     '16.0.2',       '16.0.3',        '16.0.4',        '15.5.7',
5267 silly addNameRange     '16.0.5',       '16.0.6',        '15.5.8',        '16.0.7',
5267 silly addNameRange     '16.0.8',       '16.0.9',        '16.0.10',       '16.0.11',
5267 silly addNameRange     '16.8.0',       '16.8.1',        '15.5.9',        '16.8.2',
5267 silly addNameRange     '15.5.10',      '16.8.3',        '16.8.4',        '16.8.5',
5267 silly addNameRange     '16.9.0',       '16.9.1',        '16.9.2',        '15.5.11',
5267 silly addNameRange     '16.9.3',       '16.9.4',        '16.9.5',        '16.9.6',
5267 silly addNameRange     '16.9.7',       '16.9.8',        '15.5.12',       '16.9.9',
5267 silly addNameRange     '17.0.0',       '16.9.10',       '17.0.1',        '16.9.11',
5267 silly addNameRange     '17.0.2',       '17.0.3',        '16.9.12',       '17.0.4',
5267 silly addNameRange     '17.0.5',       '16.9.13',       '17.0.6',        '17.0.7',
5267 silly addNameRange     '17.0.8',       '17.0.9',        '16.9.14',       '15.5.13',
5267 silly addNameRange     '17.0.10',      '17.0.11',       '17.0.12',       '17.0.13',
5267 silly addNameRange     '17.0.14',      '18.0.0',        '17.0.15',       '18.0.1',
5267 silly addNameRange     '18.0.2',       '17.0.16',       '16.9.15',       '15.5.14',
5267 silly addNameRange     '18.0.3',       '18.0.4',        '17.0.17',       '16.9.16',
5267 silly addNameRange     '18.0.5',       '18.0.6',        '18.0.7',        '18.0.8',
5267 silly addNameRange     '17.0.18',      '16.9.17',       '15.5.15',       '18.0.9',
5267 silly addNameRange     ... 87 more items
5267 silly addNameRange   ]
5267 silly addNameRange ]
5268 silly addNamed @types/react-dom@19.3.0
5269 verbose addNamed "19.3.0" is a plain semver version for @types/react-dom
5270 silly cache afterAdd @types/react-dom@19.3.0
5271 verbose afterAdd /Users/hanna/.npm/@types/react-dom/19.3.0/package/package.json not in flight; writing
5272 verbose correctMkdir /Users/hanna/.npm correctMkdir not in flight; initializing
5273 verbose afterAdd /Users/hanna/.npm/@types/react-dom/19.3.0/package/package.json written
5274 silly install resolved [
5274 silly install resolved   {
5274 silly install resolved     _id: '@types/react-dom@19.3.0',
5274 silly install resolved     dist: {
5274 silly install resolved       shasum: '90294a9266efd928a5266f2110d60d5dba5015d2',
5274 silly install resolved       tarball: 'https://registry.npmjs.org/@types/react-dom/-/react-dom-19.3.0.tgz',
5274 silly install resolved       fileCount: 19,
5274 silly install resolved       integrity: 'sha512-ZI7bU42mZXXKHn/qNLEw2IrbiINU7X5+vfgdixBHkCNpYWXjKgfQ/P+uyGb5CjOLB9UcnTeg3rylQtV2hym44Q==',
5274 silly install resolved       signatures: [Array],
5274 silly install resolved       unpackedSize: 32862
5274 silly install resolved     },
5274 silly install resolved     main: '',
5274 silly install resolved     name: '@types/react-dom',
5274 silly install resolved     types: 'index.d.ts',
5274 silly install resolved     exports: {
5274 silly install resolved       '.': [Object],
5274 silly install resolved       './canary': [Object],
5274 silly install resolved       './client': [Object],
5274 silly install resolved       './server': [Object],
5274 silly install resolved       './static': [Object],
5274 silly install resolved       './server.bun': [Object],
5274 silly install resolved       './test-utils': [Object],
5274 silly install resolved       './server.edge': [Object],
5274 silly install resolved       './server.node': [Object],
5274 silly install resolved       './static.edge': [Object],
5274 silly install resolved       './static.node': [Object],
5274 silly install resolved       './experimental': [Object],
5274 silly install resolved       './package.json': './package.json',
5274 silly install resolved       './server.browser': [Object],
5274 silly install resolved       './static.browser': [Object]
5274 silly install resolved     },
5274 silly install resolved     license: 'MIT',
5274 silly install resolved     scripts: {},
5274 silly install resolved     version: '19.3.0',
5274 silly install resolved     _npmUser: { name: 'types', email: 'ts-npm-types@microsoft.com' },
5274 silly install resolved     homepage: 'https://github.com/DefinitelyTyped/DefinitelyTyped/tree/master/types/react-dom',
5274 silly install resolved     repository: {
5274 silly install resolved       url: 'git+https://github.com/DefinitelyTyped/DefinitelyTyped.git',
5274 silly install resolved       type: 'git',
5274 silly install resolved       directory: 'types/react-dom'
5274 silly install resolved     },
5274 silly install resolved     description: 'TypeScript definitions for react-dom',
5274 silly install resolved     directories: {},
5274 silly install resolved     maintainers: [ [Object] ],
5274 silly install resolved     _nodeVersion: '24.20.0',
5274 silly install resolved     contributors: [
5274 silly install resolved       [Object], [Object],
5274 silly install resolved       [Object], [Object],
5274 silly install resolved       [Object], [Object],
5274 silly install resolved       [Object]
5274 silly install resolved     ],
5274 silly install resolved     dependencies: {},
5274 silly install resolved     _hasShrinkwrap: false,
5274 silly install resolved     peerDependencies: { '@types/react': '^19.3.0' },
5274 silly install resolved     typeScriptVersion: '5.6',
5274 silly install resolved     _npmOperationalInternal: {
5274 silly install resolved       host: 's3://npm-registry-packages-npm-production',
5274 silly install resolved       tmp: 'tmp/react-dom_19.3.0_1788977271772_0.8048079603249982'
5274 silly install resolved     },
5274 silly install resolved     typesPublisherContentHash: '345e361651b67ba93e5757949902dbca94f299c8328b8d01937dc05b5e487d8f',
5274 silly install resolved     _shasum: '90294a9266efd928a5266f2110d60d5dba5015d2',
5274 silly install resolved     _resolved: 'https://registry.npmjs.org/@types/react-dom/-/react-dom-19.3.0.tgz',
5274 silly install resolved     _from: '@types/react-dom@*',
5274 silly install resolved     bugs: {
5274 silly install resolved       url: 'https://github.com/DefinitelyTyped/DefinitelyTyped/issues'
5274 silly install resolved     },
5274 silly install resolved     readme: 'ERROR: No README data found!'
5274 silly install resolved   }
5274 silly install resolved ]
5275 info install @types/react-dom@19.3.0 into /Users/hanna/Documents/PUMA/puma/node_modules/expo-router/node_modules/@radix-ui/react-tabs/node_modules/@radix-ui/react-roving-focus
5276 info installOne @types/react-dom@19.3.0
5277 verbose installOne of @types/react-dom to /Users/hanna/Documents/PUMA/puma/node_modules/expo-router/node_modules/@radix-ui/react-tabs/node_modules/@radix-ui/react-roving-focus not in flight; installing
5278 verbose correctMkdir /Users/hanna/.npm/_locks correctMkdir not in flight; initializing
5279 verbose lock using /Users/hanna/.npm/_locks/types-react-dom-a9cf65c273ebdef0.lock for /Users/hanna/Documents/PUMA/puma/node_modules/expo-router/node_modules/@radix-ui/react-tabs/node_modules/@radix-ui/react-roving-focus/node_modules/@types/react-dom
5280 silly install write writing @types/react-dom 19.3.0 to /Users/hanna/Documents/PUMA/puma/node_modules/expo-router/node_modules/@radix-ui/react-tabs/node_modules/@radix-ui/react-roving-focus/node_modules/@types/react-dom
5281 verbose unbuild node_modules/expo-router/node_modules/@radix-ui/react-tabs/node_modules/@radix-ui/react-roving-focus/node_modules/@types/react-dom
5282 silly gentlyRm /Users/hanna/Documents/PUMA/puma/node_modules/expo-router/node_modules/@radix-ui/react-tabs/node_modules/@radix-ui/react-roving-focus/node_modules/@types/react-dom is being purged from base /Users/hanna/Documents/PUMA/puma
5283 verbose gentlyRm don't care about contents; nuking /Users/hanna/Documents/PUMA/puma/node_modules/expo-router/node_modules/@radix-ui/react-tabs/node_modules/@radix-ui/react-roving-focus/node_modules/@types/react-dom
5284 verbose tar unpack /Users/hanna/.npm/@types/react-dom/19.3.0/package.tgz
5285 verbose tar unpacking to /Users/hanna/Documents/PUMA/puma/node_modules/expo-router/node_modules/@radix-ui/react-tabs/node_modules/@radix-ui/react-roving-focus/node_modules/@types/react-dom
5286 silly gentlyRm /Users/hanna/Documents/PUMA/puma/node_modules/expo-router/node_modules/@radix-ui/react-tabs/node_modules/@radix-ui/react-roving-focus/node_modules/@types/react-dom is being purged
5287 verbose gentlyRm don't care about contents; nuking /Users/hanna/Documents/PUMA/puma/node_modules/expo-router/node_modules/@radix-ui/react-tabs/node_modules/@radix-ui/react-roving-focus/node_modules/@types/react-dom
5288 silly gunzTarPerm modes [ '755', '644' ]
5289 silly gunzTarPerm extractEntry
5290 silly gunzTarPerm extractEntry
5291 silly gunzTarPerm extractEntry
5292 silly gunzTarPerm extractEntry
5293 silly gunzTarPerm extractEntry
5294 silly gunzTarPerm extractEntry
5295 silly gunzTarPerm extractEntry
5296 silly gunzTarPerm extractEntry
5297 silly gunzTarPerm extractEntry
5298 silly gunzTarPerm extractEntry
5299 silly gunzTarPerm extractEntry
5300 silly gunzTarPerm extractEntry
5301 silly gunzTarPerm extractEntry
5302 silly gunzTarPerm extractEntry
5303 silly gunzTarPerm extractEntry
5304 silly gunzTarPerm extractEntry
5305 silly gunzTarPerm extractEntry
5306 silly gunzTarPerm extractEntry
5307 silly gunzTarPerm extractEntry
5308 verbose unlock done using /Users/hanna/.npm/_locks/types-react-dom-a9cf65c273ebdef0.lock for /Users/hanna/Documents/PUMA/puma/node_modules/expo-router/node_modules/@radix-ui/react-tabs/node_modules/@radix-ui/react-roving-focus/node_modules/@types/react-dom
5309 verbose unlock done using /Users/hanna/.npm/_locks/radix-ui-react-collectio-ac908d02655143e7.lock for /Users/hanna/Documents/PUMA/puma/node_modules/expo-router/node_modules/@radix-ui/react-tabs/node_modules/@radix-ui/react-roving-focus/node_modules/@radix-ui/react-collection
5310 verbose about to build /Users/hanna/Documents/PUMA/puma/node_modules/expo-router/node_modules/@radix-ui/react-tabs/node_modules/@radix-ui/react-roving-focus
5311 verbose unlock done using /Users/hanna/.npm/_locks/radix-ui-react-roving-fo-623f2134d44bb144.lock for /Users/hanna/Documents/PUMA/puma/node_modules/expo-router/node_modules/@radix-ui/react-tabs/node_modules/@radix-ui/react-roving-focus
5312 verbose about to build /Users/hanna/Documents/PUMA/puma/node_modules/expo-router/node_modules/@radix-ui/react-tabs
5313 verbose unlock done using /Users/hanna/.npm/_locks/radix-ui-react-tabs-0cc9681d1c0898a1.lock for /Users/hanna/Documents/PUMA/puma/node_modules/expo-router/node_modules/@radix-ui/react-tabs
5314 verbose about to build /Users/hanna/Documents/PUMA/puma/node_modules/expo-router
5315 verbose unlock done using /Users/hanna/.npm/_locks/expo-router-cad9640acf74c5b9.lock for /Users/hanna/Documents/PUMA/puma/node_modules/expo-router
5316 verbose stack Error: ENOTDIR: not a directory, open '/Users/hanna/Documents/PUMA/puma/node_modules/expo-router/node_modules/@radix-ui/react-tabs/node_modules/@types/react-dom/package.json'
5317 verbose cwd /Users/hanna/Documents/PUMA/puma
5318 error Darwin 27.0.0
5319 error argv "/Users/hanna/.nvm/versions/node/v24.15.0/bin/node" "/Users/hanna/node_modules/.bin/npm" "install"
5320 error node v24.15.0
5321 error npm  v2.15.12
5322 error path /Users/hanna/Documents/PUMA/puma/node_modules/expo-router/node_modules/@radix-ui/react-tabs/node_modules/@types/react-dom/package.json
5323 error code ENOTDIR
5324 error errno -20
5325 error syscall open
5326 error ENOTDIR: not a directory, open '/Users/hanna/Documents/PUMA/puma/node_modules/expo-router/node_modules/@radix-ui/react-tabs/node_modules/@types/react-dom/package.json'
5327 error If you need help, you may report this error at:
5327 error     <https://github.com/npm/npm/issues>
5328 verbose exit [ -20, true ]
5329 verbose unbuild node_modules/expo-router/node_modules/@radix-ui/react-tabs/node_modules/@types/react-dom
5330 silly gentlyRm /Users/hanna/Documents/PUMA/puma/node_modules/expo-router/node_modules/@radix-ui/react-tabs/node_modules/@types/react-dom is being purged from base /Users/hanna/Documents/PUMA/puma
5331 verbose gentlyRm don't care about contents; nuking /Users/hanna/Documents/PUMA/puma/node_modules/expo-router/node_modules/@radix-ui/react-tabs/node_modules/@types/react-dom
5332 silly vacuum-fs purging /Users/hanna/Documents/PUMA/puma/node_modules/expo-router/node_modules/@radix-ui/react-tabs/node_modules/@types/react-dom
5333 silly vacuum-fs removing /Users/hanna/Documents/PUMA/puma/node_modules/expo-router/node_modules/@radix-ui/react-tabs/node_modules/@types
5334 silly vacuum-fs quitting because other entries in /Users/hanna/Documents/PUMA/puma/node_modules/expo-router/node_modules/@radix-ui/react-tabs/node_modules
5335 verbose unbuild node_modules/expo-router/node_modules/@radix-ui/react-tabs/node_modules/@radix-ui/react-primitive
5336 info preuninstall @radix-ui/react-primitive@2.1.10
5337 info uninstall @radix-ui/react-primitive@2.1.10
5338 verbose unbuild rmStuff @radix-ui/react-primitive@2.1.10 from /Users/hanna/Documents/PUMA/puma/node_modules
5339 verbose unbuild rmStuff in /Users/hanna/Documents/PUMA/puma/node_modules/expo-router/node_modules/@radix-ui/react-tabs/node_modules/@radix-ui
5340 info postuninstall @radix-ui/react-primitive@2.1.10
5341 silly gentlyRm /Users/hanna/Documents/PUMA/puma/node_modules/expo-router/node_modules/@radix-ui/react-tabs/node_modules/@radix-ui/react-primitive is being purged from base /Users/hanna/Documents/PUMA/puma
5342 verbose gentlyRm don't care about contents; nuking /Users/hanna/Documents/PUMA/puma/node_modules/expo-router/node_modules/@radix-ui/react-tabs/node_modules/@radix-ui/react-primitive
5343 silly vacuum-fs purging /Users/hanna/Documents/PUMA/puma/node_modules/expo-router/node_modules/@radix-ui/react-tabs/node_modules/@radix-ui/react-primitive
5344 silly vacuum-fs quitting because other entries in /Users/hanna/Documents/PUMA/puma/node_modules/expo-router/node_modules/@radix-ui/react-tabs/node_modules/@radix-ui
5345 verbose unbuild node_modules/expo-router/node_modules/@radix-ui/react-tabs/node_modules/@radix-ui/react-presence
5346 info preuninstall @radix-ui/react-presence@1.1.10
5347 info uninstall @radix-ui/react-presence@1.1.10
5348 verbose unbuild rmStuff @radix-ui/react-presence@1.1.10 from /Users/hanna/Documents/PUMA/puma/node_modules
5349 verbose unbuild rmStuff in /Users/hanna/Documents/PUMA/puma/node_modules/expo-router/node_modules/@radix-ui/react-tabs/node_modules/@radix-ui
5350 info postuninstall @radix-ui/react-presence@1.1.10
5351 silly gentlyRm /Users/hanna/Documents/PUMA/puma/node_modules/expo-router/node_modules/@radix-ui/react-tabs/node_modules/@radix-ui/react-presence is being purged from base /Users/hanna/Documents/PUMA/puma
5352 verbose gentlyRm don't care about contents; nuking /Users/hanna/Documents/PUMA/puma/node_modules/expo-router/node_modules/@radix-ui/react-tabs/node_modules/@radix-ui/react-presence
5353 silly vacuum-fs purging /Users/hanna/Documents/PUMA/puma/node_modules/expo-router/node_modules/@radix-ui/react-tabs/node_modules/@radix-ui/react-presence
5354 silly vacuum-fs quitting because other entries in /Users/hanna/Documents/PUMA/puma/node_modules/expo-router/node_modules/@radix-ui/react-tabs/node_modules/@radix-ui
5355 verbose unbuild node_modules/expo-router/node_modules/@radix-ui/react-tabs/node_modules/@radix-ui/react-roving-focus/node_modules/@types/react-dom
5356 silly gentlyRm /Users/hanna/Documents/PUMA/puma/node_modules/expo-router/node_modules/@radix-ui/react-tabs/node_modules/@radix-ui/react-roving-focus/node_modules/@types/react-dom is being purged from base /Users/hanna/Documents/PUMA/puma
5357 verbose gentlyRm don't care about contents; nuking /Users/hanna/Documents/PUMA/puma/node_modules/expo-router/node_modules/@radix-ui/react-tabs/node_modules/@radix-ui/react-roving-focus/node_modules/@types/react-dom
5358 silly vacuum-fs purging /Users/hanna/Documents/PUMA/puma/node_modules/expo-router/node_modules/@radix-ui/react-tabs/node_modules/@radix-ui/react-roving-focus/node_modules/@types/react-dom
5359 silly vacuum-fs removing /Users/hanna/Documents/PUMA/puma/node_modules/expo-router/node_modules/@radix-ui/react-tabs/node_modules/@radix-ui/react-roving-focus/node_modules/@types
5360 silly vacuum-fs quitting because other entries in /Users/hanna/Documents/PUMA/puma/node_modules/expo-router/node_modules/@radix-ui/react-tabs/node_modules/@radix-ui/react-roving-focus/node_modules
5361 verbose unbuild node_modules/expo-router/node_modules/@radix-ui/react-tabs/node_modules/@radix-ui/react-roving-focus/node_modules/@radix-ui/react-collection
5362 info preuninstall @radix-ui/react-collection@1.1.15
5363 info uninstall @radix-ui/react-collection@1.1.15
5364 verbose unbuild rmStuff @radix-ui/react-collection@1.1.15 from /Users/hanna/Documents/PUMA/puma/node_modules
5365 verbose unbuild rmStuff in /Users/hanna/Documents/PUMA/puma/node_modules/expo-router/node_modules/@radix-ui/react-tabs/node_modules/@radix-ui/react-roving-focus/node_modules/@radix-ui
5366 info postuninstall @radix-ui/react-collection@1.1.15
5367 silly gentlyRm /Users/hanna/Documents/PUMA/puma/node_modules/expo-router/node_modules/@radix-ui/react-tabs/node_modules/@radix-ui/react-roving-focus/node_modules/@radix-ui/react-collection is being purged from base /Users/hanna/Documents/PUMA/puma
5368 verbose gentlyRm don't care about contents; nuking /Users/hanna/Documents/PUMA/puma/node_modules/expo-router/node_modules/@radix-ui/react-tabs/node_modules/@radix-ui/react-roving-focus/node_modules/@radix-ui/react-collection
5369 silly vacuum-fs purging /Users/hanna/Documents/PUMA/puma/node_modules/expo-router/node_modules/@radix-ui/react-tabs/node_modules/@radix-ui/react-roving-focus/node_modules/@radix-ui/react-collection
5370 silly vacuum-fs quitting because other entries in /Users/hanna/Documents/PUMA/puma/node_modules/expo-router/node_modules/@radix-ui/react-tabs/node_modules/@radix-ui/react-roving-focus/node_modules/@radix-ui
5371 verbose unbuild node_modules/expo-router/node_modules/@radix-ui/react-tabs/node_modules/@radix-ui/react-roving-focus
5372 info preuninstall @radix-ui/react-roving-focus@1.1.19
5373 info uninstall @radix-ui/react-roving-focus@1.1.19
5374 verbose unbuild rmStuff @radix-ui/react-roving-focus@1.1.19 from /Users/hanna/Documents/PUMA/puma/node_modules
5375 verbose unbuild rmStuff in /Users/hanna/Documents/PUMA/puma/node_modules/expo-router/node_modules/@radix-ui/react-tabs/node_modules/@radix-ui
5376 info postuninstall @radix-ui/react-roving-focus@1.1.19
5377 silly gentlyRm /Users/hanna/Documents/PUMA/puma/node_modules/expo-router/node_modules/@radix-ui/react-tabs/node_modules/@radix-ui/react-roving-focus is being purged from base /Users/hanna/Documents/PUMA/puma
5378 verbose gentlyRm don't care about contents; nuking /Users/hanna/Documents/PUMA/puma/node_modules/expo-router/node_modules/@radix-ui/react-tabs/node_modules/@radix-ui/react-roving-focus
5379 silly vacuum-fs purging /Users/hanna/Documents/PUMA/puma/node_modules/expo-router/node_modules/@radix-ui/react-tabs/node_modules/@radix-ui/react-roving-focus
5380 silly vacuum-fs quitting because other entries in /Users/hanna/Documents/PUMA/puma/node_modules/expo-router/node_modules/@radix-ui/react-tabs/node_modules/@radix-ui
5381 verbose unbuild node_modules/expo-router/node_modules/@radix-ui/react-tabs
5382 info preuninstall @radix-ui/react-tabs@1.1.21
5383 info uninstall @radix-ui/react-tabs@1.1.21
5384 verbose unbuild rmStuff @radix-ui/react-tabs@1.1.21 from /Users/hanna/Documents/PUMA/puma/node_modules
5385 verbose unbuild rmStuff in /Users/hanna/Documents/PUMA/puma/node_modules/expo-router/node_modules/@radix-ui
5386 info postuninstall @radix-ui/react-tabs@1.1.21
5387 silly gentlyRm /Users/hanna/Documents/PUMA/puma/node_modules/expo-router/node_modules/@radix-ui/react-tabs is being purged from base /Users/hanna/Documents/PUMA/puma
5388 verbose gentlyRm don't care about contents; nuking /Users/hanna/Documents/PUMA/puma/node_modules/expo-router/node_modules/@radix-ui/react-tabs
5389 silly vacuum-fs purging /Users/hanna/Documents/PUMA/puma/node_modules/expo-router/node_modules/@radix-ui/react-tabs
5390 silly vacuum-fs removing /Users/hanna/Documents/PUMA/puma/node_modules/expo-router/node_modules/@radix-ui
5391 silly vacuum-fs quitting because other entries in /Users/hanna/Documents/PUMA/puma/node_modules/expo-router/node_modules
5392 verbose unbuild node_modules/expo-router
5393 info preuninstall expo-router@57.0.23
5394 info uninstall expo-router@57.0.23
5395 verbose unbuild rmStuff expo-router@57.0.23 from /Users/hanna/Documents/PUMA/puma/node_modules
5396 info postuninstall expo-router@57.0.23
5397 silly gentlyRm /Users/hanna/Documents/PUMA/puma/node_modules/expo-router is being purged from base /Users/hanna/Documents/PUMA/puma
5398 verbose gentlyRm don't care about contents; nuking /Users/hanna/Documents/PUMA/puma/node_modules/expo-router
5399 silly vacuum-fs purging /Users/hanna/Documents/PUMA/puma/node_modules/expo-router
5400 silly vacuum-fs quitting because other entries in /Users/hanna/Documents/PUMA/puma/node_modules
